ISO-10303-21;
HEADER;
FILE_DESCRIPTION (( 'STEP AP214' ),
    '1' );
FILE_NAME ('back-v0.STEP',
    '2026-09-05T22:57:54',
    ( '' ),
    ( '' ),
    'SwSTEP 2.0',
    'SolidWorks 2026',
    '' );
FILE_SCHEMA (( 'AUTOMOTIVE_DESIGN' ));
ENDSEC;

DATA;
#1 = DIRECTION ( 'NONE',  ( 1.000000000000000000, 0.000000000000000000, 0.000000000000000000 ) ) ;
#2 = VERTEX_POINT ( 'NONE', #1202 ) ;
#3 = ORIENTED_EDGE ( 'NONE', *, *, #1210, .F. ) ;
#4 = ORIENTED_EDGE ( 'NONE', *, *, #880, .T. ) ;
#5 = CARTESIAN_POINT ( 'NONE',  ( 36.21243556529822882, 2.400000000000005240, 0.000000000000000000 ) ) ;
#6 = DIRECTION ( 'NONE',  ( 0.000000000000000000, 0.000000000000000000, 1.000000000000000000 ) ) ;
#7 = ORIENTED_EDGE ( 'NONE', *, *, #861, .F. ) ;
#8 = DIRECTION ( 'NONE',  ( -1.000000000000000000, 0.000000000000000000, 0.000000000000000000 ) ) ;
#9 = ORIENTED_EDGE ( 'NONE', *, *, #1809, .F. ) ;
#10 = CARTESIAN_POINT ( 'NONE',  ( 32.50000000000000711, 56.00000000000000711, 2.000000000000000000 ) ) ;
#11 = FACE_OUTER_BOUND ( 'NONE', #1605, .T. ) ;
#12 = CARTESIAN_POINT ( 'NONE',  ( 7.424871130596424784, 55.49999999999999289, 2.799999999999999822 ) ) ;
#13 = CARTESIAN_POINT ( 'NONE',  ( 7.424871130596424784, 55.49999999999999289, 2.799999999999999822 ) ) ;
#14 = ORIENTED_EDGE ( 'NONE', *, *, #533, .T. ) ;
#15 = VECTOR ( 'NONE', #1306, 1000.000000000000000 ) ;
#16 =( GEOMETRIC_REPRESENTATION_CONTEXT ( 3 ) GLOBAL_UNCERTAINTY_ASSIGNED_CONTEXT ( ( #1699 ) ) GLOBAL_UNIT_ASSIGNED_CONTEXT ( ( #996, #965, #1261 ) ) REPRESENTATION_CONTEXT ( 'NONE', 'WORKASPACE' ) );
#17 =( LENGTH_UNIT ( ) NAMED_UNIT ( * ) SI_UNIT ( .MILLI., .METRE. ) );
#18 = EDGE_LOOP ( 'NONE', ( #894, #762, #1284, #1560, #512, #540 ) ) ;
#19 = DIRECTION ( 'NONE',  ( 1.000000000000000000, 1.387778780781445429E-16, 0.000000000000000000 ) ) ;
#20 = ORIENTED_EDGE ( 'NONE', *, *, #1542, .F. ) ;
#21 = VECTOR ( 'NONE', #1617, 1000.000000000000000 ) ;
#22 = CARTESIAN_POINT ( 'NONE',  ( 24.49999999999999645, 56.00000000000000711, 6.000000000000000000 ) ) ;
#23 = VECTOR ( 'NONE', #1434, 1000.000000000000000 ) ;
#24 = LINE ( 'NONE', #1552, #624 ) ;
#25 = ORIENTED_EDGE ( 'NONE', *, *, #613, .F. ) ;
#26 = ORIENTED_EDGE ( 'NONE', *, *, #1376, .T. ) ;
#27 = CARTESIAN_POINT ( 'NONE',  ( 5.000000000000007994, 55.50000000000000000, 6.000000000000000000 ) ) ;
#28 = EDGE_CURVE ( 'NONE', #287, #704, #794, .T. ) ;
#29 = DIRECTION ( 'NONE',  ( -1.000000000000000000, 3.398092544762633625E-15, 0.000000000000000000 ) ) ;
#30 = LINE ( 'NONE', #173, #389 ) ;
#31 = EDGE_CURVE ( 'NONE', #1682, #1194, #180, .T. ) ;
#32 = DIRECTION ( 'NONE',  ( 0.5000000000000011102, 0.8660254037844379305, 0.000000000000000000 ) ) ;
#33 = EDGE_CURVE ( 'NONE', #696, #1342, #301, .T. ) ;
#34 = FACE_OUTER_BOUND ( 'NONE', #783, .T. ) ;
#35 = PLANE ( 'NONE',  #1004 ) ;
#36 = EDGE_CURVE ( 'NONE', #829, #785, #479, .T. ) ;
#37 = FACE_OUTER_BOUND ( 'NONE', #1313, .T. ) ;
#38 = CARTESIAN_POINT ( 'NONE',  ( 0.000000000000000000, 0.000000000000000000, 0.4142135623730949789 ) ) ;
#39 = DIRECTION ( 'NONE',  ( -1.000000000000000000, 0.000000000000000000, -0.000000000000000000 ) ) ;
#40 = EDGE_CURVE ( 'NONE', #1710, #1244, #1433, .T. ) ;
#41 = DIRECTION ( 'NONE',  ( -0.5000000000000008882, 0.8660254037844380415, 0.000000000000000000 ) ) ;
#42 = DIRECTION ( 'NONE',  ( -1.000000000000000000, 3.398092544762633625E-15, 0.000000000000000000 ) ) ;
#43 = DIRECTION ( 'NONE',  ( -0.000000000000000000, -0.000000000000000000, 1.000000000000000000 ) ) ;
#44 = AXIS2_PLACEMENT_3D ( 'NONE', #891, #56, #488 ) ;
#45 = EDGE_LOOP ( 'NONE', ( #4, #845, #639, #686 ) ) ;
#46 = DIRECTION ( 'NONE',  ( -0.000000000000000000, -0.000000000000000000, -1.000000000000000000 ) ) ;
#47 = DIRECTION ( 'NONE',  ( -0.5000000000000003331, 0.8660254037844384856, 0.000000000000000000 ) ) ;
#48 = CARTESIAN_POINT ( 'NONE',  ( 33.78756443470178539, 6.600000000000005862, 0.000000000000000000 ) ) ;
#49 = CARTESIAN_POINT ( 'NONE',  ( 32.57512886940357077, 55.49999999999999289, 2.799999999999999822 ) ) ;
#50 = CARTESIAN_POINT ( 'NONE',  ( 6.212435565298210172, 57.60000000000000142, 0.000000000000000000 ) ) ;
#51 = VECTOR ( 'NONE', #384, 1000.000000000000000 ) ;
#52 = ORIENTED_EDGE ( 'NONE', *, *, #1175, .T. ) ;
#53 = LINE ( 'NONE', #877, #615 ) ;
#54 = DIRECTION ( 'NONE',  ( -0.5000000000000011102, -0.8660254037844379305, 0.000000000000000000 ) ) ;
#55 = LINE ( 'NONE', #344, #952 ) ;
#56 = DIRECTION ( 'NONE',  ( 0.000000000000000000, -1.000000000000000000, 0.000000000000000000 ) ) ;
#57 = VERTEX_POINT ( 'NONE', #453 ) ;
#58 = CARTESIAN_POINT ( 'NONE',  ( 5.000000000000007994, 4.500000000000003553, 0.000000000000000000 ) ) ;
#59 = DIRECTION ( 'NONE',  ( -0.4999999999999996669, -0.8660254037844388186, 0.000000000000000000 ) ) ;
#60 = LINE ( 'NONE', #895, #1316 ) ;
#61 = VECTOR ( 'NONE', #632, 1000.000000000000000 ) ;
#62 = AXIS2_PLACEMENT_3D ( 'NONE', #1036, #518, #386 ) ;
#63 = ORIENTED_EDGE ( 'NONE', *, *, #868, .F. ) ;
#64 = CARTESIAN_POINT ( 'NONE',  ( 7.424871130596423896, 4.500000000000003553, 2.799999999999999822 ) ) ;
#65 = DIRECTION ( 'NONE',  ( -1.000000000000000000, 0.000000000000000000, 0.000000000000000000 ) ) ;
#66 = VECTOR ( 'NONE', #54, 1000.000000000000114 ) ;
#67 = FACE_OUTER_BOUND ( 'NONE', #1332, .T. ) ;
#68 = CARTESIAN_POINT ( 'NONE',  ( 36.21243556529824303, 57.60000000000000142, 2.799999999999999822 ) ) ;
#69 = ADVANCED_FACE ( 'NONE', ( #193 ), #1299, .F. ) ;
#70 = LINE ( 'NONE', #510, #418 ) ;
#71 = CARTESIAN_POINT ( 'NONE',  ( 3.787564434701790272, 2.400000000000020339, 2.799999999999999822 ) ) ;
#72 = ADVANCED_FACE ( 'NONE', ( #1033 ), #1451, .F. ) ;
#73 = ORIENTED_EDGE ( 'NONE', *, *, #1798, .F. ) ;
#74 = LINE ( 'NONE', #1186, #1239 ) ;
#75 = ORIENTED_EDGE ( 'NONE', *, *, #1732, .F. ) ;
#76 = PLANE ( 'NONE',  #247 ) ;
#77 = LINE ( 'NONE', #186, #1737 ) ;
#78 = DIRECTION ( 'NONE',  ( 0.5000000000000011102, 0.8660254037844379305, 0.000000000000000000 ) ) ;
#79 = ORIENTED_EDGE ( 'NONE', *, *, #673, .T. ) ;
#80 = VERTEX_POINT ( 'NONE', #1181 ) ;
#81 = CARTESIAN_POINT ( 'NONE',  ( -1.023486850826315870E-14, 59.00000000000000000, 0.000000000000000000 ) ) ;
#82 = DIRECTION ( 'NONE',  ( -0.000000000000000000, -0.000000000000000000, -1.000000000000000000 ) ) ;
#83 = ORIENTED_EDGE ( 'NONE', *, *, #888, .F. ) ;
#84 = CARTESIAN_POINT ( 'NONE',  ( 3.850000000000008971, 55.50000000000000000, 2.799999999999999822 ) ) ;
#85 = EDGE_CURVE ( 'NONE', #807, #1643, #466, .T. ) ;
#86 = VECTOR ( 'NONE', #742, 1000.000000000000000 ) ;
#87 = DIRECTION ( 'NONE',  ( -1.000000000000000000, -1.734723475976806848E-16, 0.000000000000000000 ) ) ;
#88 = DIRECTION ( 'NONE',  ( 0.000000000000000000, 0.000000000000000000, 1.000000000000000000 ) ) ;
#89 = ORIENTED_EDGE ( 'NONE', *, *, #1134, .T. ) ;
#90 = CARTESIAN_POINT ( 'NONE',  ( 0.000000000000000000, 0.000000000000000000, 6.000000000000000000 ) ) ;
#91 = VERTEX_POINT ( 'NONE', #1476 ) ;
#92 = EDGE_LOOP ( 'NONE', ( #169, #1250, #1169, #1445 ) ) ;
#93 = FACE_BOUND ( 'NONE', #1363, .T. ) ;
#94 = ORIENTED_EDGE ( 'NONE', *, *, #1447, .T. ) ;
#95 = ORIENTED_EDGE ( 'NONE', *, *, #1141, .T. ) ;
#96 = EDGE_CURVE ( 'NONE', #633, #439, #1285, .T. ) ;
#97 = AXIS2_PLACEMENT_3D ( 'NONE', #1482, #1179, #910 ) ;
#98 = CARTESIAN_POINT ( 'NONE',  ( 0.4142135623730951455, 59.58578643762690774, -1.076072228735579641E-16 ) ) ;
#99 = CARTESIAN_POINT ( 'NONE',  ( 1.000000000000000000, 59.00000000000000000, 0.000000000000000000 ) ) ;
#100 = AXIS2_PLACEMENT_3D ( 'NONE', #856, #1283, #718 ) ;
#101 = CARTESIAN_POINT ( 'NONE',  ( 22.50000000000001421, 2.000000000000000000, 2.000000000000000000 ) ) ;
#102 = CARTESIAN_POINT ( 'NONE',  ( 39.00000000000000000, 1.000000000000004885, 0.000000000000000000 ) ) ;
#103 = VECTOR ( 'NONE', #1693, 1000.000000000000000 ) ;
#104 = EDGE_LOOP ( 'NONE', ( #25, #1083, #1705, #206 ) ) ;
#105 = EDGE_CURVE ( 'NONE', #1342, #696, #903, .T. ) ;
#106 = LINE ( 'NONE', #1481, #914 ) ;
#107 = ORIENTED_EDGE ( 'NONE', *, *, #204, .T. ) ;
#108 = ORIENTED_EDGE ( 'NONE', *, *, #613, .T. ) ;
#109 = EDGE_CURVE ( 'NONE', #563, #502, #1722, .T. ) ;
#110 = LINE ( 'NONE', #1524, #713 ) ;
#111 = DIRECTION ( 'NONE',  ( 1.000000000000000000, 0.000000000000000000, -0.000000000000000000 ) ) ;
#112 = ADVANCED_FACE ( 'NONE', ( #67 ), #1750, .F. ) ;
#113 = CARTESIAN_POINT ( 'NONE',  ( 33.85000000000000853, 55.50000000000000000, 0.000000000000000000 ) ) ;
#114 = LINE ( 'NONE', #647, #1608 ) ;
#115 = ORIENTED_EDGE ( 'NONE', *, *, #1409, .T. ) ;
#116 = EDGE_LOOP ( 'NONE', ( #582, #107, #768, #1067 ) ) ;
#117 = ORIENTED_EDGE ( 'NONE', *, *, #1770, .T. ) ;
#118 = ORIENTED_EDGE ( 'NONE', *, *, #1588, .F. ) ;
#119 = DIRECTION ( 'NONE',  ( 0.4999999999999990563, 0.8660254037844391517, 0.000000000000000000 ) ) ;
#120 = VECTOR ( 'NONE', #951, 1000.000000000000000 ) ;
#121 = DIRECTION ( 'NONE',  ( -0.000000000000000000, -0.000000000000000000, 1.000000000000000000 ) ) ;
#122 = ADVANCED_BREP_SHAPE_REPRESENTATION ( 'back-v0', ( #662, #1317 ), #16 ) ;
#123 = ADVANCED_FACE ( 'NONE', ( #1329 ), #1308, .F. ) ;
#124 = CARTESIAN_POINT ( 'NONE',  ( 7.424871130596424784, 55.49999999999999289, 0.000000000000000000 ) ) ;
#125 = ORIENTED_EDGE ( 'NONE', *, *, #1780, .F. ) ;
#126 = ORIENTED_EDGE ( 'NONE', *, *, #1526, .T. ) ;
#127 = ORIENTED_EDGE ( 'NONE', *, *, #1620, .T. ) ;
#128 = LINE ( 'NONE', #1383, #1711 ) ;
#129 = ORIENTED_EDGE ( 'NONE', *, *, #1422, .F. ) ;
#130 = CARTESIAN_POINT ( 'NONE',  ( 32.50000000000000711, 56.00000000000000711, 6.000000000000000000 ) ) ;
#131 = DIRECTION ( 'NONE',  ( 1.000000000000000000, 0.000000000000000000, 0.000000000000000000 ) ) ;
#132 = VECTOR ( 'NONE', #614, 1000.000000000000114 ) ;
#133 = VERTEX_POINT ( 'NONE', #356 ) ;
#134 = AXIS2_PLACEMENT_3D ( 'NONE', #515, #1199, #367 ) ;
#135 = LINE ( 'NONE', #688, #175 ) ;
#136 = ORIENTED_EDGE ( 'NONE', *, *, #171, .T. ) ;
#137 = LINE ( 'NONE', #1103, #1564 ) ;
#138 = AXIS2_PLACEMENT_3D ( 'NONE', #1492, #1565, #997 ) ;
#139 = ORIENTED_EDGE ( 'NONE', *, *, #1576, .F. ) ;
#140 = EDGE_CURVE ( 'NONE', #646, #1009, #597, .T. ) ;
#141 = CARTESIAN_POINT ( 'NONE',  ( 39.00000000000000000, 59.00000000000000711, 0.000000000000000000 ) ) ;
#142 = DIRECTION ( 'NONE',  ( -0.5000000000000008882, 0.8660254037844380415, 0.000000000000000000 ) ) ;
#143 = ORIENTED_EDGE ( 'NONE', *, *, #1411, .T. ) ;
#144 = ORIENTED_EDGE ( 'NONE', *, *, #1171, .T. ) ;
#145 = ORIENTED_EDGE ( 'NONE', *, *, #1703, .F. ) ;
#146 = ORIENTED_EDGE ( 'NONE', *, *, #223, .T. ) ;
#147 = DIRECTION ( 'NONE',  ( 0.4999999999999996669, 0.8660254037844388186, 0.000000000000000000 ) ) ;
#148 = PLANE ( 'NONE',  #366 ) ;
#149 = ORIENTED_EDGE ( 'NONE', *, *, #811, .T. ) ;
#150 = MECHANICAL_DESIGN_GEOMETRIC_PRESENTATION_REPRESENTATION (  '', ( #1789 ), #1304 ) ;
#151 = CARTESIAN_POINT ( 'NONE',  ( 0.000000000000000000, 60.00000000000000000, 6.000000000000000000 ) ) ;
#152 = VECTOR ( 'NONE', #1045, 1000.000000000000000 ) ;
#153 = ORIENTED_EDGE ( 'NONE', *, *, #811, .F. ) ;
#154 = CARTESIAN_POINT ( 'NONE',  ( 2.575128869403592535, 4.500000000000021316, 2.799999999999999822 ) ) ;
#155 = DIRECTION ( 'NONE',  ( -0.000000000000000000, -1.000000000000000000, -0.000000000000000000 ) ) ;
#156 = EDGE_CURVE ( 'NONE', #1156, #1231, #77, .T. ) ;
#157 = CARTESIAN_POINT ( 'NONE',  ( 33.78756443470178539, 53.39999999999999858, 0.000000000000000000 ) ) ;
#158 = VERTEX_POINT ( 'NONE', #636 ) ;
#159 = EDGE_LOOP ( 'NONE', ( #1241, #822, #995, #1660 ) ) ;
#160 = EDGE_CURVE ( 'NONE', #1009, #1624, #1717, .T. ) ;
#161 = CARTESIAN_POINT ( 'NONE',  ( 7.424871130596423896, 4.500000000000003553, 2.799999999999999822 ) ) ;
#162 = EDGE_LOOP ( 'NONE', ( #1394, #638, #410, #1128 ) ) ;
#163 = CARTESIAN_POINT ( 'NONE',  ( 2.575128869403585874, 55.50000000000000000, 2.799999999999999822 ) ) ;
#164 = EDGE_CURVE ( 'NONE', #1235, #719, #1582, .T. ) ;
#165 = EDGE_CURVE ( 'NONE', #821, #1678, #1442, .T. ) ;
#166 = AXIS2_PLACEMENT_3D ( 'NONE', #296, #1396, #1257 ) ;
#167 = CARTESIAN_POINT ( 'NONE',  ( 22.50000000000001421, 2.000000000000000000, 6.000000000000000000 ) ) ;
#168 = DIRECTION ( 'NONE',  ( -0.000000000000000000, -1.000000000000000000, 0.000000000000000000 ) ) ;
#169 = ORIENTED_EDGE ( 'NONE', *, *, #31, .T. ) ;
#170 = ORIENTED_EDGE ( 'NONE', *, *, #1422, .T. ) ;
#171 = EDGE_CURVE ( 'NONE', #439, #633, #766, .T. ) ;
#172 = CARTESIAN_POINT ( 'NONE',  ( 6.212435565298212836, 53.40000000000000568, 0.000000000000000000 ) ) ;
#173 = CARTESIAN_POINT ( 'NONE',  ( 15.49999999999999822, 56.00000000000000711, 6.000000000000000000 ) ) ;
#174 = DIRECTION ( 'NONE',  ( -1.000000000000000000, -1.224646799147353454E-16, 0.000000000000000000 ) ) ;
#175 = VECTOR ( 'NONE', #1642, 1000.000000000000000 ) ;
#176 = PLANE ( 'NONE',  #216 ) ;
#177 = DIRECTION ( 'NONE',  ( -0.5000000000000003331, 0.8660254037844384856, 0.000000000000000000 ) ) ;
#178 = DIRECTION ( 'NONE',  ( -0.000000000000000000, -0.000000000000000000, 1.000000000000000000 ) ) ;
#179 = ORIENTED_EDGE ( 'NONE', *, *, #1725, .F. ) ;
#180 = LINE ( 'NONE', #616, #1792 ) ;
#181 = PRODUCT_DEFINITION_FORMATION_WITH_SPECIFIED_SOURCE ( 'ANY', '', #1630, .NOT_KNOWN. ) ;
#182 = DIRECTION ( 'NONE',  ( 0.000000000000000000, -0.000000000000000000, 1.000000000000000000 ) ) ;
#183 = CARTESIAN_POINT ( 'NONE',  ( 1.000000000000000000, 0.000000000000000000, 0.000000000000000000 ) ) ;
#184 = PLANE ( 'NONE',  #218 ) ;
#185 = CARTESIAN_POINT ( 'NONE',  ( 36.15000000000000568, 4.500000000000003553, 6.000000000000000000 ) ) ;
#186 = CARTESIAN_POINT ( 'NONE',  ( 32.50000000000000711, 56.00000000000000711, 6.000000000000000000 ) ) ;
#187 = EDGE_LOOP ( 'NONE', ( #1065, #989, #550, #26 ) ) ;
#188 = CARTESIAN_POINT ( 'NONE',  ( 6.212435565298210172, 57.60000000000000142, 2.799999999999999822 ) ) ;
#189 = ORIENTED_EDGE ( 'NONE', *, *, #911, .T. ) ;
#190 = LINE ( 'NONE', #776, #1166 ) ;
#191 = DIRECTION ( 'NONE',  ( -1.000000000000000000, 0.000000000000000000, 0.000000000000000000 ) ) ;
#192 = DIRECTION ( 'NONE',  ( 1.000000000000000000, 0.000000000000000000, 0.000000000000000000 ) ) ;
#193 = FACE_OUTER_BOUND ( 'NONE', #387, .T. ) ;
#194 = ORIENTED_EDGE ( 'NONE', *, *, #1132, .F. ) ;
#195 = DIRECTION ( 'NONE',  ( 0.4999999999999993894, -0.8660254037844389297, 0.000000000000000000 ) ) ;
#196 = ORIENTED_EDGE ( 'NONE', *, *, #528, .F. ) ;
#197 = VECTOR ( 'NONE', #544, 1000.000000000000000 ) ;
#198 = CARTESIAN_POINT ( 'NONE',  ( 33.78756443470179249, 57.60000000000000142, 2.799999999999999822 ) ) ;
#199 = ORIENTED_EDGE ( 'NONE', *, *, #630, .F. ) ;
#200 = CARTESIAN_POINT ( 'NONE',  ( 3.787564434701798266, 57.60000000000000142, 2.799999999999999822 ) ) ;
#201 = AXIS2_PLACEMENT_3D ( 'NONE', #627, #336, #733 ) ;
#202 = DIRECTION ( 'NONE',  ( 0.000000000000000000, -1.000000000000000000, 0.000000000000000000 ) ) ;
#203 = ADVANCED_FACE ( 'NONE', ( #229 ), #1055, .F. ) ;
#204 = EDGE_CURVE ( 'NONE', #1755, #1696, #1793, .T. ) ;
#205 = DIRECTION ( 'NONE',  ( -0.000000000000000000, -0.000000000000000000, 1.000000000000000000 ) ) ;
#206 = ORIENTED_EDGE ( 'NONE', *, *, #1307, .F. ) ;
#207 = DIRECTION ( 'NONE',  ( -0.000000000000000000, -0.000000000000000000, 1.000000000000000000 ) ) ;
#208 = ADVANCED_FACE ( 'NONE', ( #263 ), #781, .T. ) ;
#209 = ORIENTED_EDGE ( 'NONE', *, *, #724, .F. ) ;
#210 = CARTESIAN_POINT ( 'NONE',  ( 2.575128869403585874, 55.50000000000000000, 2.799999999999999822 ) ) ;
#211 = FACE_BOUND ( 'NONE', #220, .T. ) ;
#212 = AXIS2_PLACEMENT_3D ( 'NONE', #1604, #1030, #622 ) ;
#213 = ORIENTED_EDGE ( 'NONE', *, *, #596, .T. ) ;
#214 = EDGE_CURVE ( 'NONE', #1148, #646, #374, .T. ) ;
#215 = DIRECTION ( 'NONE',  ( -0.000000000000000000, -0.000000000000000000, -1.000000000000000000 ) ) ;
#216 = AXIS2_PLACEMENT_3D ( 'NONE', #442, #294, #182 ) ;
#217 = FACE_OUTER_BOUND ( 'NONE', #1080, .T. ) ;
#218 = AXIS2_PLACEMENT_3D ( 'NONE', #1327, #1297, #908 ) ;
#219 = CARTESIAN_POINT ( 'NONE',  ( 35.00000000000000711, 55.50000000000000000, 2.799999999999999822 ) ) ;
#220 = EDGE_LOOP ( 'NONE', ( #1657, #126 ) ) ;
#221 = CARTESIAN_POINT ( 'NONE',  ( 32.57512886940357077, 55.49999999999999289, 2.799999999999999822 ) ) ;
#222 = EDGE_LOOP ( 'NONE', ( #1058, #527 ) ) ;
#223 = EDGE_CURVE ( 'NONE', #548, #1321, #383, .T. ) ;
#224 = DIRECTION ( 'NONE',  ( 0.5000000000000072164, 0.8660254037844344888, 0.000000000000000000 ) ) ;
#225 = PLANE ( 'NONE',  #97 ) ;
#226 = EDGE_LOOP ( 'NONE', ( #987, #1124 ) ) ;
#227 = FACE_OUTER_BOUND ( 'NONE', #1691, .T. ) ;
#228 = CARTESIAN_POINT ( 'NONE',  ( 1.734723475976806848E-16, 59.00000000000000000, 1.000000000000000000 ) ) ;
#229 = FACE_OUTER_BOUND ( 'NONE', #1038, .T. ) ;
#230 = ORIENTED_EDGE ( 'NONE', *, *, #243, .F. ) ;
#231 = LINE ( 'NONE', #90, #120 ) ;
#232 = EDGE_CURVE ( 'NONE', #836, #966, #1713, .T. ) ;
#233 = ORIENTED_EDGE ( 'NONE', *, *, #1129, .F. ) ;
#234 = VERTEX_POINT ( 'NONE', #1654 ) ;
#235 = CARTESIAN_POINT ( 'NONE',  ( 37.42487113059645054, 55.50000000000000000, 2.799999999999999822 ) ) ;
#236 = ORIENTED_EDGE ( 'NONE', *, *, #861, .T. ) ;
#237 = LINE ( 'NONE', #787, #862 ) ;
#238 = DIRECTION ( 'NONE',  ( 1.275531967630005245E-16, -1.000000000000000000, 0.000000000000000000 ) ) ;
#239 = ADVANCED_FACE ( 'NONE', ( #950 ), #1506, .F. ) ;
#240 = CARTESIAN_POINT ( 'NONE',  ( 6.212435565298240370, 6.599999999999979217, 2.799999999999999822 ) ) ;
#241 = ORIENTED_EDGE ( 'NONE', *, *, #551, .T. ) ;
#242 = CARTESIAN_POINT ( 'NONE',  ( 7.500000000000011546, 2.000000000000000000, 6.000000000000000000 ) ) ;
#243 = EDGE_CURVE ( 'NONE', #1342, #633, #394, .T. ) ;
#244 = ORIENTED_EDGE ( 'NONE', *, *, #411, .F. ) ;
#245 = DIRECTION ( 'NONE',  ( 0.000000000000000000, 1.000000000000000000, 0.000000000000000000 ) ) ;
#246 = ORIENTED_EDGE ( 'NONE', *, *, #1514, .T. ) ;
#247 = AXIS2_PLACEMENT_3D ( 'NONE', #890, #1189, #1759 ) ;
#248 = DIRECTION ( 'NONE',  ( 0.5000000000000002220, -0.8660254037844384856, 0.000000000000000000 ) ) ;
#249 = AXIS2_PLACEMENT_3D ( 'NONE', #1343, #955, #1353 ) ;
#250 = EDGE_CURVE ( 'NONE', #1231, #944, #1641, .T. ) ;
#251 = DIRECTION ( 'NONE',  ( -0.000000000000000000, -0.000000000000000000, 1.000000000000000000 ) ) ;
#252 = EDGE_CURVE ( 'NONE', #1664, #1148, #1191, .T. ) ;
#253 = AXIS2_PLACEMENT_3D ( 'NONE', #601, #1158, #191 ) ;
#254 = DIRECTION ( 'NONE',  ( -0.000000000000000000, -0.000000000000000000, 1.000000000000000000 ) ) ;
#255 = DIRECTION ( 'NONE',  ( 0.000000000000000000, 0.000000000000000000, 1.000000000000000000 ) ) ;
#256 = VECTOR ( 'NONE', #1557, 1000.000000000000000 ) ;
#257 = VERTEX_POINT ( 'NONE', #1771 ) ;
#258 = DIRECTION ( 'NONE',  ( -0.000000000000000000, -0.000000000000000000, -1.000000000000000000 ) ) ;
#259 = ORIENTED_EDGE ( 'NONE', *, *, #611, .F. ) ;
#260 = CARTESIAN_POINT ( 'NONE',  ( 3.787564434701798266, 57.60000000000000142, 0.000000000000000000 ) ) ;
#261 = EDGE_CURVE ( 'NONE', #743, #400, #1631, .T. ) ;
#262 = CARTESIAN_POINT ( 'NONE',  ( 35.00000000000000711, 4.500000000000003553, 0.000000000000000000 ) ) ;
#263 = FACE_OUTER_BOUND ( 'NONE', #838, .T. ) ;
#264 = DIRECTION ( 'NONE',  ( 0.000000000000000000, -1.000000000000000000, 0.000000000000000000 ) ) ;
#265 = ORIENTED_EDGE ( 'NONE', *, *, #1437, .F. ) ;
#266 = DIRECTION ( 'NONE',  ( 1.000000000000000000, 0.000000000000000000, 0.000000000000000000 ) ) ;
#267 = ORIENTED_EDGE ( 'NONE', *, *, #1732, .T. ) ;
#268 = VERTEX_POINT ( 'NONE', #240 ) ;
#269 = DIRECTION ( 'NONE',  ( 0.000000000000000000, 1.000000000000000000, 0.000000000000000000 ) ) ;
#270 = VECTOR ( 'NONE', #121, 1000.000000000000000 ) ;
#271 = LINE ( 'NONE', #824, #519 ) ;
#272 = DIRECTION ( 'NONE',  ( 0.8660254037844390407, 0.4999999999999994449, -0.000000000000000000 ) ) ;
#273 = ADVANCED_FACE ( 'NONE', ( #790 ), #1211, .T. ) ;
#274 = EDGE_LOOP ( 'NONE', ( #115, #145, #83, #1523 ) ) ;
#275 = DIRECTION ( 'NONE',  ( -0.000000000000000000, -0.000000000000000000, 1.000000000000000000 ) ) ;
#276 = ORIENTED_EDGE ( 'NONE', *, *, #1447, .F. ) ;
#277 = DIRECTION ( 'NONE',  ( -0.000000000000000000, -0.000000000000000000, -1.000000000000000000 ) ) ;
#278 = CARTESIAN_POINT ( 'NONE',  ( 33.85000000000000853, 4.500000000000003553, 2.799999999999999822 ) ) ;
#279 = ORIENTED_EDGE ( 'NONE', *, *, #880, .F. ) ;
#280 = ORIENTED_EDGE ( 'NONE', *, *, #1125, .F. ) ;
#281 = LINE ( 'NONE', #1412, #640 ) ;
#282 = EDGE_LOOP ( 'NONE', ( #413, #1477, #1026, #1544 ) ) ;
#283 = DIRECTION ( 'NONE',  ( 1.000000000000000000, 0.000000000000000000, 0.000000000000000000 ) ) ;
#284 = AXIS2_PLACEMENT_3D ( 'NONE', #571, #1403, #578 ) ;
#286 = ORIENTED_EDGE ( 'NONE', *, *, #1314, .F. ) ;
#285 = ADVANCED_FACE ( 'NONE', ( #34 ), #1119, .F. ) ;
#287 = VERTEX_POINT ( 'NONE', #1008 ) ;
#288 = CARTESIAN_POINT ( 'NONE',  ( 22.50000000000001421, 15.20000000000000284, 2.000000000000000000 ) ) ;
#289 = DIRECTION ( 'NONE',  ( 0.000000000000000000, 0.000000000000000000, -1.000000000000000000 ) ) ;
#290 = ORIENTED_EDGE ( 'NONE', *, *, #1237, .T. ) ;
#291 = DIRECTION ( 'NONE',  ( -0.5000000000000011102, -0.8660254037844379305, 0.000000000000000000 ) ) ;
#292 = VERTEX_POINT ( 'NONE', #305 ) ;
#293 = ADVANCED_FACE ( 'NONE', ( #1562 ), #1014, .F. ) ;
#294 = DIRECTION ( 'NONE',  ( 0.000000000000000000, 1.000000000000000000, 0.000000000000000000 ) ) ;
#295 = CARTESIAN_POINT ( 'NONE',  ( 0.000000000000000000, 0.000000000000000000, 3.000000000000000000 ) ) ;
#296 = CARTESIAN_POINT ( 'NONE',  ( 0.000000000000000000, 60.00000000000000000, 6.000000000000000000 ) ) ;
#297 = ORIENTED_EDGE ( 'NONE', *, *, #1516, .T. ) ;
#298 = VECTOR ( 'NONE', #1212, 1000.000000000000000 ) ;
#299 = ADVANCED_FACE ( 'NONE', ( #853 ), #176, .F. ) ;
#300 = SURFACE_SIDE_STYLE ('',( #565 ) ) ;
#301 = CIRCLE ( 'NONE', #1160, 1.149999999999998135 ) ;
#302 = ADVANCED_FACE ( 'NONE', ( #1685 ), #1280, .F. ) ;
#303 = ORIENTED_EDGE ( 'NONE', *, *, #1652, .F. ) ;
#304 = EDGE_CURVE ( 'NONE', #933, #671, #1414, .T. ) ;
#305 = CARTESIAN_POINT ( 'NONE',  ( 22.50000000000001421, 15.20000000000000284, 6.000000000000000000 ) ) ;
#306 = DIRECTION ( 'NONE',  ( -1.000000000000000000, -1.734723475976807094E-16, -0.000000000000000000 ) ) ;
#307 = CARTESIAN_POINT ( 'NONE',  ( 7.424871130596423896, 4.500000000000003553, 2.799999999999999822 ) ) ;
#308 = ORIENTED_EDGE ( 'NONE', *, *, #1039, .F. ) ;
#309 = ORIENTED_EDGE ( 'NONE', *, *, #800, .T. ) ;
#310 = EDGE_CURVE ( 'NONE', #1270, #658, #1002, .T. ) ;
#311 = ORIENTED_EDGE ( 'NONE', *, *, #40, .T. ) ;
#312 = VECTOR ( 'NONE', #926, 1000.000000000000114 ) ;
#313 = DIRECTION ( 'NONE',  ( 0.000000000000000000, 0.000000000000000000, -1.000000000000000000 ) ) ;
#314 = VECTOR ( 'NONE', #119, 1000.000000000000000 ) ;
#315 = LINE ( 'NONE', #1694, #446 ) ;
#316 = CARTESIAN_POINT ( 'NONE',  ( 36.21243556529822882, 6.600000000000005862, 0.000000000000000000 ) ) ;
#317 = ORIENTED_EDGE ( 'NONE', *, *, #1402, .T. ) ;
#318 = LINE ( 'NONE', #163, #887 ) ;
#319 = LINE ( 'NONE', #288, #1586 ) ;
#320 = CARTESIAN_POINT ( 'NONE',  ( 35.00000000000000711, 4.500000000000003553, 2.799999999999999822 ) ) ;
#321 = ORIENTED_EDGE ( 'NONE', *, *, #475, .T. ) ;
#322 = PRESENTATION_LAYER_ASSIGNMENT (  '', '', ( #1789 ) ) ;
#323 = CARTESIAN_POINT ( 'NONE',  ( 3.787564434701799598, 53.40000000000000568, 2.799999999999999822 ) ) ;
#324 = DIRECTION ( 'NONE',  ( -0.000000000000000000, -0.000000000000000000, -1.000000000000000000 ) ) ;
#325 = CARTESIAN_POINT ( 'NONE',  ( 17.50000000000001066, 2.000000000000000000, 2.000000000000000000 ) ) ;
#326 = CARTESIAN_POINT ( 'NONE',  ( 24.49999999999999645, 60.00000000000000000, 3.000000000000000000 ) ) ;
#327 = CARTESIAN_POINT ( 'NONE',  ( 6.212435565298212836, 53.40000000000000568, 2.799999999999999822 ) ) ;
#328 = VECTOR ( 'NONE', #59, 1000.000000000000114 ) ;
#329 = ORIENTED_EDGE ( 'NONE', *, *, #1522, .F. ) ;
#330 = DIRECTION ( 'NONE',  ( 0.8660254037844393737, 0.4999999999999988343, -0.000000000000000000 ) ) ;
#331 = CARTESIAN_POINT ( 'NONE',  ( 0.000000000000000000, 0.000000000000000000, 2.799999999999999822 ) ) ;
#332 = AXIS2_PLACEMENT_3D ( 'NONE', #1736, #1016, #1720 ) ;
#333 = DIRECTION ( 'NONE',  ( -0.000000000000000000, -0.000000000000000000, -1.000000000000000000 ) ) ;
#334 = AXIS2_PLACEMENT_3D ( 'NONE', #1057, #1294, #78 ) ;
#335 = FACE_OUTER_BOUND ( 'NONE', #797, .T. ) ;
#336 = DIRECTION ( 'NONE',  ( 0.000000000000000000, 0.000000000000000000, 1.000000000000000000 ) ) ;
#337 = ORIENTED_EDGE ( 'NONE', *, *, #865, .T. ) ;
#338 = LINE ( 'NONE', #221, #1357 ) ;
#339 = DIRECTION ( 'NONE',  ( -0.000000000000000000, -0.000000000000000000, -1.000000000000000000 ) ) ;
#340 = ORIENTED_EDGE ( 'NONE', *, *, #1456, .T. ) ;
#341 = EDGE_CURVE ( 'NONE', #1531, #1366, #570, .T. ) ;
#342 = CARTESIAN_POINT ( 'NONE',  ( 3.787564434701799598, 53.40000000000000568, 0.000000000000000000 ) ) ;
#343 = EDGE_CURVE ( 'NONE', #1458, #933, #318, .T. ) ;
#344 = CARTESIAN_POINT ( 'NONE',  ( 36.21243556529822882, 2.400000000000005240, 2.799999999999999822 ) ) ;
#345 = EDGE_CURVE ( 'NONE', #1534, #1234, #869, .T. ) ;
#346 = CARTESIAN_POINT ( 'NONE',  ( 2.575128869403592535, 4.500000000000021316, 2.799999999999999822 ) ) ;
#347 = VERTEX_POINT ( 'NONE', #864 ) ;
#348 = LINE ( 'NONE', #1193, #1142 ) ;
#349 = EDGE_CURVE ( 'NONE', #547, #833, #1137, .T. ) ;
#350 = AXIS2_PLACEMENT_3D ( 'NONE', #376, #264, #657 ) ;
#351 = CARTESIAN_POINT ( 'NONE',  ( 3.787564434701798266, 57.60000000000000142, 2.799999999999999822 ) ) ;
#352 = DIRECTION ( 'NONE',  ( -0.000000000000000000, 1.000000000000000000, -0.000000000000000000 ) ) ;
#353 = ORIENTED_EDGE ( 'NONE', *, *, #475, .F. ) ;
#354 = FACE_OUTER_BOUND ( 'NONE', #1697, .T. ) ;
#355 = CARTESIAN_POINT ( 'NONE',  ( 15.49999999999999822, 56.00000000000000711, 3.000000000000000000 ) ) ;
#356 = CARTESIAN_POINT ( 'NONE',  ( 2.575128869403585874, 55.50000000000000000, 0.000000000000000000 ) ) ;
#357 = DIRECTION ( 'NONE',  ( -0.4999999999999987788, 0.8660254037844392627, 0.000000000000000000 ) ) ;
#358 = ORIENTED_EDGE ( 'NONE', *, *, #1210, .T. ) ;
#359 = LINE ( 'NONE', #1334, #1473 ) ;
#360 = DIRECTION ( 'NONE',  ( -0.000000000000000000, -0.000000000000000000, 1.000000000000000000 ) ) ;
#361 = VECTOR ( 'NONE', #352, 1000.000000000000000 ) ;
#362 = ORIENTED_EDGE ( 'NONE', *, *, #1758, .F. ) ;
#363 = LINE ( 'NONE', #1484, #801 ) ;
#364 = AXIS2_PLACEMENT_3D ( 'NONE', #664, #88, #1486 ) ;
#365 = CARTESIAN_POINT ( 'NONE',  ( 0.000000000000000000, 0.000000000000000000, 6.000000000000000000 ) ) ;
#366 = AXIS2_PLACEMENT_3D ( 'NONE', #1431, #867, #725 ) ;
#367 = DIRECTION ( 'NONE',  ( -1.224646799147353454E-16, 1.000000000000000000, 0.000000000000000000 ) ) ;
#368 = DIRECTION ( 'NONE',  ( 1.000000000000000000, 0.000000000000000000, 0.000000000000000000 ) ) ;
#369 = ORIENTED_EDGE ( 'NONE', *, *, #749, .T. ) ;
#370 = CARTESIAN_POINT ( 'NONE',  ( 15.49999999999999822, 56.00000000000000711, 3.000000000000000000 ) ) ;
#371 = ORIENTED_EDGE ( 'NONE', *, *, #1780, .T. ) ;
#372 = FACE_OUTER_BOUND ( 'NONE', #92, .T. ) ;
#373 = CARTESIAN_POINT ( 'NONE',  ( 17.50000000000001066, 15.20000000000000284, 2.000000000000000000 ) ) ;
#374 = LINE ( 'NONE', #1781, #312 ) ;
#375 = VERTEX_POINT ( 'NONE', #172 ) ;
#376 = CARTESIAN_POINT ( 'NONE',  ( 6.212435565298212836, 53.40000000000000568, 2.799999999999999822 ) ) ;
#377 = ORIENTED_EDGE ( 'NONE', *, *, #1107, .T. ) ;
#378 = CARTESIAN_POINT ( 'NONE',  ( 6.150000000000007461, 4.500000000000003553, 2.799999999999999822 ) ) ;
#379 = EDGE_LOOP ( 'NONE', ( #3, #1408 ) ) ;
#380 = CARTESIAN_POINT ( 'NONE',  ( 1.000000000000000000, 59.00000000000000000, 0.000000000000000000 ) ) ;
#381 = VECTOR ( 'NONE', #605, 1000.000000000000000 ) ;
#382 = CARTESIAN_POINT ( 'NONE',  ( 17.50000000000001066, 15.20000000000000284, 2.000000000000000000 ) ) ;
#383 = LINE ( 'NONE', #101, #621 ) ;
#384 = DIRECTION ( 'NONE',  ( 0.000000000000000000, -1.000000000000000000, 0.000000000000000000 ) ) ;
#385 = ORIENTED_EDGE ( 'NONE', *, *, #1063, .F. ) ;
#386 = DIRECTION ( 'NONE',  ( 1.000000000000000000, 0.000000000000000000, -0.000000000000000000 ) ) ;
#387 = EDGE_LOOP ( 'NONE', ( #676, #265, #1426, #1020 ) ) ;
#388 = ORIENTED_EDGE ( 'NONE', *, *, #1095, .F. ) ;
#389 = VECTOR ( 'NONE', #155, 1000.000000000000000 ) ;
#390 = CARTESIAN_POINT ( 'NONE',  ( 36.21243556529822882, 6.600000000000005862, 0.000000000000000000 ) ) ;
#391 = VECTOR ( 'NONE', #224, 1000.000000000000000 ) ;
#392 = CARTESIAN_POINT ( 'NONE',  ( 36.15000000000000568, 55.50000000000000000, 2.799999999999999822 ) ) ;
#393 = VECTOR ( 'NONE', #1147, 999.9999999999998863 ) ;
#394 = LINE ( 'NONE', #113, #1566 ) ;
#395 = FACE_BOUND ( 'NONE', #226, .T. ) ;
#396 = ORIENTED_EDGE ( 'NONE', *, *, #1095, .T. ) ;
#397 = LINE ( 'NONE', #1797, #984 ) ;
#398 = ORIENTED_EDGE ( 'NONE', *, *, #666, .T. ) ;
#399 = EDGE_CURVE ( 'NONE', #1194, #704, #556, .T. ) ;
#400 = VERTEX_POINT ( 'NONE', #586 ) ;
#401 = CARTESIAN_POINT ( 'NONE',  ( 22.50000000000001421, 15.20000000000000284, 2.000000000000000000 ) ) ;
#402 = CARTESIAN_POINT ( 'NONE',  ( 3.787564434701799598, 53.40000000000000568, 2.799999999999999822 ) ) ;
#403 = EDGE_CURVE ( 'NONE', #1678, #292, #1144, .T. ) ;
#404 = CYLINDRICAL_SURFACE ( 'NONE', #974, 1.149999999999998135 ) ;
#405 = ORIENTED_EDGE ( 'NONE', *, *, #530, .F. ) ;
#406 = ORIENTED_EDGE ( 'NONE', *, *, #1516, .F. ) ;
#407 = CARTESIAN_POINT ( 'NONE',  ( 0.000000000000000000, 60.00000000000000000, 0.4142135623730949789 ) ) ;
#408 = AXIS2_PLACEMENT_3D ( 'NONE', #262, #251, #1240 ) ;
#409 = CARTESIAN_POINT ( 'NONE',  ( 3.787564434701820026, 6.600000000000004086, 2.799999999999999822 ) ) ;
#410 = ORIENTED_EDGE ( 'NONE', *, *, #1136, .T. ) ;
#411 = EDGE_CURVE ( 'NONE', #347, #547, #1549, .T. ) ;
#412 = CARTESIAN_POINT ( 'NONE',  ( 40.00000000000000000, 4.987329993433320396E-15, 0.4142135623730949789 ) ) ;
#413 = ORIENTED_EDGE ( 'NONE', *, *, #165, .T. ) ;
#414 = ORIENTED_EDGE ( 'NONE', *, *, #1588, .T. ) ;
#415 = LINE ( 'NONE', #450, #1709 ) ;
#416 = VECTOR ( 'NONE', #1167, 1000.000000000000000 ) ;
#417 = DIRECTION ( 'NONE',  ( -0.000000000000000000, 0.000000000000000000, 1.000000000000000000 ) ) ;
#418 = VECTOR ( 'NONE', #1776, 1000.000000000000114 ) ;
#419 = ORIENTED_EDGE ( 'NONE', *, *, #745, .T. ) ;
#420 = EDGE_CURVE ( 'NONE', #1665, #1540, #1046, .T. ) ;
#421 = CARTESIAN_POINT ( 'NONE',  ( 36.21243556529822882, 6.600000000000005862, 2.799999999999999822 ) ) ;
#422 = ORIENTED_EDGE ( 'NONE', *, *, #1576, .T. ) ;
#423 = VECTOR ( 'NONE', #1288, 999.9999999999998863 ) ;
#424 = CARTESIAN_POINT ( 'NONE',  ( 32.57512886940357077, 55.49999999999999289, 0.000000000000000000 ) ) ;
#425 = LINE ( 'NONE', #1550, #760 ) ;
#426 = EDGE_CURVE ( 'NONE', #1344, #507, #448, .T. ) ;
#427 = CARTESIAN_POINT ( 'NONE',  ( 2.575128869403585874, 55.50000000000000000, 0.000000000000000000 ) ) ;
#428 = ORIENTED_EDGE ( 'NONE', *, *, #1716, .F. ) ;
#429 = ORIENTED_EDGE ( 'NONE', *, *, #1701, .F. ) ;
#430 = ADVANCED_FACE ( 'NONE', ( #11 ), #1027, .F. ) ;
#431 = ORIENTED_EDGE ( 'NONE', *, *, #310, .F. ) ;
#432 = DIRECTION ( 'NONE',  ( -0.000000000000000000, -0.000000000000000000, 1.000000000000000000 ) ) ;
#433 = ORIENTED_EDGE ( 'NONE', *, *, #960, .T. ) ;
#434 = DIRECTION ( 'NONE',  ( -0.000000000000000000, -0.000000000000000000, -1.000000000000000000 ) ) ;
#435 = LINE ( 'NONE', #1558, #709 ) ;
#436 = EDGE_CURVE ( 'NONE', #1534, #1682, #1731, .T. ) ;
#437 = CARTESIAN_POINT ( 'NONE',  ( 6.150000000000007461, 55.50000000000000000, 2.799999999999999822 ) ) ;
#438 = EDGE_LOOP ( 'NONE', ( #422, #701, #1225, #1496 ) ) ;
#439 = VERTEX_POINT ( 'NONE', #1594 ) ;
#440 = VECTOR ( 'NONE', #291, 1000.000000000000114 ) ;
#441 = VERTEX_POINT ( 'NONE', #1170 ) ;
#442 = CARTESIAN_POINT ( 'NONE',  ( 32.50000000000000711, 56.00000000000000711, 2.000000000000000000 ) ) ;
#443 = CARTESIAN_POINT ( 'NONE',  ( 3.787564434701790272, 2.400000000000020339, 0.000000000000000000 ) ) ;
#444 = EDGE_CURVE ( 'NONE', #347, #257, #338, .T. ) ;
#445 = CARTESIAN_POINT ( 'NONE',  ( 7.500000000000005329, 56.00000000000000711, 2.000000000000000000 ) ) ;
#446 = VECTOR ( 'NONE', #702, 1000.000000000000114 ) ;
#447 = VECTOR ( 'NONE', #1761, 1000.000000000000000 ) ;
#448 = LINE ( 'NONE', #876, #1126 ) ;
#449 = VECTOR ( 'NONE', #1648, 1000.000000000000000 ) ;
#450 = CARTESIAN_POINT ( 'NONE',  ( 37.42487113059644344, 4.500000000000003553, 2.799999999999999822 ) ) ;
#451 = LINE ( 'NONE', #1425, #393 ) ;
#452 = EDGE_CURVE ( 'NONE', #658, #2, #1762, .T. ) ;
#453 = CARTESIAN_POINT ( 'NONE',  ( 7.500000000000005329, 56.00000000000000711, 6.000000000000000000 ) ) ;
#454 = CARTESIAN_POINT ( 'NONE',  ( 32.50000000000001421, 15.20000000000000639, 6.000000000000000000 ) ) ;
#455 = DIRECTION ( 'NONE',  ( 0.4999999999999950595, -0.8660254037844415942, 0.000000000000000000 ) ) ;
#456 = DIRECTION ( 'NONE',  ( -0.4999999999999996669, 0.8660254037844388186, 0.000000000000000000 ) ) ;
#457 = EDGE_CURVE ( 'NONE', #1658, #1373, #928, .T. ) ;
#458 = DIRECTION ( 'NONE',  ( 0.5000000000000002220, -0.8660254037844384856, 0.000000000000000000 ) ) ;
#459 = FACE_OUTER_BOUND ( 'NONE', #1487, .T. ) ;
#460 = EDGE_LOOP ( 'NONE', ( #1365, #236, #827, #317 ) ) ;
#461 = FACE_BOUND ( 'NONE', #1213, .T. ) ;
#462 = LINE ( 'NONE', #889, #537 ) ;
#463 = CARTESIAN_POINT ( 'NONE',  ( 35.00000000000000711, 4.500000000000003553, 2.799999999999999822 ) ) ;
#464 = ADVANCED_FACE ( 'NONE', ( #1622 ), #1583, .F. ) ;
#465 = VECTOR ( 'NONE', #192, 1000.000000000000000 ) ;
#466 = LINE ( 'NONE', #1162, #522 ) ;
#467 = VECTOR ( 'NONE', #1311, 1000.000000000000000 ) ;
#468 = VERTEX_POINT ( 'NONE', #893 ) ;
#469 = CARTESIAN_POINT ( 'NONE',  ( 3.787564434701820026, 6.600000000000004086, 0.000000000000000000 ) ) ;
#470 = PRODUCT_DEFINITION_SHAPE ( 'NONE', 'NONE',  #753 ) ;
#471 = CYLINDRICAL_SURFACE ( 'NONE', #212, 1.149999999999999023 ) ;
#472 = ADVANCED_FACE ( 'NONE', ( #459 ), #916, .F. ) ;
#473 = AXIS2_PLACEMENT_3D ( 'NONE', #1238, #643, #1638 ) ;
#474 = DIRECTION ( 'NONE',  ( -1.700709290173340163E-16, 1.000000000000000000, 0.000000000000000000 ) ) ;
#475 = EDGE_CURVE ( 'NONE', #651, #726, #1182, .T. ) ;
#476 = LINE ( 'NONE', #1024, #132 ) ;
#477 = ADVANCED_FACE ( 'NONE', ( #481 ), #598, .F. ) ;
#478 = ADVANCED_FACE ( 'NONE', ( #752 ), #1752, .F. ) ;
#479 = LINE ( 'NONE', #1025, #381 ) ;
#480 = ORIENTED_EDGE ( 'NONE', *, *, #630, .T. ) ;
#481 = FACE_OUTER_BOUND ( 'NONE', #1674, .T. ) ;
#482 = LINE ( 'NONE', #351, #1680 ) ;
#483 = LINE ( 'NONE', #1037, #1650 ) ;
#484 = ORIENTED_EDGE ( 'NONE', *, *, #310, .T. ) ;
#485 = ADVANCED_FACE ( 'NONE', ( #1301 ), #773, .F. ) ;
#486 = DIRECTION ( 'NONE',  ( 0.4999999999999986677, -0.8660254037844392627, 0.000000000000000000 ) ) ;
#487 = CARTESIAN_POINT ( 'NONE',  ( 7.500000000000005329, 56.00000000000000711, 2.000000000000000000 ) ) ;
#488 = DIRECTION ( 'NONE',  ( 0.000000000000000000, -0.000000000000000000, -1.000000000000000000 ) ) ;
#489 = EDGE_LOOP ( 'NONE', ( #1465, #1060, #852, #810, #94, #1555, #431, #20 ) ) ;
#490 = DIRECTION ( 'NONE',  ( -0.000000000000000000, -1.000000000000000000, -0.000000000000000000 ) ) ;
#491 = VECTOR ( 'NONE', #802, 1000.000000000000000 ) ;
#492 = DIRECTION ( 'NONE',  ( -0.000000000000000000, -0.000000000000000000, 1.000000000000000000 ) ) ;
#493 = LINE ( 'NONE', #1050, #531 ) ;
#494 = EDGE_LOOP ( 'NONE', ( #308, #542, #819, #303, #1432, #1730 ) ) ;
#495 = EDGE_CURVE ( 'NONE', #642, #502, #637, .T. ) ;
#496 = LINE ( 'NONE', #1052, #66 ) ;
#497 = CARTESIAN_POINT ( 'NONE',  ( 33.78756443470179249, 57.60000000000000142, 0.000000000000000000 ) ) ;
#498 = CARTESIAN_POINT ( 'NONE',  ( 24.49999999999999645, 56.00000000000000711, 6.000000000000000000 ) ) ;
#499 = CARTESIAN_POINT ( 'NONE',  ( 0.000000000000000000, 0.000000000000000000, 6.000000000000000000 ) ) ;
#500 = VERTEX_POINT ( 'NONE', #1048 ) ;
#501 = DIRECTION ( 'NONE',  ( 0.000000000000000000, -0.000000000000000000, 1.000000000000000000 ) ) ;
#502 = VERTEX_POINT ( 'NONE', #618 ) ;
#503 = CARTESIAN_POINT ( 'NONE',  ( 2.575128869403585874, 55.50000000000000000, 2.799999999999999822 ) ) ;
#504 = CYLINDRICAL_SURFACE ( 'NONE', #683, 1.000000000000000888 ) ;
#505 = VECTOR ( 'NONE', #1330, 1000.000000000000000 ) ;
#506 = CARTESIAN_POINT ( 'NONE',  ( 17.50000000000001066, 15.20000000000000284, 6.000000000000000000 ) ) ;
#507 = VERTEX_POINT ( 'NONE', #1602 ) ;
#508 = CARTESIAN_POINT ( 'NONE',  ( 33.85000000000000853, 55.50000000000000000, 6.000000000000000000 ) ) ;
#509 = ORIENTED_EDGE ( 'NONE', *, *, #1087, .T. ) ;
#510 = CARTESIAN_POINT ( 'NONE',  ( 36.21243556529822882, 6.600000000000005862, 2.799999999999999822 ) ) ;
#511 = ORIENTED_EDGE ( 'NONE', *, *, #495, .F. ) ;
#512 = ORIENTED_EDGE ( 'NONE', *, *, #1716, .T. ) ;
#513 = CARTESIAN_POINT ( 'NONE',  ( 6.150000000000007461, 55.50000000000000000, 0.000000000000000000 ) ) ;
#514 = LINE ( 'NONE', #409, #491 ) ;
#515 = CARTESIAN_POINT ( 'NONE',  ( -1.224646799147353454E-16, 1.000000000000000000, 1.000000000000000000 ) ) ;
#516 = LINE ( 'NONE', #979, #1527 ) ;
#517 = ORIENTED_EDGE ( 'NONE', *, *, #164, .F. ) ;
#518 = DIRECTION ( 'NONE',  ( 0.000000000000000000, 0.000000000000000000, 1.000000000000000000 ) ) ;
#519 = VECTOR ( 'NONE', #523, 1000.000000000000000 ) ;
#520 = ORIENTED_EDGE ( 'NONE', *, *, #1369, .T. ) ;
#521 = DIRECTION ( 'NONE',  ( -1.000000000000000000, 0.000000000000000000, -0.000000000000000000 ) ) ;
#522 = VECTOR ( 'NONE', #1577, 1000.000000000000000 ) ;
#523 = DIRECTION ( 'NONE',  ( -0.000000000000000000, -0.000000000000000000, -1.000000000000000000 ) ) ;
#524 = DIRECTION ( 'NONE',  ( -0.000000000000000000, -0.000000000000000000, 1.000000000000000000 ) ) ;
#525 = CARTESIAN_POINT ( 'NONE',  ( 22.50000000000001421, 15.20000000000000284, 2.000000000000000000 ) ) ;
#526 = ORIENTED_EDGE ( 'NONE', *, *, #452, .T. ) ;
#527 = ORIENTED_EDGE ( 'NONE', *, *, #96, .F. ) ;
#528 = EDGE_CURVE ( 'NONE', #696, #439, #348, .T. ) ;
#529 = ORIENTED_EDGE ( 'NONE', *, *, #420, .T. ) ;
#530 = EDGE_CURVE ( 'NONE', #1748, #651, #1444, .T. ) ;
#531 = VECTOR ( 'NONE', #1429, 1000.000000000000000 ) ;
#532 = CARTESIAN_POINT ( 'NONE',  ( 24.49999999999999645, 56.00000000000000711, 3.000000000000000000 ) ) ;
#533 = EDGE_CURVE ( 'NONE', #1375, #667, #607, .T. ) ;
#534 = DIRECTION ( 'NONE',  ( -0.8660254037844415942, -0.4999999999999948930, 0.000000000000000000 ) ) ;
#535 = VECTOR ( 'NONE', #1154, 1000.000000000000000 ) ;
#536 = EDGE_CURVE ( 'NONE', #500, #1205, #763, .T. ) ;
#537 = VECTOR ( 'NONE', #215, 1000.000000000000000 ) ;
#538 = DIRECTION ( 'NONE',  ( 0.000000000000000000, 0.000000000000000000, -1.000000000000000000 ) ) ;
#539 = ORIENTED_EDGE ( 'NONE', *, *, #223, .F. ) ;
#540 = ORIENTED_EDGE ( 'NONE', *, *, #1001, .T. ) ;
#541 = ORIENTED_EDGE ( 'NONE', *, *, #1141, .F. ) ;
#542 = ORIENTED_EDGE ( 'NONE', *, *, #1450, .F. ) ;
#543 = ADVANCED_FACE ( 'NONE', ( #1795 ), #806, .F. ) ;
#544 = DIRECTION ( 'NONE',  ( -0.000000000000000000, 1.000000000000000000, -0.000000000000000000 ) ) ;
#545 = ORIENTED_EDGE ( 'NONE', *, *, #1279, .F. ) ;
#546 = DIRECTION ( 'NONE',  ( 1.000000000000000000, 1.387778780781445429E-16, -0.000000000000000000 ) ) ;
#547 = VERTEX_POINT ( 'NONE', #1371 ) ;
#548 = VERTEX_POINT ( 'NONE', #1633 ) ;
#549 = ORIENTED_EDGE ( 'NONE', *, *, #533, .F. ) ;
#550 = ORIENTED_EDGE ( 'NONE', *, *, #36, .F. ) ;
#551 = EDGE_CURVE ( 'NONE', #1690, #1244, #1672, .T. ) ;
#552 = FACE_BOUND ( 'NONE', #1068, .T. ) ;
#553 = ORIENTED_EDGE ( 'NONE', *, *, #140, .T. ) ;
#554 = LINE ( 'NONE', #161, #440 ) ;
#555 = ORIENTED_EDGE ( 'NONE', *, *, #436, .F. ) ;
#556 = LINE ( 'NONE', #722, #423 ) ;
#557 = ORIENTED_EDGE ( 'NONE', *, *, #1526, .F. ) ;
#558 = EDGE_CURVE ( 'NONE', #234, #548, #665, .T. ) ;
#559 = CARTESIAN_POINT ( 'NONE',  ( 6.212435565298212836, 53.40000000000000568, 2.799999999999999822 ) ) ;
#560 = ADVANCED_FACE ( 'NONE', ( #1656 ), #963, .F. ) ;
#561 = AXIS2_PLACEMENT_3D ( 'NONE', #1457, #729, #1289 ) ;
#562 = LINE ( 'NONE', #703, #834 ) ;
#563 = VERTEX_POINT ( 'NONE', #782 ) ;
#564 = EDGE_LOOP ( 'NONE', ( #1413, #1593, #1501, #396 ) ) ;
#565 = SURFACE_STYLE_FILL_AREA ( #698 ) ;
#566 = ORIENTED_EDGE ( 'NONE', *, *, #1376, .F. ) ;
#567 = CIRCLE ( 'NONE', #1007, 1.149999999999999911 ) ;
#568 = ADVANCED_FACE ( 'NONE', ( #1109 ), #1663, .F. ) ;
#569 = LINE ( 'NONE', #1232, #732 ) ;
#570 = CIRCLE ( 'NONE', #284, 1.149999999999998135 ) ;
#571 = CARTESIAN_POINT ( 'NONE',  ( 35.00000000000000711, 4.500000000000003553, 6.000000000000000000 ) ) ;
#572 = ADVANCED_FACE ( 'NONE', ( #1782, #395 ), #818, .T. ) ;
#573 = CARTESIAN_POINT ( 'NONE',  ( 5.000000000000007994, 4.500000000000003553, 6.000000000000000000 ) ) ;
#574 = FACE_OUTER_BOUND ( 'NONE', #1584, .T. ) ;
#575 = EDGE_LOOP ( 'NONE', ( #1300, #405, #362, #1252 ) ) ;
#576 = ORIENTED_EDGE ( 'NONE', *, *, #341, .F. ) ;
#577 = EDGE_LOOP ( 'NONE', ( #786, #539, #1421, #1609 ) ) ;
#578 = DIRECTION ( 'NONE',  ( 1.000000000000000000, 0.000000000000000000, 0.000000000000000000 ) ) ;
#579 = ORIENTED_EDGE ( 'NONE', *, *, #528, .T. ) ;
#580 = FACE_OUTER_BOUND ( 'NONE', #957, .T. ) ;
#581 = CARTESIAN_POINT ( 'NONE',  ( 33.78756443470179249, 57.60000000000000142, 0.000000000000000000 ) ) ;
#582 = ORIENTED_EDGE ( 'NONE', *, *, #798, .T. ) ;
#583 = AXIS2_PLACEMENT_3D ( 'NONE', #1090, #272, #1243 ) ;
#584 = EDGE_CURVE ( 'NONE', #726, #375, #1341, .T. ) ;
#585 = ORIENTED_EDGE ( 'NONE', *, *, #868, .T. ) ;
#586 = CARTESIAN_POINT ( 'NONE',  ( 15.49999999999999822, 60.00000000000000000, 3.000000000000000000 ) ) ;
#587 = DIRECTION ( 'NONE',  ( 1.000000000000000000, 0.000000000000000000, -0.000000000000000000 ) ) ;
#588 = EDGE_CURVE ( 'NONE', #843, #821, #1497, .T. ) ;
#589 = PLANE ( 'NONE',  #1355 ) ;
#590 = ORIENTED_EDGE ( 'NONE', *, *, #1791, .T. ) ;
#591 = AXIS2_PLACEMENT_3D ( 'NONE', #463, #1474, #65 ) ;
#592 = DIRECTION ( 'NONE',  ( 0.000000000000000000, -0.000000000000000000, -1.000000000000000000 ) ) ;
#593 = VECTOR ( 'NONE', #1587, 1000.000000000000000 ) ;
#594 = LINE ( 'NONE', #1152, #793 ) ;
#595 = CARTESIAN_POINT ( 'NONE',  ( 5.000000000000007994, 4.500000000000003553, 2.799999999999999822 ) ) ;
#596 = EDGE_CURVE ( 'NONE', #268, #975, #1229, .T. ) ;
#597 = LINE ( 'NONE', #913, #1548 ) ;
#598 = CYLINDRICAL_SURFACE ( 'NONE', #1441, 1.149999999999998135 ) ;
#599 = ORIENTED_EDGE ( 'NONE', *, *, #666, .F. ) ;
#600 = LINE ( 'NONE', #198, #1415 ) ;
#601 = CARTESIAN_POINT ( 'NONE',  ( 5.000000000000007994, 4.500000000000003553, 2.799999999999999822 ) ) ;
#602 = ADVANCED_FACE ( 'NONE', ( #1100 ), #404, .F. ) ;
#603 = CARTESIAN_POINT ( 'NONE',  ( 40.00000000000000000, 4.898587196589413815E-15, 1.000000000000000000 ) ) ;
#604 = AXIS2_PLACEMENT_3D ( 'NONE', #977, #534, #1099 ) ;
#605 = DIRECTION ( 'NONE',  ( 1.275531967630005245E-16, -1.000000000000000000, 0.000000000000000000 ) ) ;
#606 = EDGE_LOOP ( 'NONE', ( #321, #1410, #1480, #1000 ) ) ;
#607 = LINE ( 'NONE', #902, #1698 ) ;
#608 = EDGE_LOOP ( 'NONE', ( #693, #1613, #549, #1561 ) ) ;
#609 = PLANE ( 'NONE',  #1679 ) ;
#610 = EDGE_CURVE ( 'NONE', #2, #1665, #135, .T. ) ;
#611 = EDGE_CURVE ( 'NONE', #1643, #1071, #969, .T. ) ;
#612 = LINE ( 'NONE', #924, #1323 ) ;
#613 = EDGE_CURVE ( 'NONE', #1251, #234, #516, .T. ) ;
#614 = DIRECTION ( 'NONE',  ( -0.4999999999999996669, -0.8660254037844388186, 0.000000000000000000 ) ) ;
#615 = VECTOR ( 'NONE', #360, 1000.000000000000000 ) ;
#616 = CARTESIAN_POINT ( 'NONE',  ( 6.212435565298211060, 2.400000000000011902, 0.000000000000000000 ) ) ;
#617 = VECTOR ( 'NONE', #202, 1000.000000000000000 ) ;
#618 = CARTESIAN_POINT ( 'NONE',  ( 37.42487113059645054, 55.50000000000000000, 0.000000000000000000 ) ) ;
#619 = EDGE_CURVE ( 'NONE', #2, #807, #231, .T. ) ;
#620 = FACE_BOUND ( 'NONE', #379, .T. ) ;
#621 = VECTOR ( 'NONE', #524, 1000.000000000000000 ) ;
#622 = DIRECTION ( 'NONE',  ( 1.000000000000000000, 0.000000000000000000, 0.000000000000000000 ) ) ;
#623 = ORIENTED_EDGE ( 'NONE', *, *, #109, .F. ) ;
#624 = VECTOR ( 'NONE', #848, 1000.000000000000000 ) ;
#625 = CARTESIAN_POINT ( 'NONE',  ( 32.50000000000001421, 2.000000000000000000, 2.000000000000000000 ) ) ;
#626 = LINE ( 'NONE', #355, #15 ) ;
#627 = CARTESIAN_POINT ( 'NONE',  ( 35.00000000000000711, 55.50000000000000000, 6.000000000000000000 ) ) ;
#628 = ORIENTED_EDGE ( 'NONE', *, *, #911, .F. ) ;
#629 = CARTESIAN_POINT ( 'NONE',  ( 6.212435565298211060, 2.400000000000011902, 2.799999999999999822 ) ) ;
#630 = EDGE_CURVE ( 'NONE', #1217, #1156, #114, .T. ) ;
#631 = PLANE ( 'NONE',  #249 ) ;
#632 = DIRECTION ( 'NONE',  ( -1.000000000000000000, 0.000000000000000000, 0.000000000000000000 ) ) ;
#633 = VERTEX_POINT ( 'NONE', #508 ) ;
#634 = CARTESIAN_POINT ( 'NONE',  ( 36.21243556529824303, 57.60000000000000142, 2.799999999999999822 ) ) ;
#635 = PLANE ( 'NONE',  #1023 ) ;
#636 = CARTESIAN_POINT ( 'NONE',  ( 3.850000000000008971, 55.50000000000000000, 6.000000000000000000 ) ) ;
#637 = LINE ( 'NONE', #1723, #1370 ) ;
#638 = ORIENTED_EDGE ( 'NONE', *, *, #232, .F. ) ;
#639 = ORIENTED_EDGE ( 'NONE', *, *, #343, .F. ) ;
#640 = VECTOR ( 'NONE', #8, 1000.000000000000000 ) ;
#641 = FACE_OUTER_BOUND ( 'NONE', #1070, .T. ) ;
#642 = VERTEX_POINT ( 'NONE', #1066 ) ;
#643 = DIRECTION ( 'NONE',  ( 0.000000000000000000, -1.000000000000000000, -0.000000000000000000 ) ) ;
#644 = DIRECTION ( 'NONE',  ( 1.734723475976805369E-16, -1.000000000000000000, 0.000000000000000000 ) ) ;
#645 = DIRECTION ( 'NONE',  ( -1.000000000000000000, 0.000000000000000000, 0.000000000000000000 ) ) ;
#646 = VERTEX_POINT ( 'NONE', #835 ) ;
#647 = CARTESIAN_POINT ( 'NONE',  ( 32.50000000000000711, 56.00000000000000711, 2.000000000000000000 ) ) ;
#648 = AXIS2_PLACEMENT_3D ( 'NONE', #487, #1599, #1042 ) ;
#649 = ORIENTED_EDGE ( 'NONE', *, *, #156, .T. ) ;
#650 = CARTESIAN_POINT ( 'NONE',  ( 32.50000000000001421, 2.000000000000000000, 2.000000000000000000 ) ) ;
#651 = VERTEX_POINT ( 'NONE', #1127 ) ;
#652 = CARTESIAN_POINT ( 'NONE',  ( 40.00000000000000000, 60.00000000000000711, 6.000000000000000000 ) ) ;
#653 = AXIS2_PLACEMENT_3D ( 'NONE', #320, #178, #731 ) ;
#654 = CARTESIAN_POINT ( 'NONE',  ( 7.500000000000011546, 2.000000000000000000, 2.000000000000000000 ) ) ;
#655 = AXIS2_PLACEMENT_3D ( 'NONE', #68, #330, #357 ) ;
#656 = DIRECTION ( 'NONE',  ( -1.000000000000000000, 0.000000000000000000, 0.000000000000000000 ) ) ;
#657 = DIRECTION ( 'NONE',  ( 0.000000000000000000, -0.000000000000000000, -1.000000000000000000 ) ) ;
#658 = VERTEX_POINT ( 'NONE', #151 ) ;
#659 = FACE_OUTER_BOUND ( 'NONE', #1646, .T. ) ;
#660 = ORIENTED_EDGE ( 'NONE', *, *, #160, .F. ) ;
#661 = DIRECTION ( 'NONE',  ( -1.700709290173340163E-16, 1.000000000000000000, -0.000000000000000000 ) ) ;
#662 = MANIFOLD_SOLID_BREP ( 'Cut-Extrude13', #1494 ) ;
#663 = CARTESIAN_POINT ( 'NONE',  ( 33.78756443470179249, 2.400000000000005240, 2.799999999999999822 ) ) ;
#664 = CARTESIAN_POINT ( 'NONE',  ( 35.00000000000000711, 55.50000000000000000, 6.000000000000000000 ) ) ;
#665 = LINE ( 'NONE', #525, #51 ) ;
#666 = EDGE_CURVE ( 'NONE', #507, #1205, #281, .T. ) ;
#667 = VERTEX_POINT ( 'NONE', #421 ) ;
#668 = EDGE_LOOP ( 'NONE', ( #340, #711, #1345, #1553 ) ) ;
#669 = EDGE_CURVE ( 'NONE', #975, #1534, #554, .T. ) ;
#670 = COLOUR_RGB ( '',0.7921568627450980005, 0.8196078431372548767, 0.9333333333333333481 ) ;
#671 = VERTEX_POINT ( 'NONE', #1272 ) ;
#672 = DIRECTION ( 'NONE',  ( 0.5000000000000072164, 0.8660254037844344888, 0.000000000000000000 ) ) ;
#673 = EDGE_CURVE ( 'NONE', #158, #1671, #899, .T. ) ;
#674 = CARTESIAN_POINT ( 'NONE',  ( 7.424871130596418567, 55.49999999999999289, 0.000000000000000000 ) ) ;
#675 = CARTESIAN_POINT ( 'NONE',  ( 3.787564434701798266, 57.60000000000000142, 2.799999999999999822 ) ) ;
#676 = ORIENTED_EDGE ( 'NONE', *, *, #349, .T. ) ;
#677 = EDGE_LOOP ( 'NONE', ( #716, #406, #1530, #1115 ) ) ;
#678 = FACE_OUTER_BOUND ( 'NONE', #159, .T. ) ;
#679 = ORIENTED_EDGE ( 'NONE', *, *, #426, .F. ) ;
#680 = EDGE_LOOP ( 'NONE', ( #576, #1810 ) ) ;
#681 = VECTOR ( 'NONE', #1702, 1000.000000000000114 ) ;
#682 = CARTESIAN_POINT ( 'NONE',  ( 2.575128869403592535, 4.500000000000021316, 2.799999999999999822 ) ) ;
#683 = AXIS2_PLACEMENT_3D ( 'NONE', #228, #87, #644 ) ;
#684 = CYLINDRICAL_SURFACE ( 'NONE', #408, 1.149999999999998135 ) ;
#685 = VECTOR ( 'NONE', #1621, 1000.000000000000000 ) ;
#686 = ORIENTED_EDGE ( 'NONE', *, *, #1703, .T. ) ;
#687 = VECTOR ( 'NONE', #1438, 1000.000000000000000 ) ;
#688 = CARTESIAN_POINT ( 'NONE',  ( 0.000000000000000000, 0.000000000000000000, 6.000000000000000000 ) ) ;
#689 = VERTEX_POINT ( 'NONE', #1681 ) ;
#690 = DIRECTION ( 'NONE',  ( 0.000000000000000000, 0.000000000000000000, 1.000000000000000000 ) ) ;
#691 = ADVANCED_FACE ( 'NONE', ( #1545 ), #789, .F. ) ;
#692 = ORIENTED_EDGE ( 'NONE', *, *, #968, .F. ) ;
#693 = ORIENTED_EDGE ( 'NONE', *, *, #1384, .T. ) ;
#694 = CARTESIAN_POINT ( 'NONE',  ( 32.50000000000000711, 56.00000000000000711, 2.000000000000000000 ) ) ;
#695 = PLANE ( 'NONE',  #1159 ) ;
#696 = VERTEX_POINT ( 'NONE', #392 ) ;
#697 = EDGE_CURVE ( 'NONE', #1326, #821, #1503, .T. ) ;
#698 = FILL_AREA_STYLE ('',( #1554 ) ) ;
#699 = ORIENTED_EDGE ( 'NONE', *, *, #940, .T. ) ;
#700 = CARTESIAN_POINT ( 'NONE',  ( 0.000000000000000000, 0.000000000000000000, 1.000000000000000000 ) ) ;
#701 = ORIENTED_EDGE ( 'NONE', *, *, #948, .F. ) ;
#702 = DIRECTION ( 'NONE',  ( -0.5000000000000008882, -0.8660254037844381525, 0.000000000000000000 ) ) ;
#703 = CARTESIAN_POINT ( 'NONE',  ( 39.00000000000000000, 0.000000000000000000, 0.000000000000000000 ) ) ;
#704 = VERTEX_POINT ( 'NONE', #1228 ) ;
#705 = DIRECTION ( 'NONE',  ( 1.000000000000000000, 0.000000000000000000, 0.000000000000000000 ) ) ;
#706 = EDGE_LOOP ( 'NONE', ( #246, #679, #428, #907 ) ) ;
#707 = CARTESIAN_POINT ( 'NONE',  ( 6.212435565298211060, 2.400000000000011902, 2.799999999999999822 ) ) ;
#708 = LINE ( 'NONE', #1676, #1263 ) ;
#709 = VECTOR ( 'NONE', #1417, 1000.000000000000000 ) ;
#710 = LINE ( 'NONE', #427, #769 ) ;
#711 = ORIENTED_EDGE ( 'NONE', *, *, #1314, .T. ) ;
#712 = EDGE_LOOP ( 'NONE', ( #1772, #590, #233, #73 ) ) ;
#713 = VECTOR ( 'NONE', #1778, 1000.000000000000000 ) ;
#714 = ORIENTED_EDGE ( 'NONE', *, *, #949, .F. ) ;
#715 = DIRECTION ( 'NONE',  ( 0.000000000000000000, -1.000000000000000000, 0.000000000000000000 ) ) ;
#716 = ORIENTED_EDGE ( 'NONE', *, *, #1279, .T. ) ;
#717 = CARTESIAN_POINT ( 'NONE',  ( 0.000000000000000000, 60.00000000000000000, 6.000000000000000000 ) ) ;
#718 = DIRECTION ( 'NONE',  ( 0.000000000000000000, 0.000000000000000000, 1.000000000000000000 ) ) ;
#719 = VERTEX_POINT ( 'NONE', #402 ) ;
#720 = ADVANCED_FACE ( 'NONE', ( #1106 ), #684, .F. ) ;
#721 = EDGE_CURVE ( 'NONE', #91, #1658, #514, .T. ) ;
#722 = CARTESIAN_POINT ( 'NONE',  ( 3.787564434701790272, 2.400000000000020339, 0.000000000000000000 ) ) ;
#723 = CYLINDRICAL_SURFACE ( 'NONE', #1120, 1.000000000000000000 ) ;
#724 = EDGE_CURVE ( 'NONE', #500, #347, #1670, .T. ) ;
#725 = DIRECTION ( 'NONE',  ( -0.5000000000000002220, 0.8660254037844384856, 0.000000000000000000 ) ) ;
#726 = VERTEX_POINT ( 'NONE', #674 ) ;
#727 = AXIS2_PLACEMENT_3D ( 'NONE', #1662, #1347, #1 ) ;
#728 = DIRECTION ( 'NONE',  ( -0.5000000000000072164, -0.8660254037844344888, 0.000000000000000000 ) ) ;
#729 = DIRECTION ( 'NONE',  ( 0.000000000000000000, 0.000000000000000000, 1.000000000000000000 ) ) ;
#730 = ADVANCED_FACE ( 'NONE', ( #815 ), #1802, .F. ) ;
#731 = DIRECTION ( 'NONE',  ( -1.000000000000000000, 0.000000000000000000, 0.000000000000000000 ) ) ;
#732 = VECTOR ( 'NONE', #828, 1000.000000000000000 ) ;
#733 = DIRECTION ( 'NONE',  ( 1.000000000000000000, 0.000000000000000000, 0.000000000000000000 ) ) ;
#734 = CARTESIAN_POINT ( 'NONE',  ( 5.000000000000007994, 55.50000000000000000, 0.000000000000000000 ) ) ;
#735 = DIRECTION ( 'NONE',  ( -1.000000000000000000, -1.734723475976806848E-16, 0.000000000000000000 ) ) ;
#736 = EDGE_CURVE ( 'NONE', #1671, #158, #1430, .T. ) ;
#737 = AXIS2_PLACEMENT_3D ( 'NONE', #734, #1453, #1488 ) ;
#738 = DIRECTION ( 'NONE',  ( 1.000000000000000000, 1.700709290173340163E-16, 0.000000000000000000 ) ) ;
#739 = CARTESIAN_POINT ( 'NONE',  ( 32.50000000000001421, 2.000000000000000000, 6.000000000000000000 ) ) ;
#740 = EDGE_CURVE ( 'NONE', #1326, #1251, #970, .T. ) ;
#741 = DIRECTION ( 'NONE',  ( 0.8660254037844382635, -0.5000000000000008882, 0.000000000000000000 ) ) ;
#742 = DIRECTION ( 'NONE',  ( -0.000000000000000000, -0.000000000000000000, -1.000000000000000000 ) ) ;
#743 = VERTEX_POINT ( 'NONE', #1525 ) ;
#744 = VERTEX_POINT ( 'NONE', #99 ) ;
#745 = EDGE_CURVE ( 'NONE', #441, #468, #271, .T. ) ;
#746 = CARTESIAN_POINT ( 'NONE',  ( 33.78756443470178539, 6.600000000000005862, 2.799999999999999822 ) ) ;
#747 = CARTESIAN_POINT ( 'NONE',  ( 32.57512886940357788, 4.500000000000008882, 0.000000000000000000 ) ) ;
#748 = DIRECTION ( 'NONE',  ( 1.000000000000000000, 0.000000000000000000, 0.000000000000000000 ) ) ;
#749 = EDGE_CURVE ( 'NONE', #80, #1690, #961, .T. ) ;
#750 = DIRECTION ( 'NONE',  ( 0.5000000000000007772, 0.8660254037844381525, 0.000000000000000000 ) ) ;
#751 = ORIENTED_EDGE ( 'NONE', *, *, #1606, .F. ) ;
#752 = FACE_OUTER_BOUND ( 'NONE', #608, .T. ) ;
#753 = PRODUCT_DEFINITION ( 'UNKNOWN', '', #181, #1076 ) ;
#754 = VERTEX_POINT ( 'NONE', #278 ) ;
#755 = DIRECTION ( 'NONE',  ( 0.000000000000000000, 0.000000000000000000, -1.000000000000000000 ) ) ;
#756 = ORIENTED_EDGE ( 'NONE', *, *, #426, .T. ) ;
#757 = CARTESIAN_POINT ( 'NONE',  ( 32.50000000000000711, 56.00000000000000711, 6.000000000000000000 ) ) ;
#758 = CARTESIAN_POINT ( 'NONE',  ( 3.787564434701820026, 6.600000000000004086, 2.799999999999999822 ) ) ;
#759 = ADVANCED_FACE ( 'NONE', ( #1389, #947, #832, #552, #1249 ), #695, .F. ) ;
#760 = VECTOR ( 'NONE', #1266, 1000.000000000000000 ) ;
#761 = DIRECTION ( 'NONE',  ( -0.8660254037844377084, 0.5000000000000017764, 0.000000000000000000 ) ) ;
#762 = ORIENTED_EDGE ( 'NONE', *, *, #444, .T. ) ;
#763 = LINE ( 'NONE', #1322, #298 ) ;
#764 = ORIENTED_EDGE ( 'NONE', *, *, #1116, .F. ) ;
#765 = CARTESIAN_POINT ( 'NONE',  ( 3.850000000000008082, 4.500000000000003553, 6.000000000000000000 ) ) ;
#766 = CIRCLE ( 'NONE', #364, 1.149999999999998135 ) ;
#767 = CARTESIAN_POINT ( 'NONE',  ( 6.212435565298240370, 6.599999999999979217, 0.000000000000000000 ) ) ;
#768 = ORIENTED_EDGE ( 'NONE', *, *, #1116, .T. ) ;
#769 = VECTOR ( 'NONE', #993, 1000.000000000000000 ) ;
#770 = PLANE ( 'NONE',  #1686 ) ;
#771 = CARTESIAN_POINT ( 'NONE',  ( 15.49999999999999822, 60.00000000000000000, 3.000000000000000000 ) ) ;
#772 = CARTESIAN_POINT ( 'NONE',  ( 36.21243556529824303, 57.60000000000000142, 0.000000000000000000 ) ) ;
#773 = PLANE ( 'NONE',  #655 ) ;
#774 = VERTEX_POINT ( 'NONE', #1114 ) ;
#775 = CARTESIAN_POINT ( 'NONE',  ( 17.50000000000001066, 15.20000000000000284, 6.000000000000000000 ) ) ;
#776 = CARTESIAN_POINT ( 'NONE',  ( 0.000000000000000000, 60.00000000000000000, 6.000000000000000000 ) ) ;
#777 = EDGE_CURVE ( 'NONE', #57, #843, #935, .T. ) ;
#778 = ORIENTED_EDGE ( 'NONE', *, *, #28, .F. ) ;
#779 = DIRECTION ( 'NONE',  ( -1.000000000000000000, -1.224646799147353454E-16, 0.000000000000000000 ) ) ;
#780 = LINE ( 'NONE', #497, #465 ) ;
#781 = CYLINDRICAL_SURFACE ( 'NONE', #134, 1.000000000000000000 ) ;
#782 = CARTESIAN_POINT ( 'NONE',  ( 36.21243556529824303, 57.60000000000000142, 0.000000000000000000 ) ) ;
#783 = EDGE_LOOP ( 'NONE', ( #1512, #1508, #329, #1452 ) ) ;
#784 = LINE ( 'NONE', #1183, #1093 ) ;
#785 = VERTEX_POINT ( 'NONE', #654 ) ;
#786 = ORIENTED_EDGE ( 'NONE', *, *, #1606, .T. ) ;
#787 = CARTESIAN_POINT ( 'NONE',  ( 33.78756443470179249, 2.400000000000005240, 2.799999999999999822 ) ) ;
#788 = ADVANCED_FACE ( 'NONE', ( #1209 ), #1779, .F. ) ;
#789 = PLANE ( 'NONE',  #1190 ) ;
#790 = FACE_OUTER_BOUND ( 'NONE', #1500, .T. ) ;
#791 = ORIENTED_EDGE ( 'NONE', *, *, #1136, .F. ) ;
#792 = DIRECTION ( 'NONE',  ( 1.000000000000000000, 0.000000000000000000, 0.000000000000000000 ) ) ;
#793 = VECTOR ( 'NONE', #735, 1000.000000000000000 ) ;
#794 = LINE ( 'NONE', #346, #152 ) ;
#795 = LINE ( 'NONE', #650, #467 ) ;
#796 = ORIENTED_EDGE ( 'NONE', *, *, #36, .T. ) ;
#797 = EDGE_LOOP ( 'NONE', ( #918, #179, #194, #1766 ) ) ;
#798 = EDGE_CURVE ( 'NONE', #400, #1755, #1790, .T. ) ;
#799 = CARTESIAN_POINT ( 'NONE',  ( 0.000000000000000000, 60.00000000000000000, 1.000000000000000000 ) ) ;
#800 = EDGE_CURVE ( 'NONE', #1546, #726, #1143, .T. ) ;
#801 = VECTOR ( 'NONE', #779, 1000.000000000000000 ) ;
#802 = DIRECTION ( 'NONE',  ( -0.000000000000000000, -0.000000000000000000, -1.000000000000000000 ) ) ;
#803 = VECTOR ( 'NONE', #1478, 1000.000000000000000 ) ;
#804 = ADVANCED_FACE ( 'NONE', ( #37 ), #1559, .F. ) ;
#805 = CARTESIAN_POINT ( 'NONE',  ( 24.49999999999999645, 56.00000000000000711, 3.000000000000000000 ) ) ;
#806 = PLANE ( 'NONE',  #583 ) ;
#807 = VERTEX_POINT ( 'NONE', #1714 ) ;
#808 = ADVANCED_FACE ( 'NONE', ( #871 ), #1122, .F. ) ;
#809 = DIRECTION ( 'NONE',  ( 0.000000000000000000, 1.000000000000000000, -0.000000000000000000 ) ) ;
#810 = ORIENTED_EDGE ( 'NONE', *, *, #1129, .T. ) ;
#811 = EDGE_CURVE ( 'NONE', #1234, #287, #451, .T. ) ;
#812 = ORIENTED_EDGE ( 'NONE', *, *, #252, .F. ) ;
#813 = ADVANCED_FACE ( 'NONE', ( #1575, #1689 ), #589, .T. ) ;
#814 = LINE ( 'NONE', #513, #449 ) ;
#815 = FACE_OUTER_BOUND ( 'NONE', #1571, .T. ) ;
#816 = ADVANCED_FACE ( 'NONE', ( #1419 ), #1695, .F. ) ;
#817 = CARTESIAN_POINT ( 'NONE',  ( 33.78756443470178539, 53.39999999999999858, 2.799999999999999822 ) ) ;
#818 = PLANE ( 'NONE',  #1757 ) ;
#819 = ORIENTED_EDGE ( 'NONE', *, *, #457, .F. ) ;
#820 = SHAPE_DEFINITION_REPRESENTATION ( #470, #122 ) ;
#821 = VERTEX_POINT ( 'NONE', #1011 ) ;
#822 = ORIENTED_EDGE ( 'NONE', *, *, #863, .F. ) ;
#823 = FACE_OUTER_BOUND ( 'NONE', #45, .T. ) ;
#824 = CARTESIAN_POINT ( 'NONE',  ( 37.42487113059644344, 4.500000000000003553, 2.799999999999999822 ) ) ;
#825 = EDGE_CURVE ( 'NONE', #548, #915, #24, .T. ) ;
#826 = DIRECTION ( 'NONE',  ( 0.4999999999999950595, -0.8660254037844415942, 0.000000000000000000 ) ) ;
#827 = ORIENTED_EDGE ( 'NONE', *, *, #1063, .T. ) ;
#828 = DIRECTION ( 'NONE',  ( -1.000000000000000000, 0.000000000000000000, 0.000000000000000000 ) ) ;
#829 = VERTEX_POINT ( 'NONE', #445 ) ;
#830 = VERTEX_POINT ( 'NONE', #1567 ) ;
#831 = LINE ( 'NONE', #1218, #314 ) ;
#832 = FACE_BOUND ( 'NONE', #494, .T. ) ;
#833 = VERTEX_POINT ( 'NONE', #581 ) ;
#834 = VECTOR ( 'NONE', #168, 1000.000000000000000 ) ;
#835 = CARTESIAN_POINT ( 'NONE',  ( 32.57512886940357788, 4.500000000000009770, 2.799999999999999822 ) ) ;
#836 = VERTEX_POINT ( 'NONE', #437 ) ;
#837 = DIRECTION ( 'NONE',  ( 0.000000000000000000, 1.000000000000000000, 0.000000000000000000 ) ) ;
#838 = EDGE_LOOP ( 'NONE', ( #529, #385, #259, #1309 ) ) ;
#839 = DIRECTION ( 'NONE',  ( 0.8660254037844388186, -0.4999999999999996669, 0.000000000000000000 ) ) ;
#840 = CARTESIAN_POINT ( 'NONE',  ( 0.000000000000000000, 0.000000000000000000, 6.000000000000000000 ) ) ;
#841 = EDGE_LOOP ( 'NONE', ( #927, #297, #433, #566, #9, #480, #649, #1635 ) ) ;
#842 =( NAMED_UNIT ( * ) SI_UNIT ( $, .STERADIAN. ) SOLID_ANGLE_UNIT ( ) );
#843 = VERTEX_POINT ( 'NONE', #1704 ) ;
#844 = DIRECTION ( 'NONE',  ( 1.387778780781445429E-16, -1.000000000000000000, 0.000000000000000000 ) ) ;
#845 = ORIENTED_EDGE ( 'NONE', *, *, #304, .F. ) ;
#846 = CARTESIAN_POINT ( 'NONE',  ( 39.00000000000000000, 59.00000000000000711, 0.000000000000000000 ) ) ;
#847 = VECTOR ( 'NONE', #1649, 1000.000000000000000 ) ;
#848 = DIRECTION ( 'NONE',  ( 1.000000000000000000, -0.000000000000000000, -0.000000000000000000 ) ) ;
#849 = VERTEX_POINT ( 'NONE', #316 ) ;
#850 = ORIENTED_EDGE ( 'NONE', *, *, #1264, .F. ) ;
#851 =( NAMED_UNIT ( * ) PLANE_ANGLE_UNIT ( ) SI_UNIT ( $, .RADIAN. ) );
#852 = ORIENTED_EDGE ( 'NONE', *, *, #1256, .F. ) ;
#853 = FACE_OUTER_BOUND ( 'NONE', #841, .T. ) ;
#854 = CARTESIAN_POINT ( 'NONE',  ( 40.00000000000000000, 60.00000000000000711, 1.000000000000000000 ) ) ;
#855 = CIRCLE ( 'NONE', #561, 1.149999999999998135 ) ;
#856 = CARTESIAN_POINT ( 'NONE',  ( 40.00000000000000000, 4.898587196589413815E-15, 6.000000000000000000 ) ) ;
#857 = AXIS2_PLACEMENT_3D ( 'NONE', #905, #245, #501 ) ;
#858 = ADVANCED_FACE ( 'NONE', ( #574 ), #148, .F. ) ;
#859 = ORIENTED_EDGE ( 'NONE', *, *, #588, .F. ) ;
#860 = AXIS2_PLACEMENT_3D ( 'NONE', #1700, #1130, #313 ) ;
#861 = EDGE_CURVE ( 'NONE', #1260, #1071, #562, .T. ) ;
#862 = VECTOR ( 'NONE', #277, 1000.000000000000000 ) ;
#863 = EDGE_CURVE ( 'NONE', #1777, #754, #1440, .T. ) ;
#864 = CARTESIAN_POINT ( 'NONE',  ( 32.57512886940357077, 55.49999999999999289, 2.799999999999999822 ) ) ;
#865 = EDGE_CURVE ( 'NONE', #1205, #547, #1291, .T. ) ;
#866 = LINE ( 'NONE', #717, #1563 ) ;
#867 = DIRECTION ( 'NONE',  ( 0.8660254037844385966, 0.5000000000000003331, -0.000000000000000000 ) ) ;
#868 = EDGE_CURVE ( 'NONE', #80, #1710, #567, .T. ) ;
#869 = LINE ( 'NONE', #707, #1271 ) ;
#870 = DIRECTION ( 'NONE',  ( 1.000000000000000000, 0.000000000000000000, 0.000000000000000000 ) ) ;
#871 = FACE_OUTER_BOUND ( 'NONE', #712, .T. ) ;
#872 = ORIENTED_EDGE ( 'NONE', *, *, #96, .T. ) ;
#873 = VECTOR ( 'NONE', #1533, 1000.000000000000000 ) ;
#874 = ADVANCED_FACE ( 'NONE', ( #986 ), #1543, .F. ) ;
#875 = DIRECTION ( 'NONE',  ( 0.4999999999999986677, -0.8660254037844392627, 0.000000000000000000 ) ) ;
#876 = CARTESIAN_POINT ( 'NONE',  ( 36.21243556529823593, 53.39999999999999858, 2.799999999999999822 ) ) ;
#877 = CARTESIAN_POINT ( 'NONE',  ( 33.85000000000000853, 4.500000000000003553, 0.000000000000000000 ) ) ;
#878 = LINE ( 'NONE', #1448, #1172 ) ;
#879 = VECTOR ( 'NONE', #1619, 1000.000000000000000 ) ;
#880 = EDGE_CURVE ( 'NONE', #133, #671, #710, .T. ) ;
#881 = VECTOR ( 'NONE', #1324, 1000.000000000000000 ) ;
#882 = CARTESIAN_POINT ( 'NONE',  ( 7.424871130596424784, 55.49999999999999289, 2.799999999999999822 ) ) ;
#883 = DIRECTION ( 'NONE',  ( -1.000000000000000000, 0.000000000000000000, 0.000000000000000000 ) ) ;
#884 = DIRECTION ( 'NONE',  ( -0.000000000000000000, -0.000000000000000000, 1.000000000000000000 ) ) ;
#885 = AXIS2_PLACEMENT_3D ( 'NONE', #307, #999, #32 ) ;
#886 = DIRECTION ( 'NONE',  ( 0.000000000000000000, 0.000000000000000000, -1.000000000000000000 ) ) ;
#887 = VECTOR ( 'NONE', #1274, 1000.000000000000000 ) ;
#888 = EDGE_CURVE ( 'NONE', #719, #1458, #1267, .T. ) ;
#889 = CARTESIAN_POINT ( 'NONE',  ( 36.21243556529822882, 6.600000000000005862, 2.799999999999999822 ) ) ;
#890 = CARTESIAN_POINT ( 'NONE',  ( 36.21243556529822882, 2.400000000000005240, 2.799999999999999822 ) ) ;
#891 = CARTESIAN_POINT ( 'NONE',  ( 36.21243556529823593, 53.39999999999999858, 2.799999999999999822 ) ) ;
#892 = EDGE_LOOP ( 'NONE', ( #127, #75, #1455, #146 ) ) ;
#893 = CARTESIAN_POINT ( 'NONE',  ( 37.42487113059644344, 4.500000000000003553, 0.000000000000000000 ) ) ;
#894 = ORIENTED_EDGE ( 'NONE', *, *, #724, .T. ) ;
#895 = CARTESIAN_POINT ( 'NONE',  ( 33.78756443470178539, 6.600000000000005862, 0.000000000000000000 ) ) ;
#896 = ORIENTED_EDGE ( 'NONE', *, *, #721, .F. ) ;
#897 = LINE ( 'NONE', #1459, #21 ) ;
#898 = FACE_OUTER_BOUND ( 'NONE', #1362, .T. ) ;
#899 = CIRCLE ( 'NONE', #1460, 1.149999999999999023 ) ;
#900 = DIRECTION ( 'NONE',  ( -1.000000000000000000, 0.000000000000000000, 0.000000000000000000 ) ) ;
#901 = ORIENTED_EDGE ( 'NONE', *, *, #1175, .F. ) ;
#902 = CARTESIAN_POINT ( 'NONE',  ( 33.78756443470178539, 6.600000000000005862, 2.799999999999999822 ) ) ;
#903 = CIRCLE ( 'NONE', #1760, 1.149999999999998135 ) ;
#904 = ORIENTED_EDGE ( 'NONE', *, *, #1721, .F. ) ;
#905 = CARTESIAN_POINT ( 'NONE',  ( 33.78756443470179249, 57.60000000000000142, 2.799999999999999822 ) ) ;
#906 = DIRECTION ( 'NONE',  ( 0.4999999999999993894, -0.8660254037844389297, 0.000000000000000000 ) ) ;
#907 = ORIENTED_EDGE ( 'NONE', *, *, #495, .T. ) ;
#908 = DIRECTION ( 'NONE',  ( 0.000000000000000000, 0.000000000000000000, -1.000000000000000000 ) ) ;
#909 = ORIENTED_EDGE ( 'NONE', *, *, #343, .T. ) ;
#910 = DIRECTION ( 'NONE',  ( -0.4999999999999991118, -0.8660254037844391517, 0.000000000000000000 ) ) ;
#911 = EDGE_CURVE ( 'NONE', #689, #1156, #1337, .T. ) ;
#912 = AXIS2_PLACEMENT_3D ( 'NONE', #331, #886, #1446 ) ;
#913 = CARTESIAN_POINT ( 'NONE',  ( 32.57512886940357788, 4.500000000000009770, 2.799999999999999822 ) ) ;
#914 = VECTOR ( 'NONE', #492, 1000.000000000000000 ) ;
#915 = VERTEX_POINT ( 'NONE', #625 ) ;
#916 = CYLINDRICAL_SURFACE ( 'NONE', #988, 1.149999999999999911 ) ;
#917 = ORIENTED_EDGE ( 'NONE', *, *, #1264, .T. ) ;
#918 = ORIENTED_EDGE ( 'NONE', *, *, #457, .T. ) ;
#919 = FACE_BOUND ( 'NONE', #680, .T. ) ;
#920 = AXIS2_PLACEMENT_3D ( 'NONE', #1077, #1089, #656 ) ;
#921 = CARTESIAN_POINT ( 'NONE',  ( 2.575128869403585874, 55.50000000000000000, 2.799999999999999822 ) ) ;
#922 = EDGE_LOOP ( 'NONE', ( #1385, #585 ) ) ;
#923 = CIRCLE ( 'NONE', #253, 1.149999999999999911 ) ;
#924 = CARTESIAN_POINT ( 'NONE',  ( 33.78756443470179249, 2.400000000000005240, 0.000000000000000000 ) ) ;
#925 = DIRECTION ( 'NONE',  ( -0.000000000000000000, -0.000000000000000000, -1.000000000000000000 ) ) ;
#926 = DIRECTION ( 'NONE',  ( -0.4999999999999996669, 0.8660254037844388186, 0.000000000000000000 ) ) ;
#927 = ORIENTED_EDGE ( 'NONE', *, *, #204, .F. ) ;
#928 = LINE ( 'NONE', #469, #505 ) ;
#929 = VERTEX_POINT ( 'NONE', #342 ) ;
#930 = ADVANCED_FACE ( 'NONE', ( #1747 ), #770, .F. ) ;
#931 = DIRECTION ( 'NONE',  ( 0.000000000000000000, 0.000000000000000000, 1.000000000000000000 ) ) ;
#932 = ORIENTED_EDGE ( 'NONE', *, *, #252, .T. ) ;
#933 = VERTEX_POINT ( 'NONE', #200 ) ;
#934 = PLANE ( 'NONE',  #138 ) ;
#935 = LINE ( 'NONE', #1493, #1401 ) ;
#936 = CARTESIAN_POINT ( 'NONE',  ( 24.49999999999999645, 60.00000000000000000, 3.000000000000000000 ) ) ;
#937 = AXIS2_PLACEMENT_3D ( 'NONE', #675, #1507, #1519 ) ;
#938 = ORIENTED_EDGE ( 'NONE', *, *, #1331, .T. ) ;
#939 = CARTESIAN_POINT ( 'NONE',  ( 0.000000000000000000, 0.000000000000000000, 2.799999999999999822 ) ) ;
#940 = EDGE_CURVE ( 'NONE', #667, #849, #462, .T. ) ;
#941 = ORIENTED_EDGE ( 'NONE', *, *, #33, .F. ) ;
#942 = EDGE_LOOP ( 'NONE', ( #1102, #1108, #599, #1483, #623, #139 ) ) ;
#943 = CARTESIAN_POINT ( 'NONE',  ( 6.150000000000007461, 55.50000000000000000, 6.000000000000000000 ) ) ;
#944 = VERTEX_POINT ( 'NONE', #1022 ) ;
#945 = ORIENTED_EDGE ( 'NONE', *, *, #673, .F. ) ;
#946 = CARTESIAN_POINT ( 'NONE',  ( 24.49999999999999645, 56.00000000000000711, 3.000000000000000000 ) ) ;
#947 = FACE_BOUND ( 'NONE', #942, .T. ) ;
#948 = EDGE_CURVE ( 'NONE', #830, #563, #878, .T. ) ;
#949 = EDGE_CURVE ( 'NONE', #743, #944, #1598, .T. ) ;
#950 = FACE_OUTER_BOUND ( 'NONE', #1666, .T. ) ;
#951 = DIRECTION ( 'NONE',  ( 1.000000000000000000, 1.224646799147353454E-16, 0.000000000000000000 ) ) ;
#952 = VECTOR ( 'NONE', #925, 1000.000000000000000 ) ;
#953 = ORIENTED_EDGE ( 'NONE', *, *, #1725, .T. ) ;
#954 = ORIENTED_EDGE ( 'NONE', *, *, #1384, .F. ) ;
#955 = DIRECTION ( 'NONE',  ( 0.8660254037844415942, 0.4999999999999950595, -0.000000000000000000 ) ) ;
#956 = VECTOR ( 'NONE', #1510, 1000.000000000000000 ) ;
#957 = EDGE_LOOP ( 'NONE', ( #1764, #7, #917, #1616 ) ) ;
#958 = LINE ( 'NONE', #532, #1268 ) ;
#959 = VECTOR ( 'NONE', #1358, 1000.000000000000000 ) ;
#960 = EDGE_CURVE ( 'NONE', #1029, #57, #1470, .T. ) ;
#961 = LINE ( 'NONE', #1379, #873 ) ;
#962 = DIRECTION ( 'NONE',  ( -0.000000000000000000, -0.000000000000000000, 1.000000000000000000 ) ) ;
#963 = PLANE ( 'NONE',  #937 ) ;
#964 = EDGE_LOOP ( 'NONE', ( #1400, #511, #692, #1469 ) ) ;
#965 =( NAMED_UNIT ( * ) PLANE_ANGLE_UNIT ( ) SI_UNIT ( $, .RADIAN. ) );
#966 = VERTEX_POINT ( 'NONE', #84 ) ;
#967 = LINE ( 'NONE', #260, #1808 ) ;
#968 = EDGE_CURVE ( 'NONE', #830, #642, #1031, .T. ) ;
#969 =( BOUNDED_CURVE ( )  B_SPLINE_CURVE ( 3, ( #1673, #412, #1351, #102 ),
 .UNSPECIFIED., .F., .T. ) 
 B_SPLINE_CURVE_WITH_KNOTS ( ( 4, 4 ),
 ( 0.000000000000000000, 1.570796326794896558 ),
 .UNSPECIFIED. ) 
 CURVE ( )  GEOMETRIC_REPRESENTATION_ITEM ( )  RATIONAL_B_SPLINE_CURVE ( ( 1.000000000000000000, 0.8047378541243649375, 0.8047378541243649375, 1.000000000000000000 ) ) 
 REPRESENTATION_ITEM ( '' )  );
#970 = LINE ( 'NONE', #382, #197 ) ;
#971 = DIRECTION ( 'NONE',  ( -1.000000000000000000, 0.000000000000000000, -0.000000000000000000 ) ) ;
#972 = ORIENTED_EDGE ( 'NONE', *, *, #399, .T. ) ;
#973 = DIRECTION ( 'NONE',  ( -1.000000000000000000, 0.000000000000000000, 0.000000000000000000 ) ) ;
#974 = AXIS2_PLACEMENT_3D ( 'NONE', #1079, #1528, #1380 ) ;
#975 = VERTEX_POINT ( 'NONE', #64 ) ;
#976 = CARTESIAN_POINT ( 'NONE',  ( 7.424871130596423896, 4.500000000000003553, 2.799999999999999822 ) ) ;
#977 = CARTESIAN_POINT ( 'NONE',  ( 3.787564434701790272, 2.400000000000020339, 2.799999999999999822 ) ) ;
#978 = VERTEX_POINT ( 'NONE', #1607 ) ;
#979 = CARTESIAN_POINT ( 'NONE',  ( 32.50000000000001421, 15.20000000000000639, 2.000000000000000000 ) ) ;
#980 = ADVANCED_FACE ( 'NONE', ( #354 ), #184, .F. ) ;
#981 = ORIENTED_EDGE ( 'NONE', *, *, #558, .T. ) ;
#982 = CARTESIAN_POINT ( 'NONE',  ( 0.000000000000000000, 0.000000000000000000, 0.000000000000000000 ) ) ;
#983 = ORIENTED_EDGE ( 'NONE', *, *, #584, .F. ) ;
#984 = VECTOR ( 'NONE', #837, 1000.000000000000000 ) ;
#985 = DIRECTION ( 'NONE',  ( 0.000000000000000000, 0.000000000000000000, 1.000000000000000000 ) ) ;
#986 = FACE_OUTER_BOUND ( 'NONE', #489, .T. ) ;
#987 = ORIENTED_EDGE ( 'NONE', *, *, #232, .T. ) ;
#988 = AXIS2_PLACEMENT_3D ( 'NONE', #58, #43, #1742 ) ;
#989 = ORIENTED_EDGE ( 'NONE', *, *, #1054, .F. ) ;
#990 = DIRECTION ( 'NONE',  ( 1.000000000000000000, 0.000000000000000000, 0.000000000000000000 ) ) ;
#991 = CARTESIAN_POINT ( 'NONE',  ( 0.000000000000000000, 60.00000000000000000, 6.000000000000000000 ) ) ;
#992 = FACE_OUTER_BOUND ( 'NONE', #706, .T. ) ;
#993 = DIRECTION ( 'NONE',  ( 0.4999999999999998335, 0.8660254037844387076, 0.000000000000000000 ) ) ;
#994 = ORIENTED_EDGE ( 'NONE', *, *, #33, .T. ) ;
#995 = ORIENTED_EDGE ( 'NONE', *, *, #1787, .T. ) ;
#996 =( LENGTH_UNIT ( ) NAMED_UNIT ( * ) SI_UNIT ( .MILLI., .METRE. ) );
#997 = DIRECTION ( 'NONE',  ( 1.000000000000000000, -3.398092544762633625E-15, 0.000000000000000000 ) ) ;
#998 = EDGE_CURVE ( 'NONE', #1710, #80, #923, .T. ) ;
#999 = DIRECTION ( 'NONE',  ( 0.8660254037844380415, -0.5000000000000012212, 0.000000000000000000 ) ) ;
#1000 = ORIENTED_EDGE ( 'NONE', *, *, #530, .T. ) ;
#1001 = EDGE_CURVE ( 'NONE', #1344, #500, #74, .T. ) ;
#1002 = LINE ( 'NONE', #991, #256 ) ;
#1003 = CARTESIAN_POINT ( 'NONE',  ( 17.50000000000001066, 15.20000000000000284, 2.000000000000000000 ) ) ;
#1004 = AXIS2_PLACEMENT_3D ( 'NONE', #295, #1406, #587 ) ;
#1005 = CARTESIAN_POINT ( 'NONE',  ( 0.000000000000000000, 0.000000000000000000, 2.799999999999999822 ) ) ;
#1006 = AXIS2_PLACEMENT_3D ( 'NONE', #1578, #715, #592 ) ;
#1007 = AXIS2_PLACEMENT_3D ( 'NONE', #595, #417, #1133 ) ;
#1008 = CARTESIAN_POINT ( 'NONE',  ( 2.575128869403592535, 4.500000000000021316, 2.799999999999999822 ) ) ;
#1009 = VERTEX_POINT ( 'NONE', #747 ) ;
#1010 = CARTESIAN_POINT ( 'NONE',  ( 39.00000000000000000, 4.898587196589413815E-15, 1.000000000000000000 ) ) ;
#1011 = CARTESIAN_POINT ( 'NONE',  ( 17.50000000000001066, 2.000000000000000000, 6.000000000000000000 ) ) ;
#1012 = EDGE_LOOP ( 'NONE', ( #189, #199, #541, #267 ) ) ;
#1013 = DIRECTION ( 'NONE',  ( -0.000000000000000000, -0.000000000000000000, 1.000000000000000000 ) ) ;
#1014 = PLANE ( 'NONE',  #1319 ) ;
#1015 = CARTESIAN_POINT ( 'NONE',  ( 33.85000000000000853, 55.50000000000000000, 2.799999999999999822 ) ) ;
#1016 = DIRECTION ( 'NONE',  ( 0.000000000000000000, 0.000000000000000000, -1.000000000000000000 ) ) ;
#1017 = DIRECTION ( 'NONE',  ( -1.000000000000000000, 0.000000000000000000, 0.000000000000000000 ) ) ;
#1018 = ORIENTED_EDGE ( 'NONE', *, *, #1721, .T. ) ;
#1019 = DIRECTION ( 'NONE',  ( 0.5000000000000017764, 0.8660254037844375974, 0.000000000000000000 ) ) ;
#1020 = ORIENTED_EDGE ( 'NONE', *, *, #411, .T. ) ;
#1021 = LINE ( 'NONE', #1174, #61 ) ;
#1022 = CARTESIAN_POINT ( 'NONE',  ( 24.49999999999999645, 60.00000000000000000, 6.000000000000000000 ) ) ;
#1023 = AXIS2_PLACEMENT_3D ( 'NONE', #758, #1449, #1769 ) ;
#1024 = CARTESIAN_POINT ( 'NONE',  ( 37.42487113059645054, 55.50000000000000000, 0.000000000000000000 ) ) ;
#1025 = CARTESIAN_POINT ( 'NONE',  ( 7.500000000000005329, 56.00000000000000711, 2.000000000000000000 ) ) ;
#1026 = ORIENTED_EDGE ( 'NONE', *, *, #740, .F. ) ;
#1027 = PLANE ( 'NONE',  #334 ) ;
#1028 = AXIS2_PLACEMENT_3D ( 'NONE', #401, #521, #1208 ) ;
#1029 = VERTEX_POINT ( 'NONE', #1303 ) ;
#1030 = DIRECTION ( 'NONE',  ( -0.000000000000000000, -0.000000000000000000, 1.000000000000000000 ) ) ;
#1031 = LINE ( 'NONE', #634, #1659 ) ;
#1032 = CARTESIAN_POINT ( 'NONE',  ( 7.500000000000011546, 2.000000000000000000, 2.000000000000000000 ) ) ;
#1033 = FACE_OUTER_BOUND ( 'NONE', #274, .T. ) ;
#1034 = ORIENTED_EDGE ( 'NONE', *, *, #1427, .T. ) ;
#1035 = CARTESIAN_POINT ( 'NONE',  ( 35.00000000000000711, 55.50000000000000000, 0.000000000000000000 ) ) ;
#1036 = CARTESIAN_POINT ( 'NONE',  ( 0.000000000000000000, 0.000000000000000000, 6.000000000000000000 ) ) ;
#1037 = CARTESIAN_POINT ( 'NONE',  ( 7.500000000000005329, 56.00000000000000711, 2.000000000000000000 ) ) ;
#1038 = EDGE_LOOP ( 'NONE', ( #1746, #1573, #311, #358 ) ) ;
#1039 = EDGE_CURVE ( 'NONE', #774, #1682, #496, .T. ) ;
#1040 = CARTESIAN_POINT ( 'NONE',  ( 3.787564434701799598, 53.40000000000000568, 2.799999999999999822 ) ) ;
#1041 = EDGE_CURVE ( 'NONE', #978, #1009, #612, .T. ) ;
#1042 = DIRECTION ( 'NONE',  ( 1.275531967630005245E-16, -1.000000000000000000, 0.000000000000000000 ) ) ;
#1043 = ADVANCED_FACE ( 'NONE', ( #227 ), #1165, .F. ) ;
#1044 = VECTOR ( 'NONE', #826, 1000.000000000000000 ) ;
#1045 = DIRECTION ( 'NONE',  ( -0.000000000000000000, -0.000000000000000000, -1.000000000000000000 ) ) ;
#1046 =( BOUNDED_CURVE ( )  B_SPLINE_CURVE ( 3, ( #1428, #38, #1151, #1718 ),
 .UNSPECIFIED., .F., .T. ) 
 B_SPLINE_CURVE_WITH_KNOTS ( ( 4, 4 ),
 ( 0.000000000000000000, 1.570796326794896558 ),
 .UNSPECIFIED. ) 
 CURVE ( )  GEOMETRIC_REPRESENTATION_ITEM ( )  RATIONAL_B_SPLINE_CURVE ( ( 1.000000000000000000, 0.8047378541243649375, 0.8047378541243649375, 1.000000000000000000 ) ) 
 REPRESENTATION_ITEM ( '' )  );
#1047 = ORIENTED_EDGE ( 'NONE', *, *, #1248, .F. ) ;
#1048 = CARTESIAN_POINT ( 'NONE',  ( 33.78756443470178539, 53.39999999999999858, 2.799999999999999822 ) ) ;
#1049 = CARTESIAN_POINT ( 'NONE',  ( 36.21243556529822882, 2.400000000000005240, 2.799999999999999822 ) ) ;
#1050 = CARTESIAN_POINT ( 'NONE',  ( 6.212435565298212836, 53.40000000000000568, 2.799999999999999822 ) ) ;
#1051 = ORIENTED_EDGE ( 'NONE', *, *, #105, .T. ) ;
#1052 = CARTESIAN_POINT ( 'NONE',  ( 7.424871130596423896, 4.500000000000003553, 0.000000000000000000 ) ) ;
#1053 = FACE_OUTER_BOUND ( 'NONE', #668, .T. ) ;
#1054 = EDGE_CURVE ( 'NONE', #785, #843, #897, .T. ) ;
#1055 = CYLINDRICAL_SURFACE ( 'NONE', #1804, 1.149999999999999911 ) ;
#1056 = ORIENTED_EDGE ( 'NONE', *, *, #1273, .T. ) ;
#1057 = CARTESIAN_POINT ( 'NONE',  ( 7.424871130596424784, 55.49999999999999289, 2.799999999999999822 ) ) ;
#1058 = ORIENTED_EDGE ( 'NONE', *, *, #171, .F. ) ;
#1059 = FACE_OUTER_BOUND ( 'NONE', #438, .T. ) ;
#1060 = ORIENTED_EDGE ( 'NONE', *, *, #949, .T. ) ;
#1061 = DIRECTION ( 'NONE',  ( -0.000000000000000000, -0.000000000000000000, -1.000000000000000000 ) ) ;
#1062 = LINE ( 'NONE', #1629, #617 ) ;
#1063 = EDGE_CURVE ( 'NONE', #1071, #1540, #363, .T. ) ;
#1064 = DIRECTION ( 'NONE',  ( -0.8660254037844380415, -0.5000000000000009992, 0.000000000000000000 ) ) ;
#1065 = ORIENTED_EDGE ( 'NONE', *, *, #777, .T. ) ;
#1066 = CARTESIAN_POINT ( 'NONE',  ( 37.42487113059645054, 55.50000000000000000, 2.799999999999999822 ) ) ;
#1067 = ORIENTED_EDGE ( 'NONE', *, *, #261, .T. ) ;
#1068 = EDGE_LOOP ( 'NONE', ( #660, #1520, #125, #1537, #1596, #954 ) ) ;
#1069 = CARTESIAN_POINT ( 'NONE',  ( 6.212435565298211060, 2.400000000000011902, 0.000000000000000000 ) ) ;
#1070 = EDGE_LOOP ( 'NONE', ( #1390, #1632, #1200, #953 ) ) ;
#1071 = VERTEX_POINT ( 'NONE', #1580 ) ;
#1072 = CARTESIAN_POINT ( 'NONE',  ( 32.50000000000000711, 56.00000000000000711, 2.000000000000000000 ) ) ;
#1073 = ADVANCED_FACE ( 'NONE', ( #1153 ), #1801, .F. ) ;
#1074 = CARTESIAN_POINT ( 'NONE',  ( 0.000000000000000000, 0.000000000000000000, 0.000000000000000000 ) ) ;
#1075 = ADVANCED_FACE ( 'NONE', ( #1197 ), #1532, .F. ) ;
#1076 = PRODUCT_DEFINITION_CONTEXT ( 'detailed design', #1139, 'design' ) ;
#1077 = CARTESIAN_POINT ( 'NONE',  ( 5.000000000000007994, 55.50000000000000000, 2.799999999999999822 ) ) ;
#1078 = VECTOR ( 'NONE', #142, 1000.000000000000227 ) ;
#1079 = CARTESIAN_POINT ( 'NONE',  ( 35.00000000000000711, 55.50000000000000000, 0.000000000000000000 ) ) ;
#1080 = EDGE_LOOP ( 'NONE', ( #371, #388, #812, #414 ) ) ;
#1081 = CARTESIAN_POINT ( 'NONE',  ( 0.000000000000000000, 0.000000000000000000, 1.000000000000000000 ) ) ;
#1082 = AXIS2_PLACEMENT_3D ( 'NONE', #49, #761, #1740 ) ;
#1083 = ORIENTED_EDGE ( 'NONE', *, *, #1647, .T. ) ;
#1084 = EDGE_CURVE ( 'NONE', #744, #1085, #1653, .T. ) ;
#1085 = VERTEX_POINT ( 'NONE', #799 ) ;
#1086 = LINE ( 'NONE', #1072, #1420 ) ;
#1087 = EDGE_CURVE ( 'NONE', #1696, #1231, #1513, .T. ) ;
#1088 = CARTESIAN_POINT ( 'NONE',  ( 15.49999999999999822, 56.00000000000000711, 3.000000000000000000 ) ) ;
#1089 = DIRECTION ( 'NONE',  ( -0.000000000000000000, 0.000000000000000000, 1.000000000000000000 ) ) ;
#1090 = CARTESIAN_POINT ( 'NONE',  ( 6.212435565298210172, 57.60000000000000142, 2.799999999999999822 ) ) ;
#1091 = AXIS2_PLACEMENT_3D ( 'NONE', #1728, #1610, #1328 ) ;
#1092 = ORIENTED_EDGE ( 'NONE', *, *, #1758, .T. ) ;
#1093 = VECTOR ( 'NONE', #1499, 1000.000000000000000 ) ;
#1094 = ORIENTED_EDGE ( 'NONE', *, *, #740, .T. ) ;
#1095 = EDGE_CURVE ( 'NONE', #1148, #978, #237, .T. ) ;
#1096 = ORIENTED_EDGE ( 'NONE', *, *, #1620, .F. ) ;
#1097 = PLANE ( 'NONE',  #1479 ) ;
#1098 = VECTOR ( 'NONE', #1767, 1000.000000000000000 ) ;
#1099 = DIRECTION ( 'NONE',  ( 0.4999999999999948930, -0.8660254037844415942, 0.000000000000000000 ) ) ;
#1100 = FACE_OUTER_BOUND ( 'NONE', #1192, .T. ) ;
#1101 = ORIENTED_EDGE ( 'NONE', *, *, #1809, .T. ) ;
#1102 = ORIENTED_EDGE ( 'NONE', *, *, #349, .F. ) ;
#1103 = CARTESIAN_POINT ( 'NONE',  ( 40.00000000000000000, 4.898587196589413815E-15, 1.000000000000000000 ) ) ;
#1104 = ORIENTED_EDGE ( 'NONE', *, *, #1039, .T. ) ;
#1105 = DIRECTION ( 'NONE',  ( -0.4999999999999998335, -0.8660254037844387076, 0.000000000000000000 ) ) ;
#1106 = FACE_OUTER_BOUND ( 'NONE', #1138, .T. ) ;
#1107 = EDGE_CURVE ( 'NONE', #849, #468, #1811, .T. ) ;
#1108 = ORIENTED_EDGE ( 'NONE', *, *, #865, .F. ) ;
#1109 = FACE_OUTER_BOUND ( 'NONE', #1498, .T. ) ;
#1110 = ORIENTED_EDGE ( 'NONE', *, *, #243, .T. ) ;
#1111 = VECTOR ( 'NONE', #792, 1000.000000000000000 ) ;
#1112 = ORIENTED_EDGE ( 'NONE', *, *, #777, .F. ) ;
#1113 = FACE_OUTER_BOUND ( 'NONE', #116, .T. ) ;
#1114 = CARTESIAN_POINT ( 'NONE',  ( 7.424871130596423896, 4.500000000000003553, 0.000000000000000000 ) ) ;
#1115 = ORIENTED_EDGE ( 'NONE', *, *, #1542, .T. ) ;
#1116 = EDGE_CURVE ( 'NONE', #1696, #743, #958, .T. ) ;
#1117 = DIRECTION ( 'NONE',  ( 0.000000000000000000, 0.000000000000000000, 1.000000000000000000 ) ) ;
#1118 = ORIENTED_EDGE ( 'NONE', *, *, #1518, .F. ) ;
#1119 = PLANE ( 'NONE',  #1006 ) ;
#1120 = AXIS2_PLACEMENT_3D ( 'NONE', #1010, #1281, #1574 ) ;
#1121 = LINE ( 'NONE', #12, #681 ) ;
#1122 = PLANE ( 'NONE',  #100 ) ;
#1123 = VECTOR ( 'NONE', #41, 1000.000000000000227 ) ;
#1124 = ORIENTED_EDGE ( 'NONE', *, *, #1518, .T. ) ;
#1125 = EDGE_CURVE ( 'NONE', #671, #651, #967, .T. ) ;
#1126 = VECTOR ( 'NONE', #324, 1000.000000000000000 ) ;
#1127 = CARTESIAN_POINT ( 'NONE',  ( 6.212435565298210172, 57.60000000000000142, 0.000000000000000000 ) ) ;
#1128 = ORIENTED_EDGE ( 'NONE', *, *, #736, .T. ) ;
#1129 = EDGE_CURVE ( 'NONE', #1356, #1601, #1502, .T. ) ;
#1130 = DIRECTION ( 'NONE',  ( 0.000000000000000000, -1.000000000000000000, 0.000000000000000000 ) ) ;
#1131 = DIRECTION ( 'NONE',  ( -0.000000000000000000, -0.000000000000000000, 1.000000000000000000 ) ) ;
#1132 = EDGE_CURVE ( 'NONE', #91, #268, #110, .T. ) ;
#1133 = DIRECTION ( 'NONE',  ( -1.000000000000000000, 0.000000000000000000, 0.000000000000000000 ) ) ;
#1134 = EDGE_CURVE ( 'NONE', #966, #158, #1227, .T. ) ;
#1135 = ORIENTED_EDGE ( 'NONE', *, *, #214, .T. ) ;
#1136 = EDGE_CURVE ( 'NONE', #836, #1671, #814, .T. ) ;
#1137 = LINE ( 'NONE', #424, #1688 ) ;
#1138 = EDGE_LOOP ( 'NONE', ( #557, #938, #1034, #1626 ) ) ;
#1139 = APPLICATION_CONTEXT ( 'automotive_design' ) ;
#1140 = CARTESIAN_POINT ( 'NONE',  ( 39.58578643762690064, 59.58578643762690774, -3.586907429118599214E-17 ) ) ;
#1141 = EDGE_CURVE ( 'NONE', #915, #1217, #1086, .T. ) ;
#1142 = VECTOR ( 'NONE', #884, 1000.000000000000000 ) ;
#1143 = LINE ( 'NONE', #13, #1221 ) ;
#1144 = LINE ( 'NONE', #454, #103 ) ;
#1145 = DIRECTION ( 'NONE',  ( 1.000000000000000000, 0.000000000000000000, 0.000000000000000000 ) ) ;
#1146 = CIRCLE ( 'NONE', #1091, 1.149999999999999023 ) ;
#1147 = DIRECTION ( 'NONE',  ( -0.4999999999999948930, 0.8660254037844415942, 0.000000000000000000 ) ) ;
#1148 = VERTEX_POINT ( 'NONE', #1628 ) ;
#1149 = VECTOR ( 'NONE', #1517, 1000.000000000000000 ) ;
#1150 = AXIS2_PLACEMENT_3D ( 'NONE', #1712, #839, #147 ) ;
#1151 = CARTESIAN_POINT ( 'NONE',  ( 0.4142135623730949789, 0.4142135623730951455, 3.586907429118599214E-17 ) ) ;
#1152 = CARTESIAN_POINT ( 'NONE',  ( 0.000000000000000000, 60.00000000000000000, 1.000000000000000000 ) ) ;
#1153 = FACE_OUTER_BOUND ( 'NONE', #892, .T. ) ;
#1154 = DIRECTION ( 'NONE',  ( 0.4999999999999990563, 0.8660254037844391517, 0.000000000000000000 ) ) ;
#1155 = DIRECTION ( 'NONE',  ( 0.000000000000000000, 1.000000000000000000, 0.000000000000000000 ) ) ;
#1156 = VERTEX_POINT ( 'NONE', #130 ) ;
#1157 = FACE_OUTER_BOUND ( 'NONE', #18, .T. ) ;
#1158 = DIRECTION ( 'NONE',  ( -0.000000000000000000, 0.000000000000000000, 1.000000000000000000 ) ) ;
#1159 = AXIS2_PLACEMENT_3D ( 'NONE', #1074, #6, #111 ) ;
#1160 = AXIS2_PLACEMENT_3D ( 'NONE', #1464, #1168, #900 ) ;
#1161 = CARTESIAN_POINT ( 'NONE',  ( 1.000000000000000000, 1.000000000000000222, 0.000000000000000000 ) ) ;
#1162 = CARTESIAN_POINT ( 'NONE',  ( 40.00000000000000000, 4.898587196589413815E-15, 6.000000000000000000 ) ) ;
#1163 = CARTESIAN_POINT ( 'NONE',  ( 33.78756443470178539, 6.600000000000005862, 2.799999999999999822 ) ) ;
#1164 = CARTESIAN_POINT ( 'NONE',  ( 6.212435565298210172, 57.60000000000000142, 2.799999999999999822 ) ) ;
#1165 = PLANE ( 'NONE',  #332 ) ;
#1166 = VECTOR ( 'NONE', #82, 1000.000000000000000 ) ;
#1167 = DIRECTION ( 'NONE',  ( 1.000000000000000000, 0.000000000000000000, 0.000000000000000000 ) ) ;
#1168 = DIRECTION ( 'NONE',  ( -0.000000000000000000, -0.000000000000000000, 1.000000000000000000 ) ) ;
#1169 = ORIENTED_EDGE ( 'NONE', *, *, #345, .F. ) ;
#1170 = CARTESIAN_POINT ( 'NONE',  ( 37.42487113059644344, 4.500000000000003553, 2.799999999999999822 ) ) ;
#1171 = EDGE_CURVE ( 'NONE', #287, #91, #1367, .T. ) ;
#1172 = VECTOR ( 'NONE', #333, 1000.000000000000000 ) ;
#1173 = CARTESIAN_POINT ( 'NONE',  ( 15.50000000000000000, 56.00000000000000711, 3.000000000000000000 ) ) ;
#1174 = CARTESIAN_POINT ( 'NONE',  ( 6.212435565298212836, 53.40000000000000568, 0.000000000000000000 ) ) ;
#1175 = EDGE_CURVE ( 'NONE', #646, #1375, #831, .T. ) ;
#1176 = ORIENTED_EDGE ( 'NONE', *, *, #420, .F. ) ;
#1177 = CARTESIAN_POINT ( 'NONE',  ( 32.50000000000000711, 56.00000000000000711, 6.000000000000000000 ) ) ;
#1178 = ADVANCED_FACE ( 'NONE', ( #823 ), #1097, .F. ) ;
#1179 = DIRECTION ( 'NONE',  ( -0.8660254037844391517, 0.4999999999999991118, 0.000000000000000000 ) ) ;
#1180 = EDGE_CURVE ( 'NONE', #975, #774, #1668, .T. ) ;
#1181 = CARTESIAN_POINT ( 'NONE',  ( 3.850000000000008082, 4.500000000000003553, 2.799999999999999822 ) ) ;
#1182 = LINE ( 'NONE', #50, #1774 ) ;
#1183 = CARTESIAN_POINT ( 'NONE',  ( 6.212435565298240370, 6.599999999999979217, 2.799999999999999822 ) ) ;
#1184 = FACE_OUTER_BOUND ( 'NONE', #1377, .T. ) ;
#1185 = ORIENTED_EDGE ( 'NONE', *, *, #1393, .F. ) ;
#1186 = CARTESIAN_POINT ( 'NONE',  ( 36.21243556529823593, 53.39999999999999858, 2.799999999999999822 ) ) ;
#1187 = ADVANCED_FACE ( 'NONE', ( #372 ), #934, .F. ) ;
#1188 = ORIENTED_EDGE ( 'NONE', *, *, #888, .T. ) ;
#1189 = DIRECTION ( 'NONE',  ( 0.000000000000000000, -1.000000000000000000, 0.000000000000000000 ) ) ;
#1190 = AXIS2_PLACEMENT_3D ( 'NONE', #373, #131, #1515 ) ;
#1191 = LINE ( 'NONE', #1339, #1386 ) ;
#1192 = EDGE_LOOP ( 'NONE', ( #1336, #1110, #872, #196 ) ) ;
#1193 = CARTESIAN_POINT ( 'NONE',  ( 36.15000000000000568, 55.50000000000000000, 0.000000000000000000 ) ) ;
#1194 = VERTEX_POINT ( 'NONE', #443 ) ;
#1195 = DIRECTION ( 'NONE',  ( -1.000000000000000000, 0.000000000000000000, 0.000000000000000000 ) ) ;
#1196 = EDGE_LOOP ( 'NONE', ( #1350, #117, #1627, #1637 ) ) ;
#1197 = FACE_OUTER_BOUND ( 'NONE', #577, .T. ) ;
#1198 = CARTESIAN_POINT ( 'NONE',  ( 40.00000000000000000, 60.00000000000000711, 1.000000000000000000 ) ) ;
#1199 = DIRECTION ( 'NONE',  ( 1.000000000000000000, 1.224646799147353454E-16, -0.000000000000000000 ) ) ;
#1200 = ORIENTED_EDGE ( 'NONE', *, *, #596, .F. ) ;
#1201 = DIRECTION ( 'NONE',  ( -0.000000000000000000, -0.000000000000000000, 1.000000000000000000 ) ) ;
#1202 = CARTESIAN_POINT ( 'NONE',  ( 0.000000000000000000, 0.000000000000000000, 6.000000000000000000 ) ) ;
#1203 = ADVANCED_FACE ( 'NONE', ( #992 ), #1395, .F. ) ;
#1204 = FACE_BOUND ( 'NONE', #222, .T. ) ;
#1205 = VERTEX_POINT ( 'NONE', #1247 ) ;
#1206 = EDGE_CURVE ( 'NONE', #468, #1233, #315, .T. ) ;
#1207 = AXIS2_PLACEMENT_3D ( 'NONE', #1163, #1155, #1310 ) ;
#1208 = DIRECTION ( 'NONE',  ( -0.000000000000000000, 0.000000000000000000, 1.000000000000000000 ) ) ;
#1209 = FACE_OUTER_BOUND ( 'NONE', #564, .T. ) ;
#1210 = EDGE_CURVE ( 'NONE', #1244, #1690, #1472, .T. ) ;
#1211 = CYLINDRICAL_SURFACE ( 'NONE', #860, 1.000000000000000000 ) ;
#1212 = DIRECTION ( 'NONE',  ( -0.000000000000000000, -0.000000000000000000, -1.000000000000000000 ) ) ;
#1213 = EDGE_LOOP ( 'NONE', ( #994, #1051 ) ) ;
#1214 = ORIENTED_EDGE ( 'NONE', *, *, #28, .T. ) ;
#1215 = CARTESIAN_POINT ( 'NONE',  ( 3.787564434701820026, 6.600000000000004086, 0.000000000000000000 ) ) ;
#1216 = ORIENTED_EDGE ( 'NONE', *, *, #1402, .F. ) ;
#1217 = VERTEX_POINT ( 'NONE', #694 ) ;
#1218 = CARTESIAN_POINT ( 'NONE',  ( 32.57512886940357788, 4.500000000000009770, 2.799999999999999822 ) ) ;
#1219 = DIRECTION ( 'NONE',  ( 0.4999999999999996669, -0.8660254037844388186, 0.000000000000000000 ) ) ;
#1220 = DIRECTION ( 'NONE',  ( 1.000000000000000000, 0.000000000000000000, 0.000000000000000000 ) ) ;
#1221 = VECTOR ( 'NONE', #1277, 1000.000000000000000 ) ;
#1222 = CARTESIAN_POINT ( 'NONE',  ( 5.000000000000007994, 4.500000000000003553, 6.000000000000000000 ) ) ;
#1223 = ORIENTED_EDGE ( 'NONE', *, *, #1652, .T. ) ;
#1224 = LINE ( 'NONE', #700, #1651 ) ;
#1225 = ORIENTED_EDGE ( 'NONE', *, *, #1290, .F. ) ;
#1226 = EDGE_LOOP ( 'NONE', ( #1118, #89, #79, #791 ) ) ;
#1227 = LINE ( 'NONE', #1786, #959 ) ;
#1228 = CARTESIAN_POINT ( 'NONE',  ( 2.575128869403592535, 4.500000000000021316, 0.000000000000000000 ) ) ;
#1229 = LINE ( 'NONE', #1361, #1044 ) ;
#1230 = VECTOR ( 'NONE', #455, 1000.000000000000000 ) ;
#1231 = VERTEX_POINT ( 'NONE', #22 ) ;
#1232 = CARTESIAN_POINT ( 'NONE',  ( 36.21243556529822882, 2.400000000000005240, 0.000000000000000000 ) ) ;
#1233 = VERTEX_POINT ( 'NONE', #5 ) ;
#1234 = VERTEX_POINT ( 'NONE', #1255 ) ;
#1235 = VERTEX_POINT ( 'NONE', #559 ) ;
#1236 = AXIS2_PLACEMENT_3D ( 'NONE', #1572, #844, #19 ) ;
#1237 = EDGE_CURVE ( 'NONE', #1546, #1235, #1121, .T. ) ;
#1238 = CARTESIAN_POINT ( 'NONE',  ( 32.50000000000001421, 2.000000000000000000, 2.000000000000000000 ) ) ;
#1239 = VECTOR ( 'NONE', #1756, 1000.000000000000000 ) ;
#1240 = DIRECTION ( 'NONE',  ( 1.000000000000000000, 0.000000000000000000, 0.000000000000000000 ) ) ;
#1241 = ORIENTED_EDGE ( 'NONE', *, *, #1331, .F. ) ;
#1242 = EDGE_LOOP ( 'NONE', ( #213, #1333, #1509, #149, #144, #1539 ) ) ;
#1243 = DIRECTION ( 'NONE',  ( -0.4999999999999993894, 0.8660254037844389297, 0.000000000000000000 ) ) ;
#1244 = VERTEX_POINT ( 'NONE', #1687 ) ;
#1245 = APPLICATION_PROTOCOL_DEFINITION ( 'draft international standard', 'automotive_design', 1998, #1139 ) ;
#1246 = ORIENTED_EDGE ( 'NONE', *, *, #1237, .F. ) ;
#1247 = CARTESIAN_POINT ( 'NONE',  ( 33.78756443470178539, 53.39999999999999858, 0.000000000000000000 ) ) ;
#1248 = EDGE_CURVE ( 'NONE', #1375, #1624, #425, .T. ) ;
#1249 = FACE_BOUND ( 'NONE', #1269, .T. ) ;
#1250 = ORIENTED_EDGE ( 'NONE', *, *, #1411, .F. ) ;
#1251 = VERTEX_POINT ( 'NONE', #1003 ) ;
#1252 = ORIENTED_EDGE ( 'NONE', *, *, #304, .T. ) ;
#1253 = CARTESIAN_POINT ( 'NONE',  ( 35.00000000000000711, 4.500000000000003553, 0.000000000000000000 ) ) ;
#1254 = CARTESIAN_POINT ( 'NONE',  ( 3.787564434701798266, 57.60000000000000142, 2.799999999999999822 ) ) ;
#1255 = CARTESIAN_POINT ( 'NONE',  ( 3.787564434701790272, 2.400000000000020339, 2.799999999999999822 ) ) ;
#1256 = EDGE_CURVE ( 'NONE', #1356, #944, #866, .T. ) ;
#1257 = DIRECTION ( 'NONE',  ( 1.000000000000000000, 1.734723475976806848E-16, 0.000000000000000000 ) ) ;
#1258 = ORIENTED_EDGE ( 'NONE', *, *, #825, .T. ) ;
#1259 =( BOUNDED_CURVE ( )  B_SPLINE_CURVE ( 3, ( #846, #1140, #1541, #854 ),
 .UNSPECIFIED., .F., .F. ) 
 B_SPLINE_CURVE_WITH_KNOTS ( ( 4, 4 ),
 ( 1.570796326794896558, 3.141592653589793116 ),
 .UNSPECIFIED. ) 
 CURVE ( )  GEOMETRIC_REPRESENTATION_ITEM ( )  RATIONAL_B_SPLINE_CURVE ( ( 1.000000000000000000, 0.8047378541243649375, 0.8047378541243649375, 1.000000000000000000 ) ) 
 REPRESENTATION_ITEM ( '' )  );
#1260 = VERTEX_POINT ( 'NONE', #141 ) ;
#1261 =( NAMED_UNIT ( * ) SI_UNIT ( $, .STERADIAN. ) SOLID_ANGLE_UNIT ( ) );
#1262 = DIRECTION ( 'NONE',  ( -0.8660254037844344888, 0.5000000000000072164, 0.000000000000000000 ) ) ;
#1263 = VECTOR ( 'NONE', #1145, 1000.000000000000000 ) ;
#1264 = EDGE_CURVE ( 'NONE', #1260, #1601, #1259, .T. ) ;
#1265 = ADVANCED_FACE ( 'NONE', ( #1113 ), #35, .T. ) ;
#1266 = DIRECTION ( 'NONE',  ( -0.000000000000000000, -0.000000000000000000, -1.000000000000000000 ) ) ;
#1267 = LINE ( 'NONE', #1040, #1715 ) ;
#1268 = VECTOR ( 'NONE', #269, 1000.000000000000000 ) ;
#1269 = EDGE_LOOP ( 'NONE', ( #983, #353, #280, #279, #1397, #129 ) ) ;
#1270 = VERTEX_POINT ( 'NONE', #1424 ) ;
#1271 = VECTOR ( 'NONE', #29, 1000.000000000000000 ) ;
#1272 = CARTESIAN_POINT ( 'NONE',  ( 3.787564434701798266, 57.60000000000000142, 0.000000000000000000 ) ) ;
#1273 = EDGE_CURVE ( 'NONE', #441, #1664, #415, .T. ) ;
#1274 = DIRECTION ( 'NONE',  ( 0.4999999999999998335, 0.8660254037844387076, 0.000000000000000000 ) ) ;
#1275 = ORIENTED_EDGE ( 'NONE', *, *, #619, .T. ) ;
#1276 = DIRECTION ( 'NONE',  ( -0.5000000000000008882, -0.8660254037844381525, 0.000000000000000000 ) ) ;
#1277 = DIRECTION ( 'NONE',  ( -0.000000000000000000, -0.000000000000000000, -1.000000000000000000 ) ) ;
#1278 = ORIENTED_EDGE ( 'NONE', *, *, #584, .T. ) ;
#1279 = EDGE_CURVE ( 'NONE', #1270, #1029, #30, .T. ) ;
#1280 = PLANE ( 'NONE',  #1236 ) ;
#1281 = DIRECTION ( 'NONE',  ( 0.000000000000000000, 1.000000000000000000, -0.000000000000000000 ) ) ;
#1282 = VECTOR ( 'NONE', #1773, 1000.000000000000114 ) ;
#1283 = DIRECTION ( 'NONE',  ( -1.000000000000000000, 0.000000000000000000, 0.000000000000000000 ) ) ;
#1284 = ORIENTED_EDGE ( 'NONE', *, *, #1290, .T. ) ;
#1285 = CIRCLE ( 'NONE', #201, 1.149999999999998135 ) ;
#1286 = APPLICATION_CONTEXT ( 'automotive_design' ) ;
#1287 = ADVANCED_FACE ( 'NONE', ( #580 ), #723, .T. ) ;
#1288 = DIRECTION ( 'NONE',  ( -0.4999999999999948930, 0.8660254037844415942, 0.000000000000000000 ) ) ;
#1289 = DIRECTION ( 'NONE',  ( 1.000000000000000000, 0.000000000000000000, 0.000000000000000000 ) ) ;
#1290 = EDGE_CURVE ( 'NONE', #257, #830, #708, .T. ) ;
#1291 = LINE ( 'NONE', #157, #1123 ) ;
#1292 = VECTOR ( 'NONE', #490, 1000.000000000000000 ) ;
#1293 = CARTESIAN_POINT ( 'NONE',  ( 32.57512886940357788, 4.500000000000009770, 0.000000000000000000 ) ) ;
#1294 = DIRECTION ( 'NONE',  ( 0.8660254037844380415, -0.5000000000000012212, 0.000000000000000000 ) ) ;
#1295 = ORIENTED_EDGE ( 'NONE', *, *, #1206, .T. ) ;
#1296 = LINE ( 'NONE', #1719, #1230 ) ;
#1297 = DIRECTION ( 'NONE',  ( 1.000000000000000000, -0.000000000000000000, 0.000000000000000000 ) ) ;
#1298 = LINE ( 'NONE', #771, #879 ) ;
#1299 = PLANE ( 'NONE',  #1082 ) ;
#1300 = ORIENTED_EDGE ( 'NONE', *, *, #1125, .T. ) ;
#1301 = FACE_OUTER_BOUND ( 'NONE', #964, .T. ) ;
#1302 = CARTESIAN_POINT ( 'NONE',  ( 36.21243556529823593, 53.39999999999999858, 2.799999999999999822 ) ) ;
#1303 = CARTESIAN_POINT ( 'NONE',  ( 15.49999999999999822, 56.00000000000000711, 6.000000000000000000 ) ) ;
#1304 =( GEOMETRIC_REPRESENTATION_CONTEXT ( 3 ) GLOBAL_UNCERTAINTY_ASSIGNED_CONTEXT ( ( #1684 ) ) GLOBAL_UNIT_ASSIGNED_CONTEXT ( ( #17, #851, #842 ) ) REPRESENTATION_CONTEXT ( 'NONE', 'WORKASPACE' ) );
#1305 = AXIS2_PLACEMENT_3D ( 'NONE', #323, #1320, #458 ) ;
#1306 = DIRECTION ( 'NONE',  ( -0.000000000000000000, -0.000000000000000000, 1.000000000000000000 ) ) ;
#1307 = EDGE_CURVE ( 'NONE', #234, #292, #319, .T. ) ;
#1308 = PLANE ( 'NONE',  #44 ) ;
#1309 = ORIENTED_EDGE ( 'NONE', *, *, #1770, .F. ) ;
#1310 = DIRECTION ( 'NONE',  ( 0.000000000000000000, -0.000000000000000000, 1.000000000000000000 ) ) ;
#1311 = DIRECTION ( 'NONE',  ( -0.000000000000000000, -0.000000000000000000, 1.000000000000000000 ) ) ;
#1312 = CARTESIAN_POINT ( 'NONE',  ( 0.000000000000000000, 0.000000000000000000, 2.799999999999999822 ) ) ;
#1313 = EDGE_LOOP ( 'NONE', ( #1104, #555, #1675, #1806 ) ) ;
#1314 = EDGE_CURVE ( 'NONE', #1085, #1665, #435, .T. ) ;
#1315 = DIRECTION ( 'NONE',  ( -0.000000000000000000, -0.000000000000000000, 1.000000000000000000 ) ) ;
#1316 = VECTOR ( 'NONE', #1468, 1000.000000000000000 ) ;
#1317 = AXIS2_PLACEMENT_3D ( 'NONE', #982, #690, #990 ) ;
#1318 = DIRECTION ( 'NONE',  ( 1.000000000000000000, -0.000000000000000000, -0.000000000000000000 ) ) ;
#1319 = AXIS2_PLACEMENT_3D ( 'NONE', #154, #1262, #728 ) ;
#1320 = DIRECTION ( 'NONE',  ( -0.8660254037844385966, -0.5000000000000003331, 0.000000000000000000 ) ) ;
#1321 = VERTEX_POINT ( 'NONE', #167 ) ;
#1322 = CARTESIAN_POINT ( 'NONE',  ( 33.78756443470178539, 53.39999999999999858, 2.799999999999999822 ) ) ;
#1323 = VECTOR ( 'NONE', #456, 1000.000000000000114 ) ;
#1324 = DIRECTION ( 'NONE',  ( -0.000000000000000000, -0.000000000000000000, -1.000000000000000000 ) ) ;
#1325 = LINE ( 'NONE', #183, #361 ) ;
#1326 = VERTEX_POINT ( 'NONE', #325 ) ;
#1327 = CARTESIAN_POINT ( 'NONE',  ( 24.49999999999999645, 56.00000000000000711, 3.000000000000000000 ) ) ;
#1328 = DIRECTION ( 'NONE',  ( -1.000000000000000000, 0.000000000000000000, 0.000000000000000000 ) ) ;
#1329 = FACE_OUTER_BOUND ( 'NONE', #1796, .T. ) ;
#1330 = DIRECTION ( 'NONE',  ( 1.000000000000000000, -1.037312461032803990E-14, 0.000000000000000000 ) ) ;
#1331 = EDGE_CURVE ( 'NONE', #754, #1366, #53, .T. ) ;
#1332 = EDGE_LOOP ( 'NONE', ( #1295, #118, #1354, #419 ) ) ;
#1333 = ORIENTED_EDGE ( 'NONE', *, *, #669, .T. ) ;
#1334 = CARTESIAN_POINT ( 'NONE',  ( 3.787564434701799598, 53.40000000000000568, 2.799999999999999822 ) ) ;
#1335 = FACE_OUTER_BOUND ( 'NONE', #1741, .T. ) ;
#1336 = ORIENTED_EDGE ( 'NONE', *, *, #105, .F. ) ;
#1337 = LINE ( 'NONE', #757, #593 ) ;
#1338 = PLANE ( 'NONE',  #1504 ) ;
#1339 = CARTESIAN_POINT ( 'NONE',  ( 36.21243556529822882, 2.400000000000005240, 2.799999999999999822 ) ) ;
#1340 = ORIENTED_EDGE ( 'NONE', *, *, #1001, .F. ) ;
#1341 = LINE ( 'NONE', #124, #1282 ) ;
#1342 = VERTEX_POINT ( 'NONE', #1015 ) ;
#1343 = CARTESIAN_POINT ( 'NONE',  ( 6.212435565298240370, 6.599999999999979217, 2.799999999999999822 ) ) ;
#1344 = VERTEX_POINT ( 'NONE', #1302 ) ;
#1345 = ORIENTED_EDGE ( 'NONE', *, *, #610, .F. ) ;
#1346 = CARTESIAN_POINT ( 'NONE',  ( 0.000000000000000000, 60.00000000000000000, 1.000000000000000000 ) ) ;
#1347 = DIRECTION ( 'NONE',  ( 0.000000000000000000, 0.000000000000000000, 1.000000000000000000 ) ) ;
#1348 = AXIS2_PLACEMENT_3D ( 'NONE', #573, #985, #870 ) ;
#1349 = CARTESIAN_POINT ( 'NONE',  ( 5.000000000000007994, 4.500000000000003553, 0.000000000000000000 ) ) ;
#1350 = ORIENTED_EDGE ( 'NONE', *, *, #610, .T. ) ;
#1351 = CARTESIAN_POINT ( 'NONE',  ( 39.58578643762690064, 0.4142135623730999749, 3.586907429118599214E-17 ) ) ;
#1352 = ORIENTED_EDGE ( 'NONE', *, *, #1727, .F. ) ;
#1353 = DIRECTION ( 'NONE',  ( -0.4999999999999950595, 0.8660254037844415942, 0.000000000000000000 ) ) ;
#1354 = ORIENTED_EDGE ( 'NONE', *, *, #1273, .F. ) ;
#1355 = AXIS2_PLACEMENT_3D ( 'NONE', #1005, #289, #1407 ) ;
#1356 = VERTEX_POINT ( 'NONE', #1745 ) ;
#1357 = VECTOR ( 'NONE', #1019, 1000.000000000000114 ) ;
#1358 = DIRECTION ( 'NONE',  ( -0.000000000000000000, -0.000000000000000000, 1.000000000000000000 ) ) ;
#1359 = CARTESIAN_POINT ( 'NONE',  ( 33.78756443470178539, 53.39999999999999858, 2.799999999999999822 ) ) ;
#1360 = DIRECTION ( 'NONE',  ( 0.5000000000000009992, -0.8660254037844380415, 0.000000000000000000 ) ) ;
#1361 = CARTESIAN_POINT ( 'NONE',  ( 6.212435565298240370, 6.599999999999979217, 2.799999999999999822 ) ) ;
#1362 = EDGE_LOOP ( 'NONE', ( #1775, #276, #850, #429 ) ) ;
#1363 = EDGE_LOOP ( 'NONE', ( #1404, #945 ) ) ;
#1364 = APPLICATION_PROTOCOL_DEFINITION ( 'draft international standard', 'automotive_design', 1998, #1286 ) ;
#1365 = ORIENTED_EDGE ( 'NONE', *, *, #1701, .T. ) ;
#1366 = VERTEX_POINT ( 'NONE', #1615 ) ;
#1367 = LINE ( 'NONE', #682, #1623 ) ;
#1368 = CARTESIAN_POINT ( 'NONE',  ( 17.50000000000001066, 2.000000000000000000, 2.000000000000000000 ) ) ;
#1369 = EDGE_CURVE ( 'NONE', #1748, #1546, #1436, .T. ) ;
#1370 = VECTOR ( 'NONE', #1612, 1000.000000000000000 ) ;
#1371 = CARTESIAN_POINT ( 'NONE',  ( 32.57512886940356367, 55.49999999999998579, 0.000000000000000000 ) ) ;
#1372 = ADVANCED_FACE ( 'NONE', ( #1184, #211 ), #609, .T. ) ;
#1373 = VERTEX_POINT ( 'NONE', #767 ) ;
#1374 = PRODUCT_CONTEXT ( 'NONE', #1286, 'mechanical' ) ;
#1375 = VERTEX_POINT ( 'NONE', #746 ) ;
#1376 = EDGE_CURVE ( 'NONE', #829, #57, #483, .T. ) ;
#1377 = EDGE_LOOP ( 'NONE', ( #1135, #52, #14, #1018, #1056, #932 ) ) ;
#1378 = DIRECTION ( 'NONE',  ( -0.000000000000000000, -0.000000000000000000, 1.000000000000000000 ) ) ;
#1379 = CARTESIAN_POINT ( 'NONE',  ( 3.850000000000008082, 4.500000000000003553, 0.000000000000000000 ) ) ;
#1380 = DIRECTION ( 'NONE',  ( 1.000000000000000000, 0.000000000000000000, 0.000000000000000000 ) ) ;
#1381 = CIRCLE ( 'NONE', #591, 1.149999999999998135 ) ;
#1382 = ORIENTED_EDGE ( 'NONE', *, *, #536, .T. ) ;
#1383 = CARTESIAN_POINT ( 'NONE',  ( 36.15000000000000568, 4.500000000000003553, 0.000000000000000000 ) ) ;
#1384 = EDGE_CURVE ( 'NONE', #1624, #849, #60, .T. ) ;
#1385 = ORIENTED_EDGE ( 'NONE', *, *, #998, .T. ) ;
#1386 = VECTOR ( 'NONE', #645, 1000.000000000000000 ) ;
#1387 = DIRECTION ( 'NONE',  ( 1.000000000000000000, 0.000000000000000000, 0.000000000000000000 ) ) ;
#1388 = VECTOR ( 'NONE', #248, 1000.000000000000114 ) ;
#1389 = FACE_OUTER_BOUND ( 'NONE', #460, .T. ) ;
#1390 = ORIENTED_EDGE ( 'NONE', *, *, #1450, .T. ) ;
#1391 = SURFACE_STYLE_USAGE ( .BOTH. , #300 ) ;
#1392 = ORIENTED_EDGE ( 'NONE', *, *, #160, .T. ) ;
#1393 = EDGE_CURVE ( 'NONE', #1235, #375, #493, .T. ) ;
#1394 = ORIENTED_EDGE ( 'NONE', *, *, #1134, .F. ) ;
#1395 = PLANE ( 'NONE',  #1150 ) ;
#1396 = DIRECTION ( 'NONE',  ( 1.734723475976806848E-16, -1.000000000000000000, 0.000000000000000000 ) ) ;
#1397 = ORIENTED_EDGE ( 'NONE', *, *, #1409, .F. ) ;
#1398 = ADVANCED_FACE ( 'NONE', ( #1733 ), #471, .F. ) ;
#1399 = PRESENTATION_STYLE_ASSIGNMENT (( #1391 ) ) ;
#1400 = ORIENTED_EDGE ( 'NONE', *, *, #109, .T. ) ;
#1401 = VECTOR ( 'NONE', #238, 1000.000000000000000 ) ;
#1402 = EDGE_CURVE ( 'NONE', #1540, #744, #1325, .T. ) ;
#1403 = DIRECTION ( 'NONE',  ( 0.000000000000000000, 0.000000000000000000, 1.000000000000000000 ) ) ;
#1404 = ORIENTED_EDGE ( 'NONE', *, *, #736, .F. ) ;
#1405 = VECTOR ( 'NONE', #205, 1000.000000000000000 ) ;
#1406 = DIRECTION ( 'NONE',  ( 0.000000000000000000, -0.000000000000000000, 1.000000000000000000 ) ) ;
#1407 = DIRECTION ( 'NONE',  ( -1.000000000000000000, 0.000000000000000000, -0.000000000000000000 ) ) ;
#1408 = ORIENTED_EDGE ( 'NONE', *, *, #551, .F. ) ;
#1409 = EDGE_CURVE ( 'NONE', #929, #133, #1724, .T. ) ;
#1410 = ORIENTED_EDGE ( 'NONE', *, *, #800, .F. ) ;
#1411 = EDGE_CURVE ( 'NONE', #1234, #1194, #1579, .T. ) ;
#1412 = CARTESIAN_POINT ( 'NONE',  ( 36.21243556529823593, 53.39999999999999858, 0.000000000000000000 ) ) ;
#1413 = ORIENTED_EDGE ( 'NONE', *, *, #1041, .T. ) ;
#1414 = LINE ( 'NONE', #1254, #23 ) ;
#1415 = VECTOR ( 'NONE', #339, 1000.000000000000000 ) ;
#1416 = AXIS2_PLACEMENT_3D ( 'NONE', #370, #1195, #931 ) ;
#1417 = DIRECTION ( 'NONE',  ( 0.000000000000000000, -1.000000000000000000, 0.000000000000000000 ) ) ;
#1418 = AXIS2_PLACEMENT_3D ( 'NONE', #817, #1064, #1360 ) ;
#1419 = FACE_OUTER_BOUND ( 'NONE', #1196, .T. ) ;
#1420 = VECTOR ( 'NONE', #661, 1000.000000000000000 ) ;
#1421 = ORIENTED_EDGE ( 'NONE', *, *, #558, .F. ) ;
#1422 = EDGE_CURVE ( 'NONE', #375, #929, #1021, .T. ) ;
#1423 = DIRECTION ( 'NONE',  ( 0.5000000000000017764, 0.8660254037844375974, 0.000000000000000000 ) ) ;
#1424 = CARTESIAN_POINT ( 'NONE',  ( 15.49999999999999822, 60.00000000000000000, 6.000000000000000000 ) ) ;
#1425 = CARTESIAN_POINT ( 'NONE',  ( 3.787564434701790272, 2.400000000000020339, 2.799999999999999822 ) ) ;
#1426 = ORIENTED_EDGE ( 'NONE', *, *, #444, .F. ) ;
#1427 = EDGE_CURVE ( 'NONE', #1366, #1531, #855, .T. ) ;
#1428 = CARTESIAN_POINT ( 'NONE',  ( 0.000000000000000000, 0.000000000000000000, 1.000000000000000000 ) ) ;
#1429 = DIRECTION ( 'NONE',  ( -0.000000000000000000, -0.000000000000000000, -1.000000000000000000 ) ) ;
#1430 = CIRCLE ( 'NONE', #727, 1.149999999999999023 ) ;
#1431 = CARTESIAN_POINT ( 'NONE',  ( 36.21243556529822882, 6.600000000000005862, 2.799999999999999822 ) ) ;
#1432 = ORIENTED_EDGE ( 'NONE', *, *, #399, .F. ) ;
#1433 = LINE ( 'NONE', #1729, #1405 ) ;
#1434 = DIRECTION ( 'NONE',  ( -0.000000000000000000, -0.000000000000000000, -1.000000000000000000 ) ) ;
#1435 = ORIENTED_EDGE ( 'NONE', *, *, #1522, .T. ) ;
#1436 = LINE ( 'NONE', #1164, #1618 ) ;
#1437 = EDGE_CURVE ( 'NONE', #257, #833, #600, .T. ) ;
#1438 = DIRECTION ( 'NONE',  ( -1.000000000000000000, 0.000000000000000000, 0.000000000000000000 ) ) ;
#1439 = DIRECTION ( 'NONE',  ( 0.000000000000000000, 0.000000000000000000, -1.000000000000000000 ) ) ;
#1440 = CIRCLE ( 'NONE', #653, 1.149999999999998135 ) ;
#1441 = AXIS2_PLACEMENT_3D ( 'NONE', #1035, #207, #368 ) ;
#1442 = LINE ( 'NONE', #506, #685 ) ;
#1443 = ORIENTED_EDGE ( 'NONE', *, *, #165, .F. ) ;
#1444 = LINE ( 'NONE', #188, #86 ) ;
#1445 = ORIENTED_EDGE ( 'NONE', *, *, #436, .T. ) ;
#1446 = DIRECTION ( 'NONE',  ( -1.000000000000000000, 0.000000000000000000, -0.000000000000000000 ) ) ;
#1447 = EDGE_CURVE ( 'NONE', #1601, #1085, #594, .T. ) ;
#1448 = CARTESIAN_POINT ( 'NONE',  ( 36.21243556529824303, 57.60000000000000142, 2.799999999999999822 ) ) ;
#1449 = DIRECTION ( 'NONE',  ( 1.037312461032804148E-14, 1.000000000000000000, -0.000000000000000000 ) ) ;
#1450 = EDGE_CURVE ( 'NONE', #1373, #774, #1296, .T. ) ;
#1451 = PLANE ( 'NONE',  #1305 ) ;
#1452 = ORIENTED_EDGE ( 'NONE', *, *, #1054, .T. ) ;
#1453 = DIRECTION ( 'NONE',  ( -0.000000000000000000, -0.000000000000000000, 1.000000000000000000 ) ) ;
#1454 = ADVANCED_FACE ( 'NONE', ( #1157, #461 ), #1585, .T. ) ;
#1455 = ORIENTED_EDGE ( 'NONE', *, *, #825, .F. ) ;
#1456 = EDGE_CURVE ( 'NONE', #658, #1085, #190, .T. ) ;
#1457 = CARTESIAN_POINT ( 'NONE',  ( 35.00000000000000711, 4.500000000000003553, 6.000000000000000000 ) ) ;
#1458 = VERTEX_POINT ( 'NONE', #921 ) ;
#1459 = CARTESIAN_POINT ( 'NONE',  ( 7.500000000000011546, 2.000000000000000000, 2.000000000000000000 ) ) ;
#1460 = AXIS2_PLACEMENT_3D ( 'NONE', #27, #1117, #705 ) ;
#1461 = LINE ( 'NONE', #739, #1505 ) ;
#1462 = ADVANCED_FACE ( 'NONE', ( #1335 ), #225, .F. ) ;
#1463 = VECTOR ( 'NONE', #875, 1000.000000000000227 ) ;
#1464 = CARTESIAN_POINT ( 'NONE',  ( 35.00000000000000711, 55.50000000000000000, 2.799999999999999822 ) ) ;
#1465 = ORIENTED_EDGE ( 'NONE', *, *, #261, .F. ) ;
#1466 = DIRECTION ( 'NONE',  ( 1.000000000000000000, 0.000000000000000000, 0.000000000000000000 ) ) ;
#1467 = CARTESIAN_POINT ( 'NONE',  ( 2.575128869403592535, 4.500000000000021316, 0.000000000000000000 ) ) ;
#1468 = DIRECTION ( 'NONE',  ( 1.000000000000000000, 0.000000000000000000, 0.000000000000000000 ) ) ;
#1469 = ORIENTED_EDGE ( 'NONE', *, *, #948, .T. ) ;
#1470 = LINE ( 'NONE', #1177, #687 ) ;
#1471 = ORIENTED_EDGE ( 'NONE', *, *, #250, .T. ) ;
#1472 = CIRCLE ( 'NONE', #1348, 1.149999999999999911 ) ;
#1473 = VECTOR ( 'NONE', #258, 1000.000000000000000 ) ;
#1474 = DIRECTION ( 'NONE',  ( -0.000000000000000000, -0.000000000000000000, 1.000000000000000000 ) ) ;
#1475 = VECTOR ( 'NONE', #883, 1000.000000000000000 ) ;
#1476 = CARTESIAN_POINT ( 'NONE',  ( 3.787564434701820026, 6.600000000000004086, 2.799999999999999822 ) ) ;
#1477 = ORIENTED_EDGE ( 'NONE', *, *, #1647, .F. ) ;
#1478 = DIRECTION ( 'NONE',  ( -0.000000000000000000, -0.000000000000000000, -1.000000000000000000 ) ) ;
#1479 = AXIS2_PLACEMENT_3D ( 'NONE', #503, #1661, #1105 ) ;
#1480 = ORIENTED_EDGE ( 'NONE', *, *, #1369, .F. ) ;
#1481 = CARTESIAN_POINT ( 'NONE',  ( 17.50000000000001066, 15.20000000000000284, 2.000000000000000000 ) ) ;
#1482 = CARTESIAN_POINT ( 'NONE',  ( 32.57512886940357788, 4.500000000000009770, 2.799999999999999822 ) ) ;
#1483 = ORIENTED_EDGE ( 'NONE', *, *, #1514, .F. ) ;
#1484 = CARTESIAN_POINT ( 'NONE',  ( -1.224646799147353454E-16, 1.000000000000000000, 0.000000000000000000 ) ) ;
#1485 = CARTESIAN_POINT ( 'NONE',  ( 6.212435565298211060, 2.400000000000011902, 2.799999999999999822 ) ) ;
#1486 = DIRECTION ( 'NONE',  ( 1.000000000000000000, 0.000000000000000000, 0.000000000000000000 ) ) ;
#1487 = EDGE_LOOP ( 'NONE', ( #63, #369, #241, #1491 ) ) ;
#1488 = DIRECTION ( 'NONE',  ( 1.000000000000000000, 0.000000000000000000, 0.000000000000000000 ) ) ;
#1489 = ORIENTED_EDGE ( 'NONE', *, *, #1084, .F. ) ;
#1490 = LINE ( 'NONE', #235, #328 ) ;
#1491 = ORIENTED_EDGE ( 'NONE', *, *, #40, .F. ) ;
#1492 = CARTESIAN_POINT ( 'NONE',  ( 6.212435565298211060, 2.400000000000011902, 2.799999999999999822 ) ) ;
#1493 = CARTESIAN_POINT ( 'NONE',  ( 7.500000000000005329, 56.00000000000000711, 6.000000000000000000 ) ) ;
#1494 = CLOSED_SHELL ( 'NONE', ( #720, #1398, #602, #472, #302, #203, #477, #464, #1788, #816, #808, #874, #1581, #1743, #759, #1536, #299, #930, #1043, #1372, #788, #1570, #112, #858, #478, #1462, #572, #543, #560, #1178, #72, #568, #430, #1454, #239, #123, #1203, #485, #1669, #69, #813, #1706, #1551, #293, #730, #1187, #804, #273, #208, #1597, #1287, #1073, #1075, #691, #285, #1707, #980, #1265 ) ) ;
#1495 = DIRECTION ( 'NONE',  ( -1.000000000000000000, 0.000000000000000000, 0.000000000000000000 ) ) ;
#1496 = ORIENTED_EDGE ( 'NONE', *, *, #1437, .T. ) ;
#1497 = LINE ( 'NONE', #242, #1111 ) ;
#1498 = EDGE_LOOP ( 'NONE', ( #170, #1352, #517, #1667 ) ) ;
#1499 = DIRECTION ( 'NONE',  ( -0.000000000000000000, -0.000000000000000000, -1.000000000000000000 ) ) ;
#1500 = EDGE_LOOP ( 'NONE', ( #1489, #1216, #1176, #286 ) ) ;
#1501 = ORIENTED_EDGE ( 'NONE', *, *, #214, .F. ) ;
#1502 = LINE ( 'NONE', #652, #1098 ) ;
#1503 = LINE ( 'NONE', #1368, #270 ) ;
#1504 = AXIS2_PLACEMENT_3D ( 'NONE', #365, #748, #1439 ) ;
#1505 = VECTOR ( 'NONE', #1318, 1000.000000000000000 ) ;
#1506 = PLANE ( 'NONE',  #1418 ) ;
#1507 = DIRECTION ( 'NONE',  ( 0.000000000000000000, 1.000000000000000000, 0.000000000000000000 ) ) ;
#1508 = ORIENTED_EDGE ( 'NONE', *, *, #697, .F. ) ;
#1509 = ORIENTED_EDGE ( 'NONE', *, *, #345, .T. ) ;
#1510 = DIRECTION ( 'NONE',  ( 1.000000000000000000, 1.734723475976806848E-16, -0.000000000000000000 ) ) ;
#1511 = AXIS2_PLACEMENT_3D ( 'NONE', #840, #1677, #174 ) ;
#1512 = ORIENTED_EDGE ( 'NONE', *, *, #588, .T. ) ;
#1513 = LINE ( 'NONE', #946, #1739 ) ;
#1514 = EDGE_CURVE ( 'NONE', #502, #507, #476, .T. ) ;
#1515 = DIRECTION ( 'NONE',  ( 0.000000000000000000, 0.000000000000000000, -1.000000000000000000 ) ) ;
#1516 = EDGE_CURVE ( 'NONE', #1755, #1029, #626, .T. ) ;
#1518 = EDGE_CURVE ( 'NONE', #966, #836, #1146, .T. ) ;
#1517 = DIRECTION ( 'NONE',  ( 0.000000000000000000, 1.000000000000000000, 0.000000000000000000 ) ) ;
#1519 = DIRECTION ( 'NONE',  ( 0.000000000000000000, -0.000000000000000000, 1.000000000000000000 ) ) ;
#1520 = ORIENTED_EDGE ( 'NONE', *, *, #1041, .F. ) ;
#1521 = EDGE_LOOP ( 'NONE', ( #520, #290, #1785, #1188, #909, #1092 ) ) ;
#1522 = EDGE_CURVE ( 'NONE', #785, #1326, #1749, .T. ) ;
#1523 = ORIENTED_EDGE ( 'NONE', *, *, #1727, .T. ) ;
#1524 = CARTESIAN_POINT ( 'NONE',  ( 3.787564434701820026, 6.600000000000004086, 2.799999999999999822 ) ) ;
#1525 = CARTESIAN_POINT ( 'NONE',  ( 24.49999999999999645, 60.00000000000000000, 3.000000000000000000 ) ) ;
#1526 = EDGE_CURVE ( 'NONE', #754, #1777, #1381, .T. ) ;
#1527 = VECTOR ( 'NONE', #546, 1000.000000000000000 ) ;
#1528 = DIRECTION ( 'NONE',  ( -0.000000000000000000, -0.000000000000000000, 1.000000000000000000 ) ) ;
#1529 = ORIENTED_EDGE ( 'NONE', *, *, #1256, .T. ) ;
#1530 = ORIENTED_EDGE ( 'NONE', *, *, #798, .F. ) ;
#1531 = VERTEX_POINT ( 'NONE', #185 ) ;
#1532 = PLANE ( 'NONE',  #1028 ) ;
#1533 = DIRECTION ( 'NONE',  ( -0.000000000000000000, -0.000000000000000000, 1.000000000000000000 ) ) ;
#1534 = VERTEX_POINT ( 'NONE', #1485 ) ;
#1535 = ORIENTED_EDGE ( 'NONE', *, *, #536, .F. ) ;
#1536 = ADVANCED_FACE ( 'NONE', ( #1589 ), #1738, .F. ) ;
#1537 = ORIENTED_EDGE ( 'NONE', *, *, #1206, .F. ) ;
#1538 = CYLINDRICAL_SURFACE ( 'NONE', #1768, 1.149999999999998135 ) ;
#1539 = ORIENTED_EDGE ( 'NONE', *, *, #1132, .T. ) ;
#1540 = VERTEX_POINT ( 'NONE', #1161 ) ;
#1541 = CARTESIAN_POINT ( 'NONE',  ( 40.00000000000000000, 60.00000000000000711, 0.4142135623730948124 ) ) ;
#1542 = EDGE_CURVE ( 'NONE', #400, #1270, #1298, .T. ) ;
#1543 = PLANE ( 'NONE',  #166 ) ;
#1544 = ORIENTED_EDGE ( 'NONE', *, *, #697, .T. ) ;
#1545 = FACE_OUTER_BOUND ( 'NONE', #282, .T. ) ;
#1546 = VERTEX_POINT ( 'NONE', #882 ) ;
#1547 = DIRECTION ( 'NONE',  ( 1.000000000000000000, 1.224646799147353454E-16, -0.000000000000000000 ) ) ;
#1548 = VECTOR ( 'NONE', #1600, 1000.000000000000000 ) ;
#1549 = LINE ( 'NONE', #1708, #1591 ) ;
#1550 = CARTESIAN_POINT ( 'NONE',  ( 33.78756443470178539, 6.600000000000005862, 2.799999999999999822 ) ) ;
#1551 = ADVANCED_FACE ( 'NONE', ( #335 ), #635, .F. ) ;
#1552 = CARTESIAN_POINT ( 'NONE',  ( 32.50000000000001421, 2.000000000000000000, 2.000000000000000000 ) ) ;
#1553 = ORIENTED_EDGE ( 'NONE', *, *, #452, .F. ) ;
#1554 = FILL_AREA_STYLE_COLOUR ( '', #670 ) ;
#1555 = ORIENTED_EDGE ( 'NONE', *, *, #1456, .F. ) ;
#1556 = AXIS2_PLACEMENT_3D ( 'NONE', #1222, #255, #1805 ) ;
#1557 = DIRECTION ( 'NONE',  ( -1.000000000000000000, -1.734723475976807094E-16, -0.000000000000000000 ) ) ;
#1558 = CARTESIAN_POINT ( 'NONE',  ( 0.000000000000000000, 0.000000000000000000, 1.000000000000000000 ) ) ;
#1559 = PLANE ( 'NONE',  #885 ) ;
#1560 = ORIENTED_EDGE ( 'NONE', *, *, #968, .T. ) ;
#1561 = ORIENTED_EDGE ( 'NONE', *, *, #1248, .T. ) ;
#1562 = FACE_OUTER_BOUND ( 'NONE', #1807, .T. ) ;
#1563 = VECTOR ( 'NONE', #306, 1000.000000000000000 ) ;
#1564 = VECTOR ( 'NONE', #809, 1000.000000000000000 ) ;
#1565 = DIRECTION ( 'NONE',  ( -3.398092544762633625E-15, -1.000000000000000000, 0.000000000000000000 ) ) ;
#1566 = VECTOR ( 'NONE', #962, 1000.000000000000000 ) ;
#1567 = CARTESIAN_POINT ( 'NONE',  ( 36.21243556529824303, 57.60000000000000142, 2.799999999999999822 ) ) ;
#1568 = VECTOR ( 'NONE', #1061, 1000.000000000000000 ) ;
#1569 = ORIENTED_EDGE ( 'NONE', *, *, #403, .F. ) ;
#1570 = ADVANCED_FACE ( 'NONE', ( #217 ), #76, .F. ) ;
#1571 = EDGE_LOOP ( 'NONE', ( #972, #778, #153, #143 ) ) ;
#1572 = CARTESIAN_POINT ( 'NONE',  ( 32.50000000000001421, 15.20000000000000639, 2.000000000000000000 ) ) ;
#1573 = ORIENTED_EDGE ( 'NONE', *, *, #998, .F. ) ;
#1574 = DIRECTION ( 'NONE',  ( 0.000000000000000000, 0.000000000000000000, 1.000000000000000000 ) ) ;
#1575 = FACE_OUTER_BOUND ( 'NONE', #1242, .T. ) ;
#1576 = EDGE_CURVE ( 'NONE', #833, #563, #780, .T. ) ;
#1577 = DIRECTION ( 'NONE',  ( -0.000000000000000000, -0.000000000000000000, -1.000000000000000000 ) ) ;
#1578 = CARTESIAN_POINT ( 'NONE',  ( 7.500000000000011546, 2.000000000000000000, 2.000000000000000000 ) ) ;
#1579 = LINE ( 'NONE', #71, #1734 ) ;
#1580 = CARTESIAN_POINT ( 'NONE',  ( 39.00000000000000000, 1.000000000000004885, 0.000000000000000000 ) ) ;
#1581 = ADVANCED_FACE ( 'NONE', ( #1053 ), #1338, .F. ) ;
#1582 = LINE ( 'NONE', #327, #1475 ) ;
#1583 = CYLINDRICAL_SURFACE ( 'NONE', #737, 1.149999999999999023 ) ;
#1584 = EDGE_LOOP ( 'NONE', ( #377, #1634, #904, #699 ) ) ;
#1585 = PLANE ( 'NONE',  #912 ) ;
#1586 = VECTOR ( 'NONE', #1131, 1000.000000000000000 ) ;
#1587 = DIRECTION ( 'NONE',  ( -1.700709290173340163E-16, 1.000000000000000000, -0.000000000000000000 ) ) ;
#1588 = EDGE_CURVE ( 'NONE', #1664, #1233, #55, .T. ) ;
#1589 = FACE_OUTER_BOUND ( 'NONE', #187, .T. ) ;
#1590 = VECTOR ( 'NONE', #1315, 1000.000000000000000 ) ;
#1591 = VECTOR ( 'NONE', #434, 1000.000000000000000 ) ;
#1592 = CARTESIAN_POINT ( 'NONE',  ( 37.42487113059644344, 4.500000000000003553, 2.799999999999999822 ) ) ;
#1593 = ORIENTED_EDGE ( 'NONE', *, *, #140, .F. ) ;
#1594 = CARTESIAN_POINT ( 'NONE',  ( 36.15000000000000568, 55.50000000000000000, 6.000000000000000000 ) ) ;
#1595 = CARTESIAN_POINT ( 'NONE',  ( 3.787564434701799598, 53.40000000000000568, 0.000000000000000000 ) ) ;
#1596 = ORIENTED_EDGE ( 'NONE', *, *, #1107, .F. ) ;
#1597 = ADVANCED_FACE ( 'NONE', ( #898 ), #504, .T. ) ;
#1598 = LINE ( 'NONE', #326, #1590 ) ;
#1599 = DIRECTION ( 'NONE',  ( -1.000000000000000000, -1.275531967630005245E-16, 0.000000000000000000 ) ) ;
#1600 = DIRECTION ( 'NONE',  ( -0.000000000000000000, -0.000000000000000000, -1.000000000000000000 ) ) ;
#1601 = VERTEX_POINT ( 'NONE', #1198 ) ;
#1602 = CARTESIAN_POINT ( 'NONE',  ( 36.21243556529823593, 53.39999999999999858, 0.000000000000000000 ) ) ;
#1603 = CARTESIAN_POINT ( 'NONE',  ( 6.212435565298210172, 57.60000000000000142, 2.799999999999999822 ) ) ;
#1604 = CARTESIAN_POINT ( 'NONE',  ( 5.000000000000007994, 55.50000000000000000, 0.000000000000000000 ) ) ;
#1605 = EDGE_LOOP ( 'NONE', ( #1278, #1185, #1246, #309 ) ) ;
#1606 = EDGE_CURVE ( 'NONE', #292, #1321, #1062, .T. ) ;
#1607 = CARTESIAN_POINT ( 'NONE',  ( 33.78756443470179249, 2.400000000000005240, 0.000000000000000000 ) ) ;
#1608 = VECTOR ( 'NONE', #1201, 1000.000000000000000 ) ;
#1609 = ORIENTED_EDGE ( 'NONE', *, *, #1307, .T. ) ;
#1610 = DIRECTION ( 'NONE',  ( -0.000000000000000000, 0.000000000000000000, 1.000000000000000000 ) ) ;
#1611 = DIRECTION ( 'NONE',  ( -1.000000000000000000, 0.000000000000000000, 0.000000000000000000 ) ) ;
#1612 = DIRECTION ( 'NONE',  ( -0.000000000000000000, -0.000000000000000000, -1.000000000000000000 ) ) ;
#1613 = ORIENTED_EDGE ( 'NONE', *, *, #940, .F. ) ;
#1614 = FACE_OUTER_BOUND ( 'NONE', #677, .T. ) ;
#1615 = CARTESIAN_POINT ( 'NONE',  ( 33.85000000000000853, 4.500000000000003553, 6.000000000000000000 ) ) ;
#1616 = ORIENTED_EDGE ( 'NONE', *, *, #1791, .F. ) ;
#1617 = DIRECTION ( 'NONE',  ( -0.000000000000000000, -0.000000000000000000, 1.000000000000000000 ) ) ;
#1618 = VECTOR ( 'NONE', #906, 1000.000000000000227 ) ;
#1619 = DIRECTION ( 'NONE',  ( -0.000000000000000000, -0.000000000000000000, 1.000000000000000000 ) ) ;
#1620 = EDGE_CURVE ( 'NONE', #1321, #689, #1461, .T. ) ;
#1621 = DIRECTION ( 'NONE',  ( -0.000000000000000000, 1.000000000000000000, -0.000000000000000000 ) ) ;
#1622 = FACE_OUTER_BOUND ( 'NONE', #162, .T. ) ;
#1623 = VECTOR ( 'NONE', #672, 1000.000000000000000 ) ;
#1624 = VERTEX_POINT ( 'NONE', #48 ) ;
#1625 = LINE ( 'NONE', #81, #956 ) ;
#1626 = ORIENTED_EDGE ( 'NONE', *, *, #1787, .F. ) ;
#1627 = ORIENTED_EDGE ( 'NONE', *, *, #85, .F. ) ;
#1628 = CARTESIAN_POINT ( 'NONE',  ( 33.78756443470179249, 2.400000000000005240, 2.799999999999999822 ) ) ;
#1629 = CARTESIAN_POINT ( 'NONE',  ( 22.50000000000001421, 15.20000000000000284, 6.000000000000000000 ) ) ;
#1630 = PRODUCT ( 'back-v0', 'back-v0', '', ( #1374 ) ) ;
#1631 = LINE ( 'NONE', #936, #1655 ) ;
#1632 = ORIENTED_EDGE ( 'NONE', *, *, #1180, .F. ) ;
#1633 = CARTESIAN_POINT ( 'NONE',  ( 22.50000000000001421, 2.000000000000000000, 2.000000000000000000 ) ) ;
#1634 = ORIENTED_EDGE ( 'NONE', *, *, #745, .F. ) ;
#1635 = ORIENTED_EDGE ( 'NONE', *, *, #1087, .F. ) ;
#1636 = LINE ( 'NONE', #210, #881 ) ;
#1637 = ORIENTED_EDGE ( 'NONE', *, *, #619, .F. ) ;
#1638 = DIRECTION ( 'NONE',  ( 0.000000000000000000, 0.000000000000000000, -1.000000000000000000 ) ) ;
#1639 = AXIS2_PLACEMENT_3D ( 'NONE', #663, #1640, #1219 ) ;
#1640 = DIRECTION ( 'NONE',  ( -0.8660254037844388186, -0.4999999999999996669, 0.000000000000000000 ) ) ;
#1641 = LINE ( 'NONE', #498, #1149 ) ;
#1642 = DIRECTION ( 'NONE',  ( -0.000000000000000000, -0.000000000000000000, -1.000000000000000000 ) ) ;
#1643 = VERTEX_POINT ( 'NONE', #603 ) ;
#1644 = CARTESIAN_POINT ( 'NONE',  ( 24.49999999999999645, 56.00000000000000711, 3.000000000000000000 ) ) ;
#1645 = ORIENTED_EDGE ( 'NONE', *, *, #960, .F. ) ;
#1646 = EDGE_LOOP ( 'NONE', ( #545, #484, #526, #1275, #1763, #1529, #1799, #1751, #628, #1096, #751, #1569, #1443, #859, #1112, #1645 ) ) ;
#1647 = EDGE_CURVE ( 'NONE', #1251, #1678, #106, .T. ) ;
#1648 = DIRECTION ( 'NONE',  ( -0.000000000000000000, -0.000000000000000000, 1.000000000000000000 ) ) ;
#1649 = DIRECTION ( 'NONE',  ( -0.000000000000000000, -1.000000000000000000, -0.000000000000000000 ) ) ;
#1650 = VECTOR ( 'NONE', #1754, 1000.000000000000000 ) ;
#1651 = VECTOR ( 'NONE', #1547, 1000.000000000000000 ) ;
#1652 = EDGE_CURVE ( 'NONE', #704, #1658, #1765, .T. ) ;
#1653 =( BOUNDED_CURVE ( )  B_SPLINE_CURVE ( 3, ( #380, #98, #407, #1346 ),
 .UNSPECIFIED., .F., .F. ) 
 B_SPLINE_CURVE_WITH_KNOTS ( ( 4, 4 ),
 ( 4.712388980384689674, 6.283185307179586232 ),
 .UNSPECIFIED. ) 
 CURVE ( )  GEOMETRIC_REPRESENTATION_ITEM ( )  RATIONAL_B_SPLINE_CURVE ( ( 1.000000000000000000, 0.8047378541243649375, 0.8047378541243649375, 1.000000000000000000 ) ) 
 REPRESENTATION_ITEM ( '' )  );
#1654 = CARTESIAN_POINT ( 'NONE',  ( 22.50000000000001421, 15.20000000000000284, 2.000000000000000000 ) ) ;
#1655 = VECTOR ( 'NONE', #1495, 1000.000000000000000 ) ;
#1656 = FACE_OUTER_BOUND ( 'NONE', #575, .T. ) ;
#1657 = ORIENTED_EDGE ( 'NONE', *, *, #863, .T. ) ;
#1658 = VERTEX_POINT ( 'NONE', #1215 ) ;
#1659 = VECTOR ( 'NONE', #486, 1000.000000000000227 ) ;
#1660 = ORIENTED_EDGE ( 'NONE', *, *, #341, .T. ) ;
#1661 = DIRECTION ( 'NONE',  ( -0.8660254037844387076, 0.4999999999999998335, 0.000000000000000000 ) ) ;
#1662 = CARTESIAN_POINT ( 'NONE',  ( 5.000000000000007994, 55.50000000000000000, 6.000000000000000000 ) ) ;
#1663 = PLANE ( 'NONE',  #350 ) ;
#1664 = VERTEX_POINT ( 'NONE', #1049 ) ;
#1665 = VERTEX_POINT ( 'NONE', #1081 ) ;
#1666 = EDGE_LOOP ( 'NONE', ( #337, #244, #209, #1382 ) ) ;
#1667 = ORIENTED_EDGE ( 'NONE', *, *, #1393, .T. ) ;
#1668 = LINE ( 'NONE', #976, #1568 ) ;
#1669 = ADVANCED_FACE ( 'NONE', ( #1059 ), #1744, .F. ) ;
#1670 = LINE ( 'NONE', #1359, #1078 ) ;
#1671 = VERTEX_POINT ( 'NONE', #943 ) ;
#1672 = CIRCLE ( 'NONE', #1556, 1.149999999999999911 ) ;
#1673 = CARTESIAN_POINT ( 'NONE',  ( 40.00000000000000000, 4.898587196589413815E-15, 1.000000000000000000 ) ) ;
#1674 = EDGE_LOOP ( 'NONE', ( #230, #941, #579, #136 ) ) ;
#1675 = ORIENTED_EDGE ( 'NONE', *, *, #669, .F. ) ;
#1676 = CARTESIAN_POINT ( 'NONE',  ( 33.78756443470179249, 57.60000000000000142, 2.799999999999999822 ) ) ;
#1677 = DIRECTION ( 'NONE',  ( -1.224646799147353454E-16, 1.000000000000000000, 0.000000000000000000 ) ) ;
#1678 = VERTEX_POINT ( 'NONE', #775 ) ;
#1679 = AXIS2_PLACEMENT_3D ( 'NONE', #1312, #755, #39 ) ;
#1680 = VECTOR ( 'NONE', #266, 1000.000000000000000 ) ;
#1681 = CARTESIAN_POINT ( 'NONE',  ( 32.50000000000001421, 2.000000000000000000, 6.000000000000000000 ) ) ;
#1682 = VERTEX_POINT ( 'NONE', #1069 ) ;
#1683 = LINE ( 'NONE', #10, #1735 ) ;
#1684 = UNCERTAINTY_MEASURE_WITH_UNIT (LENGTH_MEASURE( 1.000000000000000082E-05 ), #17, 'distance_accuracy_value', 'NONE');
#1685 = FACE_OUTER_BOUND ( 'NONE', #104, .T. ) ;
#1686 = AXIS2_PLACEMENT_3D ( 'NONE', #1726, #738, #474 ) ;
#1687 = CARTESIAN_POINT ( 'NONE',  ( 6.150000000000007461, 4.500000000000003553, 6.000000000000000000 ) ) ;
#1688 = VECTOR ( 'NONE', #1423, 1000.000000000000114 ) ;
#1689 = FACE_BOUND ( 'NONE', #922, .T. ) ;
#1690 = VERTEX_POINT ( 'NONE', #765 ) ;
#1691 = EDGE_LOOP ( 'NONE', ( #796, #1435, #1094, #108, #981, #1258, #95, #1101 ) ) ;
#1692 = CARTESIAN_POINT ( 'NONE',  ( 36.15000000000000568, 4.500000000000003553, 2.799999999999999822 ) ) ;
#1693 = DIRECTION ( 'NONE',  ( 1.000000000000000000, 1.387778780781445429E-16, -0.000000000000000000 ) ) ;
#1694 = CARTESIAN_POINT ( 'NONE',  ( 37.42487113059644344, 4.500000000000003553, 0.000000000000000000 ) ) ;
#1695 = PLANE ( 'NONE',  #1511 ) ;
#1696 = VERTEX_POINT ( 'NONE', #1644 ) ;
#1697 = EDGE_LOOP ( 'NONE', ( #1471, #714, #764, #509 ) ) ;
#1698 = VECTOR ( 'NONE', #1466, 1000.000000000000000 ) ;
#1699 = UNCERTAINTY_MEASURE_WITH_UNIT (LENGTH_MEASURE( 1.000000000000000082E-05 ), #996, 'distance_accuracy_value', 'NONE');
#1700 = CARTESIAN_POINT ( 'NONE',  ( 1.000000000000000000, 0.000000000000000000, 1.000000000000000000 ) ) ;
#1701 = EDGE_CURVE ( 'NONE', #744, #1260, #1625, .T. ) ;
#1702 = DIRECTION ( 'NONE',  ( -0.5000000000000011102, -0.8660254037844380415, 0.000000000000000000 ) ) ;
#1703 = EDGE_CURVE ( 'NONE', #1458, #133, #1636, .T. ) ;
#1704 = CARTESIAN_POINT ( 'NONE',  ( 7.500000000000011546, 2.000000000000000000, 6.000000000000000000 ) ) ;
#1705 = ORIENTED_EDGE ( 'NONE', *, *, #403, .T. ) ;
#1706 = ADVANCED_FACE ( 'NONE', ( #641 ), #631, .F. ) ;
#1707 = ADVANCED_FACE ( 'NONE', ( #1614 ), #1753, .F. ) ;
#1708 = CARTESIAN_POINT ( 'NONE',  ( 32.57512886940357077, 55.49999999999999289, 2.799999999999999822 ) ) ;
#1709 = VECTOR ( 'NONE', #1276, 1000.000000000000114 ) ;
#1710 = VERTEX_POINT ( 'NONE', #378 ) ;
#1711 = VECTOR ( 'NONE', #432, 1000.000000000000000 ) ;
#1712 = CARTESIAN_POINT ( 'NONE',  ( 37.42487113059645054, 55.50000000000000000, 2.799999999999999822 ) ) ;
#1713 = CIRCLE ( 'NONE', #920, 1.149999999999999023 ) ;
#1714 = CARTESIAN_POINT ( 'NONE',  ( 40.00000000000000000, 4.898587196589413815E-15, 6.000000000000000000 ) ) ;
#1715 = VECTOR ( 'NONE', #47, 1000.000000000000114 ) ;
#1716 = EDGE_CURVE ( 'NONE', #642, #1344, #1490, .T. ) ;
#1717 = LINE ( 'NONE', #1293, #535 ) ;
#1718 = CARTESIAN_POINT ( 'NONE',  ( 1.000000000000000000, 1.000000000000000222, 0.000000000000000000 ) ) ;
#1719 = CARTESIAN_POINT ( 'NONE',  ( 6.212435565298240370, 6.599999999999979217, 0.000000000000000000 ) ) ;
#1720 = DIRECTION ( 'NONE',  ( -1.000000000000000000, 0.000000000000000000, -0.000000000000000000 ) ) ;
#1721 = EDGE_CURVE ( 'NONE', #667, #441, #70, .T. ) ;
#1722 = LINE ( 'NONE', #772, #1463 ) ;
#1723 = CARTESIAN_POINT ( 'NONE',  ( 37.42487113059645054, 55.50000000000000000, 2.799999999999999822 ) ) ;
#1724 = LINE ( 'NONE', #1595, #1803 ) ;
#1725 = EDGE_CURVE ( 'NONE', #268, #1373, #784, .T. ) ;
#1726 = CARTESIAN_POINT ( 'NONE',  ( 32.50000000000000711, 56.00000000000000711, 2.000000000000000000 ) ) ;
#1727 = EDGE_CURVE ( 'NONE', #719, #929, #359, .T. ) ;
#1728 = CARTESIAN_POINT ( 'NONE',  ( 5.000000000000007994, 55.50000000000000000, 2.799999999999999822 ) ) ;
#1729 = CARTESIAN_POINT ( 'NONE',  ( 6.150000000000007461, 4.500000000000003553, 0.000000000000000000 ) ) ;
#1730 = ORIENTED_EDGE ( 'NONE', *, *, #31, .F. ) ;
#1731 = LINE ( 'NONE', #629, #803 ) ;
#1732 = EDGE_CURVE ( 'NONE', #915, #689, #795, .T. ) ;
#1733 = FACE_OUTER_BOUND ( 'NONE', #1226, .T. ) ;
#1734 = VECTOR ( 'NONE', #46, 1000.000000000000000 ) ;
#1735 = VECTOR ( 'NONE', #973, 1000.000000000000000 ) ;
#1736 = CARTESIAN_POINT ( 'NONE',  ( 0.000000000000000000, 0.000000000000000000, 2.000000000000000000 ) ) ;
#1737 = VECTOR ( 'NONE', #1017, 1000.000000000000000 ) ;
#1738 = PLANE ( 'NONE',  #648 ) ;
#1739 = VECTOR ( 'NONE', #1378, 1000.000000000000000 ) ;
#1740 = DIRECTION ( 'NONE',  ( -0.5000000000000017764, -0.8660254037844377084, 0.000000000000000000 ) ) ;
#1741 = EDGE_LOOP ( 'NONE', ( #1392, #1047, #901, #553 ) ) ;
#1742 = DIRECTION ( 'NONE',  ( 1.000000000000000000, 0.000000000000000000, 0.000000000000000000 ) ) ;
#1743 = ADVANCED_FACE ( 'NONE', ( #659, #919, #93, #1204, #620 ), #1784, .T. ) ;
#1744 = PLANE ( 'NONE',  #857 ) ;
#1745 = CARTESIAN_POINT ( 'NONE',  ( 40.00000000000000000, 60.00000000000000711, 6.000000000000000000 ) ) ;
#1746 = ORIENTED_EDGE ( 'NONE', *, *, #749, .F. ) ;
#1747 = FACE_OUTER_BOUND ( 'NONE', #1012, .T. ) ;
#1748 = VERTEX_POINT ( 'NONE', #1603 ) ;
#1749 = LINE ( 'NONE', #1032, #416 ) ;
#1750 = PLANE ( 'NONE',  #1794 ) ;
#1751 = ORIENTED_EDGE ( 'NONE', *, *, #156, .F. ) ;
#1752 = PLANE ( 'NONE',  #1207 ) ;
#1753 = PLANE ( 'NONE',  #1416 ) ;
#1754 = DIRECTION ( 'NONE',  ( -0.000000000000000000, -0.000000000000000000, 1.000000000000000000 ) ) ;
#1755 = VERTEX_POINT ( 'NONE', #1173 ) ;
#1756 = DIRECTION ( 'NONE',  ( -1.000000000000000000, 0.000000000000000000, 0.000000000000000000 ) ) ;
#1757 = AXIS2_PLACEMENT_3D ( 'NONE', #939, #538, #971 ) ;
#1758 = EDGE_CURVE ( 'NONE', #933, #1748, #482, .T. ) ;
#1759 = DIRECTION ( 'NONE',  ( 0.000000000000000000, -0.000000000000000000, -1.000000000000000000 ) ) ;
#1760 = AXIS2_PLACEMENT_3D ( 'NONE', #219, #1013, #1611 ) ;
#1761 = DIRECTION ( 'NONE',  ( 1.000000000000000000, -0.000000000000000000, -0.000000000000000000 ) ) ;
#1762 = LINE ( 'NONE', #499, #1292 ) ;
#1763 = ORIENTED_EDGE ( 'NONE', *, *, #1798, .T. ) ;
#1764 = ORIENTED_EDGE ( 'NONE', *, *, #611, .T. ) ;
#1765 = LINE ( 'NONE', #1467, #391 ) ;
#1766 = ORIENTED_EDGE ( 'NONE', *, *, #721, .T. ) ;
#1767 = DIRECTION ( 'NONE',  ( -0.000000000000000000, -0.000000000000000000, -1.000000000000000000 ) ) ;
#1768 = AXIS2_PLACEMENT_3D ( 'NONE', #1253, #275, #283 ) ;
#1769 = DIRECTION ( 'NONE',  ( -1.000000000000000000, 1.037312461032804148E-14, 0.000000000000000000 ) ) ;
#1770 = EDGE_CURVE ( 'NONE', #1665, #1643, #1224, .T. ) ;
#1771 = CARTESIAN_POINT ( 'NONE',  ( 33.78756443470179249, 57.60000000000000142, 2.799999999999999822 ) ) ;
#1772 = ORIENTED_EDGE ( 'NONE', *, *, #85, .T. ) ;
#1773 = DIRECTION ( 'NONE',  ( -0.5000000000000011102, -0.8660254037844380415, 0.000000000000000000 ) ) ;
#1774 = VECTOR ( 'NONE', #195, 1000.000000000000227 ) ;
#1775 = ORIENTED_EDGE ( 'NONE', *, *, #1084, .T. ) ;
#1776 = DIRECTION ( 'NONE',  ( 0.5000000000000002220, -0.8660254037844384856, 0.000000000000000000 ) ) ;
#1777 = VERTEX_POINT ( 'NONE', #1692 ) ;
#1778 = DIRECTION ( 'NONE',  ( 1.000000000000000000, -1.037312461032803990E-14, 0.000000000000000000 ) ) ;
#1779 = PLANE ( 'NONE',  #1639 ) ;
#1780 = EDGE_CURVE ( 'NONE', #1233, #978, #569, .T. ) ;
#1781 = CARTESIAN_POINT ( 'NONE',  ( 33.78756443470179249, 2.400000000000005240, 2.799999999999999822 ) ) ;
#1782 = FACE_OUTER_BOUND ( 'NONE', #1521, .T. ) ;
#1783 = ORIENTED_EDGE ( 'NONE', *, *, #1171, .F. ) ;
#1784 = PLANE ( 'NONE',  #62 ) ;
#1785 = ORIENTED_EDGE ( 'NONE', *, *, #164, .T. ) ;
#1786 = CARTESIAN_POINT ( 'NONE',  ( 3.850000000000008971, 55.50000000000000000, 0.000000000000000000 ) ) ;
#1787 = EDGE_CURVE ( 'NONE', #1777, #1531, #128, .T. ) ;
#1788 = ADVANCED_FACE ( 'NONE', ( #678 ), #1538, .F. ) ;
#1789 = STYLED_ITEM ( 'NONE', ( #1399 ), #662 ) ;
#1790 = LINE ( 'NONE', #1088, #847 ) ;
#1791 = EDGE_CURVE ( 'NONE', #1643, #1601, #137, .T. ) ;
#1792 = VECTOR ( 'NONE', #42, 1000.000000000000000 ) ;
#1793 = LINE ( 'NONE', #805, #447 ) ;
#1794 = AXIS2_PLACEMENT_3D ( 'NONE', #1592, #741, #750 ) ;
#1795 = FACE_OUTER_BOUND ( 'NONE', #606, .T. ) ;
#1796 = EDGE_LOOP ( 'NONE', ( #398, #1535, #1340, #756 ) ) ;
#1797 = CARTESIAN_POINT ( 'NONE',  ( 40.00000000000000000, 4.898587196589413815E-15, 6.000000000000000000 ) ) ;
#1798 = EDGE_CURVE ( 'NONE', #807, #1356, #397, .T. ) ;
#1799 = ORIENTED_EDGE ( 'NONE', *, *, #250, .F. ) ;
#1800 = PRODUCT_RELATED_PRODUCT_CATEGORY ( 'part', '', ( #1630 ) ) ;
#1801 = PLANE ( 'NONE',  #473 ) ;
#1802 = PLANE ( 'NONE',  #604 ) ;
#1803 = VECTOR ( 'NONE', #177, 1000.000000000000114 ) ;
#1804 = AXIS2_PLACEMENT_3D ( 'NONE', #1349, #254, #1220 ) ;
#1805 = DIRECTION ( 'NONE',  ( 1.000000000000000000, 0.000000000000000000, 0.000000000000000000 ) ) ;
#1806 = ORIENTED_EDGE ( 'NONE', *, *, #1180, .T. ) ;
#1807 = EDGE_LOOP ( 'NONE', ( #1223, #896, #1783, #1214 ) ) ;
#1808 = VECTOR ( 'NONE', #1387, 1000.000000000000000 ) ;
#1809 = EDGE_CURVE ( 'NONE', #1217, #829, #1683, .T. ) ;
#1810 = ORIENTED_EDGE ( 'NONE', *, *, #1427, .F. ) ;
#1811 = LINE ( 'NONE', #390, #1388 ) ;
ENDSEC;
END-ISO-10303-21;
