ISO-10303-21;
HEADER;
FILE_DESCRIPTION (( 'STEP AP214' ),
    '1' );
FILE_NAME ('back-rp2040-v0.STEP',
    '2026-09-19T21:11:33',
    ( '' ),
    ( '' ),
    'SwSTEP 2.0',
    'SolidWorks 2026',
    '' );
FILE_SCHEMA (( 'AUTOMOTIVE_DESIGN' ));
ENDSEC;

DATA;
#1 = CARTESIAN_POINT ( 'NONE',  ( 24.49999999999999645, 49.00000000000000000, 2.000000000000000000 ) ) ;
#2 = VERTEX_POINT ( 'NONE', #518 ) ;
#3 = CARTESIAN_POINT ( 'NONE',  ( 26.29999999999999716, 56.00000000000000711, 7.000000000000000000 ) ) ;
#4 = LINE ( 'NONE', #1088, #1783 ) ;
#5 = EDGE_CURVE ( 'NONE', #1476, #1785, #1869, .T. ) ;
#6 = CARTESIAN_POINT ( 'NONE',  ( 37.42487113059644344, 4.500000000000003553, 2.799999999999999822 ) ) ;
#7 = ORIENTED_EDGE ( 'NONE', *, *, #1616, .F. ) ;
#8 = DIRECTION ( 'NONE',  ( 0.000000000000000000, -0.000000000000000000, -1.000000000000000000 ) ) ;
#9 = DIRECTION ( 'NONE',  ( 0.5000000000000011102, 0.8660254037844379305, 0.000000000000000000 ) ) ;
#10 = ORIENTED_EDGE ( 'NONE', *, *, #1749, .F. ) ;
#11 = EDGE_LOOP ( 'NONE', ( #217, #1416, #1373, #1148 ) ) ;
#12 = CARTESIAN_POINT ( 'NONE',  ( 26.29999999999999716, 49.00000000000000000, 2.000000000000000000 ) ) ;
#13 = ORIENTED_EDGE ( 'NONE', *, *, #1839, .T. ) ;
#14 = CARTESIAN_POINT ( 'NONE',  ( 36.21243556529824303, 57.60000000000000142, 2.799999999999999822 ) ) ;
#15 = LINE ( 'NONE', #1934, #139 ) ;
#16 = EDGE_LOOP ( 'NONE', ( #508, #1999, #34, #1399 ) ) ;
#17 = CARTESIAN_POINT ( 'NONE',  ( 3.787564434701790272, 2.400000000000020339, 2.799999999999999822 ) ) ;
#18 = VECTOR ( 'NONE', #762, 1000.000000000000000 ) ;
#19 = ADVANCED_FACE ( 'NONE', ( #146 ), #818, .F. ) ;
#20 = VERTEX_POINT ( 'NONE', #1006 ) ;
#21 = CARTESIAN_POINT ( 'NONE',  ( 7.500000000000005329, 56.00000000000000711, 2.000000000000000000 ) ) ;
#22 = AXIS2_PLACEMENT_3D ( 'NONE', #1410, #917, #713 ) ;
#23 = LINE ( 'NONE', #1434, #2052 ) ;
#24 = AXIS2_PLACEMENT_3D ( 'NONE', #1468, #251, #1287 ) ;
#25 = VERTEX_POINT ( 'NONE', #995 ) ;
#26 = DIRECTION ( 'NONE',  ( -0.000000000000000000, 1.000000000000000000, -0.000000000000000000 ) ) ;
#27 = PRODUCT_RELATED_PRODUCT_CATEGORY ( 'part', '', ( #2192 ) ) ;
#28 = VECTOR ( 'NONE', #1496, 1000.000000000000000 ) ;
#29 = LINE ( 'NONE', #1773, #1306 ) ;
#30 = EDGE_LOOP ( 'NONE', ( #674, #887, #1685, #119 ) ) ;
#31 = CARTESIAN_POINT ( 'NONE',  ( 32.57512886940357788, 4.500000000000009770, 2.799999999999999822 ) ) ;
#32 = CARTESIAN_POINT ( 'NONE',  ( 3.850000000000008971, 55.50000000000000000, 0.000000000000000000 ) ) ;
#33 = CARTESIAN_POINT ( 'NONE',  ( 6.212435565298240370, 6.599999999999979217, 2.799999999999999822 ) ) ;
#34 = ORIENTED_EDGE ( 'NONE', *, *, #1546, .T. ) ;
#35 = CARTESIAN_POINT ( 'NONE',  ( 39.00000000000000000, 1.000000000000004885, 0.000000000000000000 ) ) ;
#36 = ADVANCED_FACE ( 'NONE', ( #1348 ), #1029, .T. ) ;
#37 = ORIENTED_EDGE ( 'NONE', *, *, #1703, .F. ) ;
#38 = DIRECTION ( 'NONE',  ( -0.000000000000000000, 0.000000000000000000, 1.000000000000000000 ) ) ;
#39 = ORIENTED_EDGE ( 'NONE', *, *, #305, .T. ) ;
#40 = EDGE_CURVE ( 'NONE', #849, #43, #298, .T. ) ;
#41 = CARTESIAN_POINT ( 'NONE',  ( 32.50000000000001421, 2.000000000000008882, 2.000000000000000000 ) ) ;
#42 = CARTESIAN_POINT ( 'NONE',  ( 6.212435565298240370, 6.599999999999979217, 0.000000000000000000 ) ) ;
#43 = VERTEX_POINT ( 'NONE', #2251 ) ;
#44 = DIRECTION ( 'NONE',  ( 0.000000000000000000, 0.000000000000000000, -1.000000000000000000 ) ) ;
#45 = ORIENTED_EDGE ( 'NONE', *, *, #2211, .F. ) ;
#46 = EDGE_CURVE ( 'NONE', #564, #1378, #851, .T. ) ;
#47 = DIRECTION ( 'NONE',  ( -0.000000000000000000, 1.000000000000000000, -0.000000000000000000 ) ) ;
#48 = VERTEX_POINT ( 'NONE', #1778 ) ;
#49 = EDGE_CURVE ( 'NONE', #2170, #1253, #388, .T. ) ;
#50 = DIRECTION ( 'NONE',  ( -0.000000000000000000, -0.000000000000000000, -1.000000000000000000 ) ) ;
#51 = DIRECTION ( 'NONE',  ( -0.5000000000000011102, -0.8660254037844380415, 0.000000000000000000 ) ) ;
#52 = CARTESIAN_POINT ( 'NONE',  ( 5.000000000000007994, 4.500000000000003553, 6.000000000000000000 ) ) ;
#53 = VECTOR ( 'NONE', #203, 1000.000000000000227 ) ;
#54 = ORIENTED_EDGE ( 'NONE', *, *, #1543, .T. ) ;
#55 = AXIS2_PLACEMENT_3D ( 'NONE', #385, #932, #1628 ) ;
#56 = ORIENTED_EDGE ( 'NONE', *, *, #567, .T. ) ;
#57 = CARTESIAN_POINT ( 'NONE',  ( 3.787564434701799598, 53.40000000000000568, 2.799999999999999822 ) ) ;
#58 = VECTOR ( 'NONE', #1860, 1000.000000000000000 ) ;
#59 = ORIENTED_EDGE ( 'NONE', *, *, #2106, .F. ) ;
#60 = VECTOR ( 'NONE', #1894, 1000.000000000000000 ) ;
#61 = VECTOR ( 'NONE', #1127, 1000.000000000000114 ) ;
#62 = CARTESIAN_POINT ( 'NONE',  ( 36.21243556529822882, 6.600000000000005862, 0.000000000000000000 ) ) ;
#63 = CARTESIAN_POINT ( 'NONE',  ( 40.00000000000000000, 4.898587196589413815E-15, 6.000000000000000000 ) ) ;
#64 = CARTESIAN_POINT ( 'NONE',  ( 0.000000000000000000, 0.000000000000000000, 2.799999999999999822 ) ) ;
#65 = EDGE_LOOP ( 'NONE', ( #1941, #1079, #1622, #939 ) ) ;
#66 = CARTESIAN_POINT ( 'NONE',  ( 6.150000000000007461, 55.50000000000000000, 6.000000000000000000 ) ) ;
#67 = EDGE_CURVE ( 'NONE', #1346, #498, #355, .T. ) ;
#68 = ORIENTED_EDGE ( 'NONE', *, *, #1001, .F. ) ;
#69 = CARTESIAN_POINT ( 'NONE',  ( 32.57512886940357788, 4.500000000000009770, 2.799999999999999822 ) ) ;
#70 = ORIENTED_EDGE ( 'NONE', *, *, #768, .F. ) ;
#71 = EDGE_CURVE ( 'NONE', #588, #790, #890, .T. ) ;
#72 = DIRECTION ( 'NONE',  ( -1.000000000000000000, 0.000000000000000000, 0.000000000000000000 ) ) ;
#73 = ADVANCED_FACE ( 'NONE', ( #341 ), #1792, .F. ) ;
#74 = ORIENTED_EDGE ( 'NONE', *, *, #1939, .T. ) ;
#75 = LINE ( 'NONE', #1493, #275 ) ;
#76 = LINE ( 'NONE', #2180, #1609 ) ;
#77 = CARTESIAN_POINT ( 'NONE',  ( 32.50000000000001421, 2.000000000000008882, 2.000000000000000000 ) ) ;
#78 = ORIENTED_EDGE ( 'NONE', *, *, #322, .F. ) ;
#79 = CARTESIAN_POINT ( 'NONE',  ( 35.00000000000000711, 4.500000000000003553, 6.000000000000000000 ) ) ;
#80 = EDGE_LOOP ( 'NONE', ( #2131, #833, #613, #854 ) ) ;
#81 = DIRECTION ( 'NONE',  ( 0.5000000000000072164, 0.8660254037844344888, 0.000000000000000000 ) ) ;
#82 = ORIENTED_EDGE ( 'NONE', *, *, #322, .T. ) ;
#83 = DIRECTION ( 'NONE',  ( -0.000000000000000000, -0.000000000000000000, 1.000000000000000000 ) ) ;
#84 = DIRECTION ( 'NONE',  ( -1.000000000000000000, -1.224646799147353454E-16, 0.000000000000000000 ) ) ;
#85 = EDGE_LOOP ( 'NONE', ( #336, #600, #228, #189 ) ) ;
#86 = DIRECTION ( 'NONE',  ( -1.284980352575412699E-16, 1.000000000000000000, -0.000000000000000000 ) ) ;
#87 = LINE ( 'NONE', #1471, #1862 ) ;
#88 = CARTESIAN_POINT ( 'NONE',  ( -1.224646799147353454E-16, 1.000000000000000000, 1.000000000000000000 ) ) ;
#89 = DIRECTION ( 'NONE',  ( 0.000000000000000000, -0.000000000000000000, -1.000000000000000000 ) ) ;
#90 = AXIS2_PLACEMENT_3D ( 'NONE', #1251, #782, #1775 ) ;
#91 = ORIENTED_EDGE ( 'NONE', *, *, #305, .F. ) ;
#92 = CARTESIAN_POINT ( 'NONE',  ( 3.787564434701790272, 2.400000000000020339, 2.799999999999999822 ) ) ;
#93 = ORIENTED_EDGE ( 'NONE', *, *, #483, .F. ) ;
#94 = EDGE_CURVE ( 'NONE', #273, #43, #1249, .T. ) ;
#95 = CARTESIAN_POINT ( 'NONE',  ( 32.50000000000001421, 2.000000000000008882, 2.000000000000000000 ) ) ;
#96 = VECTOR ( 'NONE', #1621, 1000.000000000000227 ) ;
#97 = PLANE ( 'NONE',  #90 ) ;
#98 = ORIENTED_EDGE ( 'NONE', *, *, #1568, .T. ) ;
#99 = CIRCLE ( 'NONE', #1896, 1.149999999999998135 ) ;
#100 = CARTESIAN_POINT ( 'NONE',  ( 15.49999999999999822, 56.00000000000000711, 2.000000000000000000 ) ) ;
#101 = VECTOR ( 'NONE', #83, 1000.000000000000000 ) ;
#102 = EDGE_CURVE ( 'NONE', #1699, #1038, #1218, .T. ) ;
#103 = LINE ( 'NONE', #2195, #2234 ) ;
#104 = FACE_OUTER_BOUND ( 'NONE', #211, .T. ) ;
#105 = CIRCLE ( 'NONE', #242, 1.149999999999998135 ) ;
#106 = VERTEX_POINT ( 'NONE', #193 ) ;
#107 = CYLINDRICAL_SURFACE ( 'NONE', #977, 1.149999999999998135 ) ;
#108 = DIRECTION ( 'NONE',  ( 1.000000000000000000, 0.000000000000000000, 0.000000000000000000 ) ) ;
#109 = VERTEX_POINT ( 'NONE', #1942 ) ;
#110 = DIRECTION ( 'NONE',  ( 0.000000000000000000, -0.000000000000000000, 1.000000000000000000 ) ) ;
#111 = VERTEX_POINT ( 'NONE', #743 ) ;
#112 = CARTESIAN_POINT ( 'NONE',  ( 40.00000000000000000, 4.898587196589413815E-15, 6.000000000000000000 ) ) ;
#113 = EDGE_CURVE ( 'NONE', #1658, #589, #1402, .T. ) ;
#114 = ORIENTED_EDGE ( 'NONE', *, *, #858, .T. ) ;
#115 = CARTESIAN_POINT ( 'NONE',  ( 15.49999999999999822, 49.00000000000000000, 7.000000000000000000 ) ) ;
#116 = DIRECTION ( 'NONE',  ( 1.000000000000000000, 0.000000000000000000, 0.000000000000000000 ) ) ;
#117 = CARTESIAN_POINT ( 'NONE',  ( 3.787564434701820026, 6.600000000000004086, 2.799999999999999822 ) ) ;
#118 = EDGE_CURVE ( 'NONE', #397, #1658, #1745, .T. ) ;
#119 = ORIENTED_EDGE ( 'NONE', *, *, #1576, .F. ) ;
#120 = LINE ( 'NONE', #1188, #863 ) ;
#121 = ORIENTED_EDGE ( 'NONE', *, *, #219, .F. ) ;
#122 = FACE_OUTER_BOUND ( 'NONE', #2175, .T. ) ;
#123 = ORIENTED_EDGE ( 'NONE', *, *, #340, .T. ) ;
#124 = DIRECTION ( 'NONE',  ( -0.000000000000000000, -1.000000000000000000, -0.000000000000000000 ) ) ;
#125 = VERTEX_POINT ( 'NONE', #1914 ) ;
#126 = EDGE_CURVE ( 'NONE', #671, #1837, #1264, .T. ) ;
#127 = DIRECTION ( 'NONE',  ( -0.000000000000000000, -0.000000000000000000, -1.000000000000000000 ) ) ;
#128 = CARTESIAN_POINT ( 'NONE',  ( 32.50000000000000711, 56.00000000000000711, 2.000000000000000000 ) ) ;
#129 = DIRECTION ( 'NONE',  ( 0.000000000000000000, -1.000000000000000000, 0.000000000000000000 ) ) ;
#130 = ADVANCED_FACE ( 'NONE', ( #176 ), #368, .F. ) ;
#131 = LINE ( 'NONE', #1332, #1419 ) ;
#132 = ORIENTED_EDGE ( 'NONE', *, *, #2176, .T. ) ;
#133 = VERTEX_POINT ( 'NONE', #1254 ) ;
#134 = DIRECTION ( 'NONE',  ( -0.5000000000000011102, -0.8660254037844379305, 0.000000000000000000 ) ) ;
#135 = LINE ( 'NONE', #1740, #357 ) ;
#136 = ORIENTED_EDGE ( 'NONE', *, *, #2224, .F. ) ;
#137 = VECTOR ( 'NONE', #2206, 1000.000000000000000 ) ;
#138 = LINE ( 'NONE', #1387, #898 ) ;
#139 = VECTOR ( 'NONE', #1267, 1000.000000000000000 ) ;
#140 = CARTESIAN_POINT ( 'NONE',  ( 18.00000000000001066, 35.49999999999999289, 9.000000000000001776 ) ) ;
#141 = LINE ( 'NONE', #1678, #28 ) ;
#142 = VECTOR ( 'NONE', #47, 1000.000000000000000 ) ;
#143 = VECTOR ( 'NONE', #1252, 1000.000000000000000 ) ;
#144 = VECTOR ( 'NONE', #342, 1000.000000000000000 ) ;
#145 = ORIENTED_EDGE ( 'NONE', *, *, #1223, .T. ) ;
#146 = FACE_OUTER_BOUND ( 'NONE', #645, .T. ) ;
#147 = ADVANCED_FACE ( 'NONE', ( #2122 ), #540, .F. ) ;
#148 = CARTESIAN_POINT ( 'NONE',  ( 32.50000000000000711, 56.00000000000000711, 6.000000000000000000 ) ) ;
#149 = DIRECTION ( 'NONE',  ( 0.000000000000000000, 0.000000000000000000, 1.000000000000000000 ) ) ;
#150 = CARTESIAN_POINT ( 'NONE',  ( 32.50000000000000711, 56.00000000000000711, 2.000000000000000000 ) ) ;
#151 = EDGE_CURVE ( 'NONE', #2, #874, #2111, .T. ) ;
#152 = EDGE_CURVE ( 'NONE', #1360, #897, #1769, .T. ) ;
#153 = VERTEX_POINT ( 'NONE', #12 ) ;
#154 = CARTESIAN_POINT ( 'NONE',  ( 3.787564434701799598, 53.40000000000000568, 0.000000000000000000 ) ) ;
#155 = LINE ( 'NONE', #1027, #60 ) ;
#156 = ORIENTED_EDGE ( 'NONE', *, *, #878, .F. ) ;
#157 = DIRECTION ( 'NONE',  ( 0.000000000000000000, -1.000000000000000000, 0.000000000000000000 ) ) ;
#158 = LINE ( 'NONE', #1371, #431 ) ;
#159 = CARTESIAN_POINT ( 'NONE',  ( 33.78756443470179249, 57.60000000000000142, 2.799999999999999822 ) ) ;
#160 = EDGE_CURVE ( 'NONE', #253, #2020, #706, .T. ) ;
#161 = EDGE_LOOP ( 'NONE', ( #2058, #1170, #1286, #953 ) ) ;
#162 = DIRECTION ( 'NONE',  ( -0.000000000000000000, -0.000000000000000000, 1.000000000000000000 ) ) ;
#163 = CARTESIAN_POINT ( 'NONE',  ( 7.500000000000013323, 2.000000000000005329, 6.000000000000000000 ) ) ;
#164 = ADVANCED_FACE ( 'NONE', ( #904 ), #1961, .F. ) ;
#165 = ORIENTED_EDGE ( 'NONE', *, *, #1940, .F. ) ;
#166 = ADVANCED_FACE ( 'NONE', ( #1812 ), #1308, .F. ) ;
#167 = LINE ( 'NONE', #1382, #1548 ) ;
#168 = VERTEX_POINT ( 'NONE', #767 ) ;
#169 = DIRECTION ( 'NONE',  ( -1.284980352575412699E-16, 1.000000000000000000, -0.000000000000000000 ) ) ;
#170 = ADVANCED_FACE ( 'NONE', ( #976 ), #1657, .F. ) ;
#171 = VECTOR ( 'NONE', #1282, 1000.000000000000000 ) ;
#172 = EDGE_CURVE ( 'NONE', #48, #918, #923, .T. ) ;
#173 = AXIS2_PLACEMENT_3D ( 'NONE', #1789, #1133, #1640 ) ;
#174 = EDGE_LOOP ( 'NONE', ( #870, #593, #531, #145 ) ) ;
#175 = VECTOR ( 'NONE', #1397, 1000.000000000000000 ) ;
#176 = FACE_OUTER_BOUND ( 'NONE', #1689, .T. ) ;
#177 = DIRECTION ( 'NONE',  ( 0.000000000000000000, 0.000000000000000000, 1.000000000000000000 ) ) ;
#178 = VECTOR ( 'NONE', #607, 1000.000000000000000 ) ;
#179 = DIRECTION ( 'NONE',  ( 0.4999999999999998335, 0.8660254037844387076, 0.000000000000000000 ) ) ;
#180 = ORIENTED_EDGE ( 'NONE', *, *, #1630, .T. ) ;
#181 = LINE ( 'NONE', #875, #2005 ) ;
#182 = CARTESIAN_POINT ( 'NONE',  ( 2.575128869403585874, 55.50000000000000000, 2.799999999999999822 ) ) ;
#183 = CYLINDRICAL_SURFACE ( 'NONE', #321, 1.149999999999998135 ) ;
#184 = EDGE_CURVE ( 'NONE', #2031, #1278, #803, .T. ) ;
#185 = VERTEX_POINT ( 'NONE', #437 ) ;
#186 = DIRECTION ( 'NONE',  ( 0.4999999999999950595, -0.8660254037844415942, 0.000000000000000000 ) ) ;
#187 = ORIENTED_EDGE ( 'NONE', *, *, #1770, .T. ) ;
#188 = CARTESIAN_POINT ( 'NONE',  ( 32.50000000000000711, 56.00000000000000711, 2.000000000000000000 ) ) ;
#189 = ORIENTED_EDGE ( 'NONE', *, *, #2139, .F. ) ;
#190 = EDGE_CURVE ( 'NONE', #588, #1710, #587, .T. ) ;
#191 = LINE ( 'NONE', #366, #2267 ) ;
#192 = CARTESIAN_POINT ( 'NONE',  ( 24.49999999999999645, 60.00000000000000000, 6.000000000000000000 ) ) ;
#193 = CARTESIAN_POINT ( 'NONE',  ( 33.85000000000000853, 4.500000000000003553, 2.799999999999999822 ) ) ;
#194 = CARTESIAN_POINT ( 'NONE',  ( 24.49999999999999645, 60.00000000000000000, 4.200000000000000178 ) ) ;
#195 = VERTEX_POINT ( 'NONE', #777 ) ;
#196 = PLANE ( 'NONE',  #1347 ) ;
#197 = CARTESIAN_POINT ( 'NONE',  ( 2.575128869403585874, 55.50000000000000000, 0.000000000000000000 ) ) ;
#198 = EDGE_LOOP ( 'NONE', ( #1466, #491, #1857, #443, #78, #2228 ) ) ;
#199 = VECTOR ( 'NONE', #1788, 999.9999999999998863 ) ;
#200 = DIRECTION ( 'NONE',  ( -1.224646799147353454E-16, 1.000000000000000000, 0.000000000000000000 ) ) ;
#201 = LINE ( 'NONE', #148, #903 ) ;
#202 = AXIS2_PLACEMENT_3D ( 'NONE', #420, #2014, #1123 ) ;
#203 = DIRECTION ( 'NONE',  ( -0.5000000000000008882, 0.8660254037844380415, 0.000000000000000000 ) ) ;
#204 = VECTOR ( 'NONE', #127, 1000.000000000000000 ) ;
#205 = AXIS2_PLACEMENT_3D ( 'NONE', #1256, #1772, #1232 ) ;
#206 = VERTEX_POINT ( 'NONE', #1483 ) ;
#207 = FACE_BOUND ( 'NONE', #1687, .T. ) ;
#208 = VECTOR ( 'NONE', #51, 1000.000000000000114 ) ;
#209 = ADVANCED_FACE ( 'NONE', ( #1681 ), #107, .F. ) ;
#210 = CARTESIAN_POINT ( 'NONE',  ( 3.850000000000008971, 55.50000000000000000, 2.799999999999999822 ) ) ;
#211 = EDGE_LOOP ( 'NONE', ( #1126, #909, #565, #1806 ) ) ;
#212 = FACE_OUTER_BOUND ( 'NONE', #2073, .T. ) ;
#213 = DIRECTION ( 'NONE',  ( -0.000000000000000000, -0.000000000000000000, -1.000000000000000000 ) ) ;
#214 = DIRECTION ( 'NONE',  ( 0.000000000000000000, -1.000000000000000000, 0.000000000000000000 ) ) ;
#215 = EDGE_CURVE ( 'NONE', #1842, #2, #1190, .T. ) ;
#216 = DIRECTION ( 'NONE',  ( -0.000000000000000000, -0.000000000000000000, -1.000000000000000000 ) ) ;
#217 = ORIENTED_EDGE ( 'NONE', *, *, #1447, .T. ) ;
#218 = DIRECTION ( 'NONE',  ( -1.284980352575412946E-16, 1.000000000000000000, 0.000000000000000000 ) ) ;
#219 = EDGE_CURVE ( 'NONE', #20, #370, #1494, .T. ) ;
#220 = FACE_OUTER_BOUND ( 'NONE', #425, .T. ) ;
#221 = EDGE_LOOP ( 'NONE', ( #2114, #573, #1145, #1717 ) ) ;
#222 = CARTESIAN_POINT ( 'NONE',  ( 32.57512886940356367, 55.49999999999998579, 0.000000000000000000 ) ) ;
#223 = CARTESIAN_POINT ( 'NONE',  ( 6.212435565298212836, 53.40000000000000568, 2.799999999999999822 ) ) ;
#224 = DIRECTION ( 'NONE',  ( 0.000000000000000000, 1.000000000000000000, 0.000000000000000000 ) ) ;
#225 = ORIENTED_EDGE ( 'NONE', *, *, #1002, .F. ) ;
#226 = ORIENTED_EDGE ( 'NONE', *, *, #931, .F. ) ;
#227 = CARTESIAN_POINT ( 'NONE',  ( 21.00000000000001066, 38.49999999999999289, 7.000000000000000000 ) ) ;
#228 = ORIENTED_EDGE ( 'NONE', *, *, #520, .T. ) ;
#229 = DIRECTION ( 'NONE',  ( 0.5000000000000007772, 0.8660254037844381525, 0.000000000000000000 ) ) ;
#230 = EDGE_CURVE ( 'NONE', #1946, #1699, #1801, .T. ) ;
#231 = CARTESIAN_POINT ( 'NONE',  ( 32.50000000000000711, 56.00000000000000711, 6.000000000000000000 ) ) ;
#232 = LINE ( 'NONE', #1984, #178 ) ;
#233 = VERTEX_POINT ( 'NONE', #66 ) ;
#234 = CARTESIAN_POINT ( 'NONE',  ( 32.57512886940357077, 55.49999999999999289, 2.799999999999999822 ) ) ;
#235 = VECTOR ( 'NONE', #1470, 1000.000000000000000 ) ;
#236 = ORIENTED_EDGE ( 'NONE', *, *, #407, .F. ) ;
#237 = AXIS2_PLACEMENT_3D ( 'NONE', #1882, #1558, #2262 ) ;
#238 = ORIENTED_EDGE ( 'NONE', *, *, #1802, .F. ) ;
#239 = DIRECTION ( 'NONE',  ( 0.4999999999999993894, -0.8660254037844389297, 0.000000000000000000 ) ) ;
#240 = VECTOR ( 'NONE', #446, 1000.000000000000000 ) ;
#241 = ORIENTED_EDGE ( 'NONE', *, *, #1703, .T. ) ;
#242 = AXIS2_PLACEMENT_3D ( 'NONE', #2055, #1181, #1879 ) ;
#243 = AXIS2_PLACEMENT_3D ( 'NONE', #519, #853, #1545 ) ;
#244 = CARTESIAN_POINT ( 'NONE',  ( 13.69999999999999929, 56.00000000000000711, 7.000000000000000000 ) ) ;
#245 = FACE_BOUND ( 'NONE', #1649, .T. ) ;
#246 = DIRECTION ( 'NONE',  ( -1.000000000000000000, 0.000000000000000000, -0.000000000000000000 ) ) ;
#247 = CARTESIAN_POINT ( 'NONE',  ( 32.50000000000000711, 56.00000000000000711, 2.000000000000000000 ) ) ;
#248 = VERTEX_POINT ( 'NONE', #1995 ) ;
#249 = CARTESIAN_POINT ( 'NONE',  ( 37.42487113059645054, 55.50000000000000000, 0.000000000000000000 ) ) ;
#250 = ORIENTED_EDGE ( 'NONE', *, *, #808, .T. ) ;
#251 = DIRECTION ( 'NONE',  ( -0.000000000000000000, 0.000000000000000000, 1.000000000000000000 ) ) ;
#252 = PRODUCT_DEFINITION_CONTEXT ( 'detailed design', #1068, 'design' ) ;
#253 = VERTEX_POINT ( 'NONE', #2158 ) ;
#254 = FACE_OUTER_BOUND ( 'NONE', #1829, .T. ) ;
#255 = LINE ( 'NONE', #1665, #937 ) ;
#256 = CARTESIAN_POINT ( 'NONE',  ( 3.787564434701790272, 2.400000000000020339, 2.799999999999999822 ) ) ;
#257 = VERTEX_POINT ( 'NONE', #2198 ) ;
#258 = ADVANCED_FACE ( 'NONE', ( #1975 ), #608, .F. ) ;
#259 = PLANE ( 'NONE',  #716 ) ;
#260 = ORIENTED_EDGE ( 'NONE', *, *, #2024, .T. ) ;
#261 = PLANE ( 'NONE',  #1415 ) ;
#262 = ORIENTED_EDGE ( 'NONE', *, *, #1521, .T. ) ;
#263 = DIRECTION ( 'NONE',  ( 0.000000000000000000, 0.000000000000000000, 1.000000000000000000 ) ) ;
#264 = ORIENTED_EDGE ( 'NONE', *, *, #102, .T. ) ;
#265 = FACE_OUTER_BOUND ( 'NONE', #2108, .T. ) ;
#266 = DIRECTION ( 'NONE',  ( 0.000000000000000000, 1.000000000000000000, 0.000000000000000000 ) ) ;
#267 = CARTESIAN_POINT ( 'NONE',  ( 24.49999999999999645, 56.00000000000000711, 7.000000000000000000 ) ) ;
#268 = VECTOR ( 'NONE', #81, 1000.000000000000000 ) ;
#269 = DIRECTION ( 'NONE',  ( 1.000000000000000000, 0.000000000000000000, 0.000000000000000000 ) ) ;
#270 = EDGE_CURVE ( 'NONE', #1706, #1392, #1160, .T. ) ;
#271 = VERTEX_POINT ( 'NONE', #1828 ) ;
#272 = CARTESIAN_POINT ( 'NONE',  ( 24.49999999999999645, 49.00000000000000000, 2.000000000000000000 ) ) ;
#273 = VERTEX_POINT ( 'NONE', #1136 ) ;
#274 = DIRECTION ( 'NONE',  ( -0.000000000000000000, -1.000000000000000000, -0.000000000000000000 ) ) ;
#275 = VECTOR ( 'NONE', #2004, 1000.000000000000227 ) ;
#276 = EDGE_LOOP ( 'NONE', ( #2157, #2028, #729, #2134 ) ) ;
#277 = VECTOR ( 'NONE', #396, 1000.000000000000000 ) ;
#278 = ADVANCED_FACE ( 'NONE', ( #1838 ), #259, .F. ) ;
#279 = DIRECTION ( 'NONE',  ( 1.000000000000000000, 0.000000000000000000, 0.000000000000000000 ) ) ;
#280 = VECTOR ( 'NONE', #1889, 1000.000000000000000 ) ;
#281 = CARTESIAN_POINT ( 'NONE',  ( 6.212435565298211060, 2.400000000000011902, 2.799999999999999822 ) ) ;
#282 = PLANE ( 'NONE',  #1050 ) ;
#283 = VECTOR ( 'NONE', #829, 1000.000000000000000 ) ;
#284 = VERTEX_POINT ( 'NONE', #948 ) ;
#285 = CARTESIAN_POINT ( 'NONE',  ( 18.00000000000001066, 30.49999999999999645, 9.000000000000001776 ) ) ;
#286 = EDGE_LOOP ( 'NONE', ( #771, #301, #1150, #699 ) ) ;
#287 = CARTESIAN_POINT ( 'NONE',  ( 32.50000000000001421, 2.000000000000008882, 2.000000000000000000 ) ) ;
#288 = ORIENTED_EDGE ( 'NONE', *, *, #376, .F. ) ;
#289 = PLANE ( 'NONE',  #391 ) ;
#290 = ORIENTED_EDGE ( 'NONE', *, *, #560, .F. ) ;
#291 = EDGE_CURVE ( 'NONE', #464, #1561, #789, .T. ) ;
#292 = CARTESIAN_POINT ( 'NONE',  ( 7.424871130596418567, 55.49999999999999289, 0.000000000000000000 ) ) ;
#293 = DIRECTION ( 'NONE',  ( 0.000000000000000000, 1.000000000000000000, 0.000000000000000000 ) ) ;
#294 = CYLINDRICAL_SURFACE ( 'NONE', #1502, 1.149999999999999023 ) ;
#295 = ORIENTED_EDGE ( 'NONE', *, *, #1270, .T. ) ;
#296 = DIRECTION ( 'NONE',  ( 1.000000000000000000, 0.000000000000000000, 0.000000000000000000 ) ) ;
#297 = VERTEX_POINT ( 'NONE', #1850 ) ;
#298 = LINE ( 'NONE', #843, #828 ) ;
#299 = LINE ( 'NONE', #1007, #283 ) ;
#300 = DIRECTION ( 'NONE',  ( -0.000000000000000000, -0.000000000000000000, 1.000000000000000000 ) ) ;
#301 = ORIENTED_EDGE ( 'NONE', *, *, #1386, .F. ) ;
#302 = CYLINDRICAL_SURFACE ( 'NONE', #2003, 1.149999999999998135 ) ;
#303 = LINE ( 'NONE', #1046, #1461 ) ;
#304 = CARTESIAN_POINT ( 'NONE',  ( 5.000000000000007994, 55.50000000000000000, 6.000000000000000000 ) ) ;
#305 = EDGE_CURVE ( 'NONE', #1253, #564, #1321, .T. ) ;
#306 = DIRECTION ( 'NONE',  ( -0.000000000000000000, -1.000000000000000000, -0.000000000000000000 ) ) ;
#307 = ADVANCED_FACE ( 'NONE', ( #1276 ), #814, .F. ) ;
#308 = EDGE_CURVE ( 'NONE', #769, #20, #1161, .T. ) ;
#309 = VERTEX_POINT ( 'NONE', #647 ) ;
#310 = ORIENTED_EDGE ( 'NONE', *, *, #118, .F. ) ;
#311 = CARTESIAN_POINT ( 'NONE',  ( 21.00000000000001066, 38.49999999999999289, 2.000000000000000000 ) ) ;
#312 = LINE ( 'NONE', #679, #475 ) ;
#313 = AXIS2_PLACEMENT_3D ( 'NONE', #629, #374, #2030 ) ;
#314 = PLANE ( 'NONE',  #2117 ) ;
#315 = ORIENTED_EDGE ( 'NONE', *, *, #347, .T. ) ;
#316 = AXIS2_PLACEMENT_3D ( 'NONE', #1473, #224, #449 ) ;
#317 = FACE_OUTER_BOUND ( 'NONE', #401, .T. ) ;
#318 = CIRCLE ( 'NONE', #1081, 1.149999999999999023 ) ;
#319 = LINE ( 'NONE', #848, #1642 ) ;
#320 = VECTOR ( 'NONE', #2202, 1000.000000000000000 ) ;
#321 = AXIS2_PLACEMENT_3D ( 'NONE', #1888, #1950, #367 ) ;
#322 = EDGE_CURVE ( 'NONE', #1023, #733, #1704, .T. ) ;
#323 = ORIENTED_EDGE ( 'NONE', *, *, #1010, .T. ) ;
#324 = DIRECTION ( 'NONE',  ( 1.734723475976806848E-16, -1.000000000000000000, 0.000000000000000000 ) ) ;
#325 = CARTESIAN_POINT ( 'NONE',  ( 37.42487113059644344, 4.500000000000003553, 2.799999999999999822 ) ) ;
#326 = LINE ( 'NONE', #2260, #661 ) ;
#327 = ORIENTED_EDGE ( 'NONE', *, *, #1217, .T. ) ;
#328 = CARTESIAN_POINT ( 'NONE',  ( 40.00000000000000000, 60.00000000000000711, 6.000000000000000000 ) ) ;
#329 = ADVANCED_FACE ( 'NONE', ( #1694 ), #489, .F. ) ;
#330 = LINE ( 'NONE', #1916, #382 ) ;
#331 = EDGE_LOOP ( 'NONE', ( #339, #1444, #610, #617 ) ) ;
#332 = ORIENTED_EDGE ( 'NONE', *, *, #172, .T. ) ;
#333 = FACE_OUTER_BOUND ( 'NONE', #806, .T. ) ;
#334 = PLANE ( 'NONE',  #243 ) ;
#335 = EDGE_CURVE ( 'NONE', #1189, #2031, #131, .T. ) ;
#336 = ORIENTED_EDGE ( 'NONE', *, *, #1588, .F. ) ;
#337 = EDGE_CURVE ( 'NONE', #1977, #1023, #2063, .T. ) ;
#338 = DIRECTION ( 'NONE',  ( -1.000000000000000000, -0.000000000000000000, -0.000000000000000000 ) ) ;
#339 = ORIENTED_EDGE ( 'NONE', *, *, #1749, .T. ) ;
#340 = EDGE_CURVE ( 'NONE', #827, #1281, #120, .T. ) ;
#341 = FACE_OUTER_BOUND ( 'NONE', #1035, .T. ) ;
#342 = DIRECTION ( 'NONE',  ( 1.000000000000000000, 0.000000000000000000, 0.000000000000000000 ) ) ;
#343 = ORIENTED_EDGE ( 'NONE', *, *, #1394, .F. ) ;
#344 = PLANE ( 'NONE',  #1236 ) ;
#345 = DIRECTION ( 'NONE',  ( 0.8660254037844380415, -0.5000000000000012212, 0.000000000000000000 ) ) ;
#346 = ADVANCED_FACE ( 'NONE', ( #1344 ), #2050, .F. ) ;
#347 = EDGE_CURVE ( 'NONE', #1028, #1695, #1876, .T. ) ;
#348 = AXIS2_PLACEMENT_3D ( 'NONE', #285, #2210, #636 ) ;
#349 = VECTOR ( 'NONE', #1858, 1000.000000000000000 ) ;
#350 = CARTESIAN_POINT ( 'NONE',  ( 7.500000000000005329, 56.00000000000000711, 6.000000000000000000 ) ) ;
#351 = DIRECTION ( 'NONE',  ( 0.5000000000000011102, 0.8660254037844379305, 0.000000000000000000 ) ) ;
#352 = VECTOR ( 'NONE', #1422, 1000.000000000000000 ) ;
#353 = VERTEX_POINT ( 'NONE', #1885 ) ;
#354 = AXIS2_PLACEMENT_3D ( 'NONE', #304, #838, #2220 ) ;
#355 = LINE ( 'NONE', #1055, #2229 ) ;
#356 = CARTESIAN_POINT ( 'NONE',  ( 19.00000000000001066, 38.49999999999999289, 2.000000000000000000 ) ) ;
#357 = VECTOR ( 'NONE', #2245, 1000.000000000000227 ) ;
#358 = EDGE_CURVE ( 'NONE', #892, #1699, #1016, .T. ) ;
#359 = CARTESIAN_POINT ( 'NONE',  ( 2.575128869403585874, 55.50000000000000000, 2.799999999999999822 ) ) ;
#360 = ORIENTED_EDGE ( 'NONE', *, *, #635, .F. ) ;
#361 = PLANE ( 'NONE',  #2049 ) ;
#362 = PLANE ( 'NONE',  #1166 ) ;
#363 = ORIENTED_EDGE ( 'NONE', *, *, #1616, .T. ) ;
#364 = EDGE_CURVE ( 'NONE', #2031, #464, #75, .T. ) ;
#365 = DIRECTION ( 'NONE',  ( -0.000000000000000000, -0.000000000000000000, -1.000000000000000000 ) ) ;
#366 = CARTESIAN_POINT ( 'NONE',  ( 37.42487113059645054, 55.50000000000000000, 2.799999999999999822 ) ) ;
#367 = DIRECTION ( 'NONE',  ( 1.000000000000000000, 0.000000000000000000, 0.000000000000000000 ) ) ;
#368 = PLANE ( 'NONE',  #1380 ) ;
#369 = DIRECTION ( 'NONE',  ( -0.000000000000000000, -0.000000000000000000, 1.000000000000000000 ) ) ;
#370 = VERTEX_POINT ( 'NONE', #785 ) ;
#371 = FACE_OUTER_BOUND ( 'NONE', #448, .T. ) ;
#372 = CARTESIAN_POINT ( 'NONE',  ( 0.000000000000000000, 0.000000000000000000, 6.000000000000000000 ) ) ;
#373 = ORIENTED_EDGE ( 'NONE', *, *, #1756, .T. ) ;
#374 = DIRECTION ( 'NONE',  ( 0.000000000000000000, 0.000000000000000000, 1.000000000000000000 ) ) ;
#375 = ORIENTED_EDGE ( 'NONE', *, *, #2209, .T. ) ;
#376 = EDGE_CURVE ( 'NONE', #1401, #588, #1807, .T. ) ;
#377 = DIRECTION ( 'NONE',  ( 0.000000000000000000, 1.000000000000000000, 0.000000000000000000 ) ) ;
#378 = ORIENTED_EDGE ( 'NONE', *, *, #2139, .T. ) ;
#379 = CARTESIAN_POINT ( 'NONE',  ( 0.000000000000000000, 0.000000000000000000, 2.799999999999999822 ) ) ;
#380 =( NAMED_UNIT ( * ) PLANE_ANGLE_UNIT ( ) SI_UNIT ( $, .RADIAN. ) );
#381 = ORIENTED_EDGE ( 'NONE', *, *, #1526, .F. ) ;
#382 = VECTOR ( 'NONE', #108, 1000.000000000000000 ) ;
#383 = CARTESIAN_POINT ( 'NONE',  ( 24.49999999999999645, 60.00000000000000000, 4.200000000000000178 ) ) ;
#384 = CARTESIAN_POINT ( 'NONE',  ( 0.000000000000000000, 0.000000000000000000, 0.000000000000000000 ) ) ;
#385 = CARTESIAN_POINT ( 'NONE',  ( 0.000000000000000000, 0.000000000000000000, 2.799999999999999822 ) ) ;
#386 = LINE ( 'NONE', #77, #986 ) ;
#387 = ORIENTED_EDGE ( 'NONE', *, *, #2218, .T. ) ;
#388 = LINE ( 'NONE', #2142, #1044 ) ;
#389 = AXIS2_PLACEMENT_3D ( 'NONE', #988, #1691, #408 ) ;
#390 = ADVANCED_FACE ( 'NONE', ( #1157 ), #1132, .F. ) ;
#391 = AXIS2_PLACEMENT_3D ( 'NONE', #1203, #2252, #1571 ) ;
#392 = VERTEX_POINT ( 'NONE', #1834 ) ;
#393 = CARTESIAN_POINT ( 'NONE',  ( 33.85000000000000853, 4.500000000000003553, 0.000000000000000000 ) ) ;
#394 = LINE ( 'NONE', #1604, #352 ) ;
#395 = VECTOR ( 'NONE', #1666, 1000.000000000000000 ) ;
#396 = DIRECTION ( 'NONE',  ( 0.4999999999999998335, 0.8660254037844387076, 0.000000000000000000 ) ) ;
#397 = VERTEX_POINT ( 'NONE', #800 ) ;
#398 = FACE_BOUND ( 'NONE', #788, .T. ) ;
#399 = LINE ( 'NONE', #571, #171 ) ;
#400 = CARTESIAN_POINT ( 'NONE',  ( 36.21243556529822882, 6.600000000000005862, 2.799999999999999822 ) ) ;
#401 = EDGE_LOOP ( 'NONE', ( #1370, #1435, #2121, #1818 ) ) ;
#402 = CARTESIAN_POINT ( 'NONE',  ( 36.21243556529824303, 57.60000000000000142, 2.799999999999999822 ) ) ;
#403 = ORIENTED_EDGE ( 'NONE', *, *, #1179, .T. ) ;
#404 = VERTEX_POINT ( 'NONE', #115 ) ;
#405 = CARTESIAN_POINT ( 'NONE',  ( 37.42487113059645054, 55.50000000000000000, 0.000000000000000000 ) ) ;
#406 = ORIENTED_EDGE ( 'NONE', *, *, #1603, .T. ) ;
#407 = EDGE_CURVE ( 'NONE', #874, #2041, #1638, .T. ) ;
#408 = DIRECTION ( 'NONE',  ( 1.000000000000000000, 0.000000000000000000, 0.000000000000000000 ) ) ;
#409 = CARTESIAN_POINT ( 'NONE',  ( 6.150000000000007461, 55.50000000000000000, 2.799999999999999822 ) ) ;
#410 = CARTESIAN_POINT ( 'NONE',  ( 33.85000000000000853, 55.50000000000000000, 2.799999999999999822 ) ) ;
#411 = CARTESIAN_POINT ( 'NONE',  ( 7.500000000000005329, 56.00000000000000711, 2.000000000000000000 ) ) ;
#412 = ORIENTED_EDGE ( 'NONE', *, *, #126, .T. ) ;
#413 = ORIENTED_EDGE ( 'NONE', *, *, #1085, .T. ) ;
#414 = DIRECTION ( 'NONE',  ( 1.000000000000000000, -1.037312461032803990E-14, 0.000000000000000000 ) ) ;
#415 = ORIENTED_EDGE ( 'NONE', *, *, #1245, .T. ) ;
#416 = DIRECTION ( 'NONE',  ( 0.5000000000000002220, -0.8660254037844384856, 0.000000000000000000 ) ) ;
#417 = VECTOR ( 'NONE', #1312, 1000.000000000000000 ) ;
#418 = CARTESIAN_POINT ( 'NONE',  ( 36.21243556529823593, 53.39999999999999858, 2.799999999999999822 ) ) ;
#419 = PLANE ( 'NONE',  #2272 ) ;
#420 = CARTESIAN_POINT ( 'NONE',  ( 36.21243556529822882, 6.600000000000005862, 2.799999999999999822 ) ) ;
#421 = VECTOR ( 'NONE', #1443, 1000.000000000000000 ) ;
#422 = EDGE_LOOP ( 'NONE', ( #82, #1322, #45, #865 ) ) ;
#423 = DIRECTION ( 'NONE',  ( -0.4999999999999991118, -0.8660254037844391517, 0.000000000000000000 ) ) ;
#424 = VECTOR ( 'NONE', #279, 1000.000000000000000 ) ;
#425 = EDGE_LOOP ( 'NONE', ( #816, #884, #1353, #1137 ) ) ;
#426 = DIRECTION ( 'NONE',  ( 0.000000000000000000, 0.000000000000000000, -1.000000000000000000 ) ) ;
#427 = VECTOR ( 'NONE', #213, 1000.000000000000000 ) ;
#428 = ADVANCED_FACE ( 'NONE', ( #254 ), #1142, .F. ) ;
#429 = EDGE_CURVE ( 'NONE', #2069, #1482, #2193, .T. ) ;
#430 = ORIENTED_EDGE ( 'NONE', *, *, #118, .T. ) ;
#431 = VECTOR ( 'NONE', #499, 1000.000000000000114 ) ;
#432 = VECTOR ( 'NONE', #1998, 1000.000000000000000 ) ;
#433 = CARTESIAN_POINT ( 'NONE',  ( 26.29999999999999716, 56.00000000000000711, 7.000000000000000000 ) ) ;
#434 = DIRECTION ( 'NONE',  ( -0.000000000000000000, -1.000000000000000000, -0.000000000000000000 ) ) ;
#435 = CARTESIAN_POINT ( 'NONE',  ( 13.69999999999999929, 56.00000000000000711, 6.000000000000000000 ) ) ;
#436 = ORIENTED_EDGE ( 'NONE', *, *, #152, .F. ) ;
#437 = CARTESIAN_POINT ( 'NONE',  ( 6.150000000000007461, 4.500000000000003553, 2.799999999999999822 ) ) ;
#438 = VERTEX_POINT ( 'NONE', #1664 ) ;
#439 = DIRECTION ( 'NONE',  ( 0.000000000000000000, -1.000000000000000000, 0.000000000000000000 ) ) ;
#440 = EDGE_LOOP ( 'NONE', ( #1767, #226, #1674, #1736 ) ) ;
#441 = DIRECTION ( 'NONE',  ( -0.000000000000000000, 0.000000000000000000, -1.000000000000000000 ) ) ;
#442 =( NAMED_UNIT ( * ) SI_UNIT ( $, .STERADIAN. ) SOLID_ANGLE_UNIT ( ) );
#443 = ORIENTED_EDGE ( 'NONE', *, *, #747, .F. ) ;
#444 = DIRECTION ( 'NONE',  ( 1.000000000000000000, -1.037312461032803990E-14, 0.000000000000000000 ) ) ;
#445 = EDGE_CURVE ( 'NONE', #478, #1867, #2021, .T. ) ;
#446 = DIRECTION ( 'NONE',  ( -1.000000000000000000, 0.000000000000000000, 0.000000000000000000 ) ) ;
#447 = FACE_OUTER_BOUND ( 'NONE', #1296, .T. ) ;
#448 = EDGE_LOOP ( 'NONE', ( #667, #1557, #689, #381, #13 ) ) ;
#449 = DIRECTION ( 'NONE',  ( 0.000000000000000000, -0.000000000000000000, 1.000000000000000000 ) ) ;
#450 = EDGE_LOOP ( 'NONE', ( #1279, #780, #517, #1542 ) ) ;
#451 = CARTESIAN_POINT ( 'NONE',  ( 33.78756443470179249, 57.60000000000000142, 0.000000000000000000 ) ) ;
#452 = EDGE_LOOP ( 'NONE', ( #1089, #1067, #2064, #758 ) ) ;
#453 = PLANE ( 'NONE',  #1385 ) ;
#454 = PRODUCT_CONTEXT ( 'NONE', #1750, 'mechanical' ) ;
#455 = ORIENTED_EDGE ( 'NONE', *, *, #151, .T. ) ;
#456 = CARTESIAN_POINT ( 'NONE',  ( 3.787564434701798266, 57.60000000000000142, 0.000000000000000000 ) ) ;
#457 = ADVANCED_FACE ( 'NONE', ( #265 ), #631, .F. ) ;
#458 = LINE ( 'NONE', #1692, #539 ) ;
#459 = DIRECTION ( 'NONE',  ( -0.000000000000000000, -0.000000000000000000, -1.000000000000000000 ) ) ;
#460 = VECTOR ( 'NONE', #1868, 1000.000000000000000 ) ;
#461 = DIRECTION ( 'NONE',  ( 1.000000000000000000, 0.000000000000000000, 0.000000000000000000 ) ) ;
#462 = ORIENTED_EDGE ( 'NONE', *, *, #1795, .F. ) ;
#463 = LINE ( 'NONE', #92, #417 ) ;
#464 = VERTEX_POINT ( 'NONE', #1982 ) ;
#465 = AXIS2_PLACEMENT_3D ( 'NONE', #2165, #594, #229 ) ;
#466 = EDGE_CURVE ( 'NONE', #521, #1695, #619, .T. ) ;
#467 = DIRECTION ( 'NONE',  ( -0.000000000000000000, -0.000000000000000000, -1.000000000000000000 ) ) ;
#468 = STYLED_ITEM ( 'NONE', ( #1257 ), #632 ) ;
#469 = ORIENTED_EDGE ( 'NONE', *, *, #651, .F. ) ;
#470 = VECTOR ( 'NONE', #434, 1000.000000000000000 ) ;
#471 = CARTESIAN_POINT ( 'NONE',  ( 21.00000000000001066, 38.49999999999999289, 7.000000000000000000 ) ) ;
#472 = VECTOR ( 'NONE', #1495, 1000.000000000000000 ) ;
#473 = DIRECTION ( 'NONE',  ( -1.000000000000000000, 0.000000000000000000, 0.000000000000000000 ) ) ;
#474 = PLANE ( 'NONE',  #760 ) ;
#475 = VECTOR ( 'NONE', #2244, 1000.000000000000000 ) ;
#476 = CARTESIAN_POINT ( 'NONE',  ( 5.000000000000007994, 4.500000000000003553, 0.000000000000000000 ) ) ;
#477 = ORIENTED_EDGE ( 'NONE', *, *, #2211, .T. ) ;
#478 = VERTEX_POINT ( 'NONE', #2217 ) ;
#479 = DIRECTION ( 'NONE',  ( -1.000000000000000000, 0.000000000000000000, 0.000000000000000000 ) ) ;
#480 = CARTESIAN_POINT ( 'NONE',  ( 2.575128869403585874, 55.50000000000000000, 2.799999999999999822 ) ) ;
#481 = PLANE ( 'NONE',  #2013 ) ;
#482 = ORIENTED_EDGE ( 'NONE', *, *, #1199, .F. ) ;
#483 = EDGE_CURVE ( 'NONE', #125, #392, #971, .T. ) ;
#484 = LINE ( 'NONE', #998, #717 ) ;
#485 = EDGE_CURVE ( 'NONE', #353, #918, #1115, .T. ) ;
#486 = LINE ( 'NONE', #2207, #58 ) ;
#487 = CARTESIAN_POINT ( 'NONE',  ( 36.21243556529823593, 53.39999999999999858, 2.799999999999999822 ) ) ;
#488 = EDGE_CURVE ( 'NONE', #1255, #271, #1328, .T. ) ;
#489 = PLANE ( 'NONE',  #348 ) ;
#490 = ORIENTED_EDGE ( 'NONE', *, *, #905, .F. ) ;
#491 = ORIENTED_EDGE ( 'NONE', *, *, #1683, .F. ) ;
#492 = CARTESIAN_POINT ( 'NONE',  ( 39.00000000000000000, 4.898587196589413815E-15, 1.000000000000000000 ) ) ;
#493 = LINE ( 'NONE', #2253, #144 ) ;
#494 = ORIENTED_EDGE ( 'NONE', *, *, #914, .T. ) ;
#495 = LINE ( 'NONE', #154, #654 ) ;
#496 = CARTESIAN_POINT ( 'NONE',  ( -1.023486850826315870E-14, 59.00000000000000000, 0.000000000000000000 ) ) ;
#497 = ORIENTED_EDGE ( 'NONE', *, *, #1162, .F. ) ;
#498 = VERTEX_POINT ( 'NONE', #945 ) ;
#499 = DIRECTION ( 'NONE',  ( -0.5000000000000008882, -0.8660254037844381525, 0.000000000000000000 ) ) ;
#500 = DIRECTION ( 'NONE',  ( -0.000000000000000000, -0.000000000000000000, -1.000000000000000000 ) ) ;
#501 = EDGE_LOOP ( 'NONE', ( #2212, #497, #1987, #413 ) ) ;
#502 = AXIS2_PLACEMENT_3D ( 'NONE', #1612, #2132, #563 ) ;
#503 = DIRECTION ( 'NONE',  ( -1.000000000000000000, 0.000000000000000000, 0.000000000000000000 ) ) ;
#504 = DIRECTION ( 'NONE',  ( -0.5000000000000003331, 0.8660254037844384856, 0.000000000000000000 ) ) ;
#505 = EDGE_CURVE ( 'NONE', #273, #1378, #958, .T. ) ;
#506 = VECTOR ( 'NONE', #467, 1000.000000000000000 ) ;
#507 = VECTOR ( 'NONE', #1319, 1000.000000000000000 ) ;
#508 = ORIENTED_EDGE ( 'NONE', *, *, #1980, .T. ) ;
#509 = ORIENTED_EDGE ( 'NONE', *, *, #532, .F. ) ;
#510 = CARTESIAN_POINT ( 'NONE',  ( 21.00000000000001066, 38.49999999999999289, 7.000000000000000000 ) ) ;
#511 = EDGE_CURVE ( 'NONE', #746, #1658, #1317, .T. ) ;
#512 = LINE ( 'NONE', #698, #2239 ) ;
#513 = ORIENTED_EDGE ( 'NONE', *, *, #335, .T. ) ;
#514 = CARTESIAN_POINT ( 'NONE',  ( 35.00000000000000711, 55.50000000000000000, 2.799999999999999822 ) ) ;
#515 = ORIENTED_EDGE ( 'NONE', *, *, #2179, .F. ) ;
#516 = EDGE_CURVE ( 'NONE', #1392, #1706, #2083, .T. ) ;
#517 = ORIENTED_EDGE ( 'NONE', *, *, #160, .T. ) ;
#518 = CARTESIAN_POINT ( 'NONE',  ( 33.78756443470178539, 53.39999999999999858, 0.000000000000000000 ) ) ;
#519 = CARTESIAN_POINT ( 'NONE',  ( 0.000000000000000000, 0.000000000000000000, 2.000000000000000000 ) ) ;
#520 = EDGE_CURVE ( 'NONE', #982, #2172, #99, .T. ) ;
#521 = VERTEX_POINT ( 'NONE', #1700 ) ;
#522 = DIRECTION ( 'NONE',  ( 1.000000000000000000, 0.000000000000000000, 0.000000000000000000 ) ) ;
#523 = FACE_OUTER_BOUND ( 'NONE', #569, .T. ) ;
#524 = CARTESIAN_POINT ( 'NONE',  ( 6.212435565298212836, 53.40000000000000568, 0.000000000000000000 ) ) ;
#525 = DIRECTION ( 'NONE',  ( 1.000000000000000000, -0.000000000000000000, -0.000000000000000000 ) ) ;
#526 = ADVANCED_FACE ( 'NONE', ( #317 ), #1903, .F. ) ;
#527 = DIRECTION ( 'NONE',  ( -1.000000000000000000, 0.000000000000000000, -0.000000000000000000 ) ) ;
#528 = DIRECTION ( 'NONE',  ( 0.000000000000000000, -1.000000000000000000, 0.000000000000000000 ) ) ;
#529 =( BOUNDED_CURVE ( )  B_SPLINE_CURVE ( 3, ( #845, #1219, #872, #1556 ),
 .UNSPECIFIED., .F., .F. ) 
 B_SPLINE_CURVE_WITH_KNOTS ( ( 4, 4 ),
 ( 4.712388980384689674, 6.283185307179586232 ),
 .UNSPECIFIED. ) 
 CURVE ( )  GEOMETRIC_REPRESENTATION_ITEM ( )  RATIONAL_B_SPLINE_CURVE ( ( 1.000000000000000000, 0.8047378541243649375, 0.8047378541243649375, 1.000000000000000000 ) ) 
 REPRESENTATION_ITEM ( '' )  );
#530 = CARTESIAN_POINT ( 'NONE',  ( 22.00000000000000711, 30.49999999999999645, 2.000000000000000000 ) ) ;
#531 = ORIENTED_EDGE ( 'NONE', *, *, #1603, .F. ) ;
#532 = EDGE_CURVE ( 'NONE', #1359, #1697, #1716, .T. ) ;
#533 = ORIENTED_EDGE ( 'NONE', *, *, #308, .T. ) ;
#534 = CARTESIAN_POINT ( 'NONE',  ( 0.000000000000000000, 0.000000000000000000, 6.000000000000000000 ) ) ;
#535 = ORIENTED_EDGE ( 'NONE', *, *, #2065, .T. ) ;
#536 = AXIS2_PLACEMENT_3D ( 'NONE', #649, #324, #1887 ) ;
#537 = MECHANICAL_DESIGN_GEOMETRIC_PRESENTATION_REPRESENTATION (  '', ( #468 ), #934 ) ;
#538 = DIRECTION ( 'NONE',  ( 1.000000000000000000, 0.000000000000000000, 0.000000000000000000 ) ) ;
#539 = VECTOR ( 'NONE', #116, 1000.000000000000000 ) ;
#540 = PLANE ( 'NONE',  #2080 ) ;
#541 = VECTOR ( 'NONE', #500, 1000.000000000000000 ) ;
#542 = ORIENTED_EDGE ( 'NONE', *, *, #358, .T. ) ;
#543 = LINE ( 'NONE', #1246, #577 ) ;
#544 = CARTESIAN_POINT ( 'NONE',  ( 18.00000000000001066, 35.49999999999999289, 2.000000000000000000 ) ) ;
#545 = LINE ( 'NONE', #1247, #1497 ) ;
#546 = ORIENTED_EDGE ( 'NONE', *, *, #2125, .T. ) ;
#547 = ADVANCED_FACE ( 'NONE', ( #847 ), #302, .F. ) ;
#548 = ADVANCED_FACE ( 'NONE', ( #1033 ), #684, .F. ) ;
#549 = LINE ( 'NONE', #796, #1672 ) ;
#550 = ADVANCED_FACE ( 'NONE', ( #1208 ), #1355, .T. ) ;
#551 = CARTESIAN_POINT ( 'NONE',  ( 2.575128869403592535, 4.500000000000021316, 2.799999999999999822 ) ) ;
#552 = VERTEX_POINT ( 'NONE', #1725 ) ;
#553 = CARTESIAN_POINT ( 'NONE',  ( 24.49999999999999645, 56.00000000000000711, 4.200000000000000178 ) ) ;
#554 = ORIENTED_EDGE ( 'NONE', *, *, #46, .F. ) ;
#555 = CARTESIAN_POINT ( 'NONE',  ( 19.00000000000001066, 38.49999999999999289, 7.000000000000000000 ) ) ;
#556 = CARTESIAN_POINT ( 'NONE',  ( 7.424871130596423896, 4.500000000000003553, 2.799999999999999822 ) ) ;
#557 = ORIENTED_EDGE ( 'NONE', *, *, #1105, .F. ) ;
#558 = CARTESIAN_POINT ( 'NONE',  ( 3.787564434701790272, 2.400000000000020339, 2.799999999999999822 ) ) ;
#559 = DIRECTION ( 'NONE',  ( -0.000000000000000000, -0.000000000000000000, -1.000000000000000000 ) ) ;
#560 = EDGE_CURVE ( 'NONE', #1281, #133, #495, .T. ) ;
#561 = DIRECTION ( 'NONE',  ( -0.000000000000000000, -0.000000000000000000, -1.000000000000000000 ) ) ;
#562 = FACE_OUTER_BOUND ( 'NONE', #889, .T. ) ;
#563 = DIRECTION ( 'NONE',  ( 0.000000000000000000, -0.000000000000000000, -1.000000000000000000 ) ) ;
#564 = VERTEX_POINT ( 'NONE', #328 ) ;
#565 = ORIENTED_EDGE ( 'NONE', *, *, #755, .T. ) ;
#566 = DIRECTION ( 'NONE',  ( 0.000000000000000000, -1.000000000000000000, 0.000000000000000000 ) ) ;
#567 = EDGE_CURVE ( 'NONE', #1774, #951, #484, .T. ) ;
#568 = DIRECTION ( 'NONE',  ( -1.000000000000000000, -1.734723475976807094E-16, -0.000000000000000000 ) ) ;
#569 = EDGE_LOOP ( 'NONE', ( #535, #136, #1803, #1235 ) ) ;
#570 = ADVANCED_FACE ( 'NONE', ( #822 ), #1872, .F. ) ;
#571 = CARTESIAN_POINT ( 'NONE',  ( 6.212435565298211060, 2.400000000000011902, 2.799999999999999822 ) ) ;
#572 = DIRECTION ( 'NONE',  ( 0.8660254037844415942, 0.4999999999999950595, -0.000000000000000000 ) ) ;
#573 = ORIENTED_EDGE ( 'NONE', *, *, #592, .F. ) ;
#574 = DIRECTION ( 'NONE',  ( 0.000000000000000000, 1.000000000000000000, 0.000000000000000000 ) ) ;
#575 = EDGE_CURVE ( 'NONE', #892, #248, #138, .T. ) ;
#576 = VECTOR ( 'NONE', #1412, 1000.000000000000000 ) ;
#577 = VECTOR ( 'NONE', #26, 1000.000000000000000 ) ;
#578 = ORIENTED_EDGE ( 'NONE', *, *, #46, .T. ) ;
#579 = VERTEX_POINT ( 'NONE', #1039 ) ;
#580 = EDGE_CURVE ( 'NONE', #2275, #1946, #657, .T. ) ;
#581 = FACE_OUTER_BOUND ( 'NONE', #276, .T. ) ;
#582 = ORIENTED_EDGE ( 'NONE', *, *, #335, .F. ) ;
#583 = ADVANCED_BREP_SHAPE_REPRESENTATION ( 'back-rp2040-v0', ( #632, #313 ), #1451 ) ;
#584 = CARTESIAN_POINT ( 'NONE',  ( 6.212435565298212836, 53.40000000000000568, 2.799999999999999822 ) ) ;
#585 = CARTESIAN_POINT ( 'NONE',  ( 15.49999999999999822, 56.00000000000000711, 6.000000000000000000 ) ) ;
#586 = ORIENTED_EDGE ( 'NONE', *, *, #1543, .F. ) ;
#587 = LINE ( 'NONE', #411, #748 ) ;
#588 = VERTEX_POINT ( 'NONE', #1577 ) ;
#589 = VERTEX_POINT ( 'NONE', #292 ) ;
#590 = CARTESIAN_POINT ( 'NONE',  ( 3.787564434701820026, 6.600000000000004086, 0.000000000000000000 ) ) ;
#591 = ADVANCED_FACE ( 'NONE', ( #2060 ), #1339, .F. ) ;
#592 = EDGE_CURVE ( 'NONE', #1346, #1602, #2045, .T. ) ;
#593 = ORIENTED_EDGE ( 'NONE', *, *, #1990, .F. ) ;
#594 = DIRECTION ( 'NONE',  ( 0.8660254037844382635, -0.5000000000000008882, 0.000000000000000000 ) ) ;
#595 = CARTESIAN_POINT ( 'NONE',  ( 15.50000000000000000, 56.00000000000000711, 2.000000000000000000 ) ) ;
#596 = CARTESIAN_POINT ( 'NONE',  ( 0.000000000000000000, 0.000000000000000000, 1.000000000000000000 ) ) ;
#597 = VERTEX_POINT ( 'NONE', #675 ) ;
#598 = DIRECTION ( 'NONE',  ( 1.606225440719265627E-16, -1.000000000000000000, 0.000000000000000000 ) ) ;
#599 = EDGE_CURVE ( 'NONE', #404, #521, #1185, .T. ) ;
#600 = ORIENTED_EDGE ( 'NONE', *, *, #651, .T. ) ;
#601 = CARTESIAN_POINT ( 'NONE',  ( 33.78756443470178539, 6.600000000000005862, 0.000000000000000000 ) ) ;
#602 = ORIENTED_EDGE ( 'NONE', *, *, #67, .T. ) ;
#603 = LINE ( 'NONE', #759, #101 ) ;
#604 = ORIENTED_EDGE ( 'NONE', *, *, #5, .F. ) ;
#605 = DIRECTION ( 'NONE',  ( -0.000000000000000000, 0.000000000000000000, -1.000000000000000000 ) ) ;
#606 = DIRECTION ( 'NONE',  ( 1.000000000000000000, -0.000000000000000000, -0.000000000000000000 ) ) ;
#607 = DIRECTION ( 'NONE',  ( -0.000000000000000000, -0.000000000000000000, -1.000000000000000000 ) ) ;
#608 = PLANE ( 'NONE',  #202 ) ;
#609 = VECTOR ( 'NONE', #936, 1000.000000000000000 ) ;
#610 = ORIENTED_EDGE ( 'NONE', *, *, #2130, .T. ) ;
#611 = DIRECTION ( 'NONE',  ( 0.000000000000000000, -0.000000000000000000, -1.000000000000000000 ) ) ;
#612 = AXIS2_PLACEMENT_3D ( 'NONE', #864, #2092, #1535 ) ;
#613 = ORIENTED_EDGE ( 'NONE', *, *, #1854, .F. ) ;
#614 = FACE_OUTER_BOUND ( 'NONE', #2002, .T. ) ;
#615 = VECTOR ( 'NONE', #1843, 1000.000000000000000 ) ;
#616 = DIRECTION ( 'NONE',  ( -0.000000000000000000, -0.000000000000000000, -1.000000000000000000 ) ) ;
#617 = ORIENTED_EDGE ( 'NONE', *, *, #1184, .T. ) ;
#618 = VECTOR ( 'NONE', #525, 1000.000000000000000 ) ;
#619 = LINE ( 'NONE', #1302, #18 ) ;
#620 = PLANE ( 'NONE',  #1124 ) ;
#621 = LINE ( 'NONE', #1187, #507 ) ;
#622 = ORIENTED_EDGE ( 'NONE', *, *, #1290, .F. ) ;
#623 = DIRECTION ( 'NONE',  ( 0.000000000000000000, -1.000000000000000000, 0.000000000000000000 ) ) ;
#624 = ORIENTED_EDGE ( 'NONE', *, *, #2081, .F. ) ;
#625 = LINE ( 'NONE', #1323, #460 ) ;
#626 = EDGE_LOOP ( 'NONE', ( #238, #2084 ) ) ;
#627 = DIRECTION ( 'NONE',  ( -0.000000000000000000, -0.000000000000000000, -1.000000000000000000 ) ) ;
#628 = EDGE_CURVE ( 'NONE', #1774, #1178, #835, .T. ) ;
#629 = CARTESIAN_POINT ( 'NONE',  ( 0.000000000000000000, 0.000000000000000000, 0.000000000000000000 ) ) ;
#630 = VERTEX_POINT ( 'NONE', #2070 ) ;
#631 = PLANE ( 'NONE',  #1019 ) ;
#632 = MANIFOLD_SOLID_BREP ( 'Boss-Extrude3', #1269 ) ;
#633 = LINE ( 'NONE', #801, #240 ) ;
#634 = CARTESIAN_POINT ( 'NONE',  ( 3.850000000000008971, 55.50000000000000000, 6.000000000000000000 ) ) ;
#635 = EDGE_CURVE ( 'NONE', #564, #1492, #886, .T. ) ;
#636 = DIRECTION ( 'NONE',  ( 0.000000000000000000, 0.000000000000000000, -1.000000000000000000 ) ) ;
#637 = ORIENTED_EDGE ( 'NONE', *, *, #67, .F. ) ;
#638 = CARTESIAN_POINT ( 'NONE',  ( 36.21243556529822882, 2.400000000000005240, 2.799999999999999822 ) ) ;
#639 = ORIENTED_EDGE ( 'NONE', *, *, #580, .T. ) ;
#640 = CARTESIAN_POINT ( 'NONE',  ( 6.212435565298210172, 57.60000000000000142, 2.799999999999999822 ) ) ;
#641 = ORIENTED_EDGE ( 'NONE', *, *, #739, .F. ) ;
#642 = DIRECTION ( 'NONE',  ( 0.000000000000000000, 0.000000000000000000, 1.000000000000000000 ) ) ;
#643 = CARTESIAN_POINT ( 'NONE',  ( 36.21243556529824303, 57.60000000000000142, 0.000000000000000000 ) ) ;
#644 = CARTESIAN_POINT ( 'NONE',  ( 36.21243556529822882, 2.400000000000005240, 2.799999999999999822 ) ) ;
#645 = EDGE_LOOP ( 'NONE', ( #1335, #1936, #360, #578, #1487, #1751, #2240, #1660 ) ) ;
#646 = AXIS2_PLACEMENT_3D ( 'NONE', #1486, #2184, #703 ) ;
#647 = CARTESIAN_POINT ( 'NONE',  ( 0.000000000000000000, 60.00000000000000000, 6.000000000000000000 ) ) ;
#648 = ORIENTED_EDGE ( 'NONE', *, *, #1386, .T. ) ;
#649 = CARTESIAN_POINT ( 'NONE',  ( 0.000000000000000000, 60.00000000000000000, 6.000000000000000000 ) ) ;
#650 = AXIS2_PLACEMENT_3D ( 'NONE', #476, #1177, #1539 ) ;
#651 = EDGE_CURVE ( 'NONE', #1697, #982, #1195, .T. ) ;
#652 = CARTESIAN_POINT ( 'NONE',  ( 36.21243556529823593, 53.39999999999999858, 2.799999999999999822 ) ) ;
#653 = CARTESIAN_POINT ( 'NONE',  ( 33.85000000000000853, 4.500000000000003553, 6.000000000000000000 ) ) ;
#654 = VECTOR ( 'NONE', #2247, 1000.000000000000114 ) ;
#655 = VERTEX_POINT ( 'NONE', #1594 ) ;
#656 = CIRCLE ( 'NONE', #2113, 1.149999999999999911 ) ;
#657 = LINE ( 'NONE', #855, #2190 ) ;
#658 = VECTOR ( 'NONE', #1091, 1000.000000000000000 ) ;
#659 = CARTESIAN_POINT ( 'NONE',  ( 33.85000000000000853, 55.50000000000000000, 6.000000000000000000 ) ) ;
#660 = DIRECTION ( 'NONE',  ( 1.000000000000000000, 1.224646799147353454E-16, -0.000000000000000000 ) ) ;
#661 = VECTOR ( 'NONE', #1928, 1000.000000000000000 ) ;
#662 = CARTESIAN_POINT ( 'NONE',  ( 15.49999999999999822, 56.00000000000000711, 6.000000000000000000 ) ) ;
#663 = EDGE_LOOP ( 'NONE', ( #1206, #2102, #966, #1633 ) ) ;
#664 = ORIENTED_EDGE ( 'NONE', *, *, #1809, .F. ) ;
#665 = LINE ( 'NONE', #1008, #1427 ) ;
#666 = PLANE ( 'NONE',  #839 ) ;
#667 = ORIENTED_EDGE ( 'NONE', *, *, #1197, .T. ) ;
#668 = CARTESIAN_POINT ( 'NONE',  ( 7.424871130596423896, 4.500000000000003553, 2.799999999999999822 ) ) ;
#669 = CARTESIAN_POINT ( 'NONE',  ( 15.49999999999999822, 56.00000000000000711, 7.000000000000000000 ) ) ;
#670 = ORIENTED_EDGE ( 'NONE', *, *, #190, .F. ) ;
#671 = VERTEX_POINT ( 'NONE', #1754 ) ;
#672 = CARTESIAN_POINT ( 'NONE',  ( 5.000000000000007994, 4.500000000000003553, 0.000000000000000000 ) ) ;
#673 = CARTESIAN_POINT ( 'NONE',  ( 22.00000000000000711, 30.49999999999999645, 9.000000000000001776 ) ) ;
#674 = ORIENTED_EDGE ( 'NONE', *, *, #1939, .F. ) ;
#675 = CARTESIAN_POINT ( 'NONE',  ( 36.21243556529822882, 2.400000000000005240, 2.799999999999999822 ) ) ;
#676 = CARTESIAN_POINT ( 'NONE',  ( 26.29999999999999716, 49.00000000000000000, 7.000000000000000000 ) ) ;
#677 = ORIENTED_EDGE ( 'NONE', *, *, #987, .F. ) ;
#678 = ORIENTED_EDGE ( 'NONE', *, *, #1816, .T. ) ;
#679 = CARTESIAN_POINT ( 'NONE',  ( 6.150000000000007461, 4.500000000000003553, 0.000000000000000000 ) ) ;
#680 = DIRECTION ( 'NONE',  ( -0.000000000000000000, -0.000000000000000000, -1.000000000000000000 ) ) ;
#681 = ORIENTED_EDGE ( 'NONE', *, *, #1316, .F. ) ;
#682 = ADVANCED_FACE ( 'NONE', ( #523 ), #876, .F. ) ;
#683 = VECTOR ( 'NONE', #825, 1000.000000000000000 ) ;
#684 = PLANE ( 'NONE',  #1819 ) ;
#685 = VECTOR ( 'NONE', #1479, 1000.000000000000000 ) ;
#686 = AXIS2_PLACEMENT_3D ( 'NONE', #955, #441, #72 ) ;
#687 = VECTOR ( 'NONE', #824, 1000.000000000000000 ) ;
#688 = EDGE_CURVE ( 'NONE', #1785, #579, #15, .T. ) ;
#689 = ORIENTED_EDGE ( 'NONE', *, *, #358, .F. ) ;
#690 = LINE ( 'NONE', #1361, #1610 ) ;
#691 = FACE_OUTER_BOUND ( 'NONE', #2123, .T. ) ;
#692 = ORIENTED_EDGE ( 'NONE', *, *, #2224, .T. ) ;
#693 = LINE ( 'NONE', #1356, #175 ) ;
#694 = DIRECTION ( 'NONE',  ( 0.4999999999999996669, -0.8660254037844388186, 0.000000000000000000 ) ) ;
#695 = ORIENTED_EDGE ( 'NONE', *, *, #151, .F. ) ;
#696 = ADVANCED_FACE ( 'NONE', ( #220 ), #362, .F. ) ;
#697 = CARTESIAN_POINT ( 'NONE',  ( 39.58578643762690064, 0.4142135623730999749, 3.586907429118599214E-17 ) ) ;
#698 = CARTESIAN_POINT ( 'NONE',  ( 3.787564434701820026, 6.600000000000004086, 2.799999999999999822 ) ) ;
#699 = ORIENTED_EDGE ( 'NONE', *, *, #1329, .T. ) ;
#700 = DIRECTION ( 'NONE',  ( -1.000000000000000000, 0.000000000000000000, -0.000000000000000000 ) ) ;
#701 =( LENGTH_UNIT ( ) NAMED_UNIT ( * ) SI_UNIT ( .MILLI., .METRE. ) );
#702 = ORIENTED_EDGE ( 'NONE', *, *, #1802, .T. ) ;
#703 = DIRECTION ( 'NONE',  ( 1.000000000000000000, -3.398092544762633625E-15, 0.000000000000000000 ) ) ;
#704 = DIRECTION ( 'NONE',  ( -0.000000000000000000, -0.000000000000000000, 1.000000000000000000 ) ) ;
#705 = ORIENTED_EDGE ( 'NONE', *, *, #910, .F. ) ;
#706 = LINE ( 'NONE', #553, #2145 ) ;
#707 = DIRECTION ( 'NONE',  ( -1.000000000000000000, 0.000000000000000000, 0.000000000000000000 ) ) ;
#708 = VERTEX_POINT ( 'NONE', #210 ) ;
#709 = EDGE_CURVE ( 'NONE', #498, #404, #908, .T. ) ;
#710 = DIRECTION ( 'NONE',  ( 0.8660254037844393737, 0.4999999999999988343, -0.000000000000000000 ) ) ;
#711 = CARTESIAN_POINT ( 'NONE',  ( 33.78756443470178539, 53.39999999999999858, 2.799999999999999822 ) ) ;
#712 = ADVANCED_FACE ( 'NONE', ( #1607 ), #1224, .F. ) ;
#713 = DIRECTION ( 'NONE',  ( 0.000000000000000000, -0.000000000000000000, -1.000000000000000000 ) ) ;
#714 = EDGE_CURVE ( 'NONE', #133, #746, #1967, .T. ) ;
#715 = ORIENTED_EDGE ( 'NONE', *, *, #2011, .T. ) ;
#716 = AXIS2_PLACEMENT_3D ( 'NONE', #1631, #623, #89 ) ;
#717 = VECTOR ( 'NONE', #2274, 1000.000000000000114 ) ;
#718 = CARTESIAN_POINT ( 'NONE',  ( 22.00000000000000711, 30.49999999999999645, 9.000000000000001776 ) ) ;
#719 = CARTESIAN_POINT ( 'NONE',  ( 26.29999999999999716, 56.00000000000000711, 7.000000000000000000 ) ) ;
#720 = VECTOR ( 'NONE', #1103, 1000.000000000000114 ) ;
#721 = ORIENTED_EDGE ( 'NONE', *, *, #599, .F. ) ;
#722 = AXIS2_PLACEMENT_3D ( 'NONE', #1262, #1083, #1994 ) ;
#723 = DIRECTION ( 'NONE',  ( -0.000000000000000000, -0.000000000000000000, 1.000000000000000000 ) ) ;
#724 = VECTOR ( 'NONE', #707, 1000.000000000000000 ) ;
#725 = EDGE_LOOP ( 'NONE', ( #2199, #705, #2093, #250 ) ) ;
#726 = FACE_OUTER_BOUND ( 'NONE', #286, .T. ) ;
#727 = EDGE_CURVE ( 'NONE', #915, #708, #1205, .T. ) ;
#728 = DIRECTION ( 'NONE',  ( 1.606225440719265627E-16, -1.000000000000000000, 0.000000000000000000 ) ) ;
#729 = ORIENTED_EDGE ( 'NONE', *, *, #126, .F. ) ;
#730 = FACE_BOUND ( 'NONE', #752, .T. ) ;
#731 = LINE ( 'NONE', #1430, #576 ) ;
#732 = FACE_OUTER_BOUND ( 'NONE', #2258, .T. ) ;
#733 = VERTEX_POINT ( 'NONE', #2116 ) ;
#734 = CARTESIAN_POINT ( 'NONE',  ( 33.78756443470178539, 6.600000000000005862, 2.799999999999999822 ) ) ;
#735 = EDGE_LOOP ( 'NONE', ( #715, #412, #1614, #1595 ) ) ;
#736 = FACE_OUTER_BOUND ( 'NONE', #452, .T. ) ;
#737 = EDGE_CURVE ( 'NONE', #1851, #1189, #545, .T. ) ;
#738 = VERTEX_POINT ( 'NONE', #1398 ) ;
#739 = EDGE_CURVE ( 'NONE', #309, #2170, #1048, .T. ) ;
#740 = DIRECTION ( 'NONE',  ( -0.000000000000000000, -0.000000000000000000, 1.000000000000000000 ) ) ;
#741 = CARTESIAN_POINT ( 'NONE',  ( 0.000000000000000000, 0.000000000000000000, 0.4142135623730949789 ) ) ;
#742 = EDGE_CURVE ( 'NONE', #790, #797, #29, .T. ) ;
#743 = CARTESIAN_POINT ( 'NONE',  ( 36.21243556529823593, 53.39999999999999858, 0.000000000000000000 ) ) ;
#744 = ORIENTED_EDGE ( 'NONE', *, *, #1646, .T. ) ;
#745 = LINE ( 'NONE', #1593, #1426 ) ;
#746 = VERTEX_POINT ( 'NONE', #1437 ) ;
#747 = EDGE_CURVE ( 'NONE', #733, #1988, #4, .T. ) ;
#748 = VECTOR ( 'NONE', #598, 1000.000000000000000 ) ;
#749 = CARTESIAN_POINT ( 'NONE',  ( 26.29999999999999716, 56.00000000000000711, 7.000000000000000000 ) ) ;
#750 = CARTESIAN_POINT ( 'NONE',  ( 5.000000000000007994, 55.50000000000000000, 2.799999999999999822 ) ) ;
#751 = VECTOR ( 'NONE', #1096, 1000.000000000000000 ) ;
#752 = EDGE_LOOP ( 'NONE', ( #236, #695, #1582, #482, #1515, #515 ) ) ;
#753 = DIRECTION ( 'NONE',  ( 1.000000000000000000, 0.000000000000000000, 0.000000000000000000 ) ) ;
#754 = EDGE_CURVE ( 'NONE', #915, #233, #2133, .T. ) ;
#755 = EDGE_CURVE ( 'NONE', #1741, #233, #318, .T. ) ;
#756 = VECTOR ( 'NONE', #1357, 1000.000000000000000 ) ;
#757 = ORIENTED_EDGE ( 'NONE', *, *, #1342, .F. ) ;
#758 = ORIENTED_EDGE ( 'NONE', *, *, #184, .T. ) ;
#759 = CARTESIAN_POINT ( 'NONE',  ( 36.15000000000000568, 4.500000000000003553, 0.000000000000000000 ) ) ;
#760 = AXIS2_PLACEMENT_3D ( 'NONE', #256, #960, #787 ) ;
#761 = ORIENTED_EDGE ( 'NONE', *, *, #580, .F. ) ;
#762 = DIRECTION ( 'NONE',  ( -0.000000000000000000, -0.000000000000000000, -1.000000000000000000 ) ) ;
#763 = EDGE_CURVE ( 'NONE', #708, #1741, #1613, .T. ) ;
#764 = LINE ( 'NONE', #231, #751 ) ;
#765 = CARTESIAN_POINT ( 'NONE',  ( 0.000000000000000000, 0.000000000000000000, 1.000000000000000000 ) ) ;
#766 = ORIENTED_EDGE ( 'NONE', *, *, #2024, .F. ) ;
#767 = CARTESIAN_POINT ( 'NONE',  ( 37.42487113059644344, 4.500000000000003553, 2.799999999999999822 ) ) ;
#768 = EDGE_CURVE ( 'NONE', #961, #1492, #731, .T. ) ;
#769 = VERTEX_POINT ( 'NONE', #1905 ) ;
#770 = PLANE ( 'NONE',  #1827 ) ;
#771 = ORIENTED_EDGE ( 'NONE', *, *, #2081, .T. ) ;
#772 = LINE ( 'NONE', #640, #1501 ) ;
#773 = ORIENTED_EDGE ( 'NONE', *, *, #1568, .F. ) ;
#774 = DIRECTION ( 'NONE',  ( 1.000000000000000000, 0.000000000000000000, -0.000000000000000000 ) ) ;
#775 = LINE ( 'NONE', #418, #2152 ) ;
#776 = CARTESIAN_POINT ( 'NONE',  ( 6.212435565298240370, 6.599999999999979217, 2.799999999999999822 ) ) ;
#777 = CARTESIAN_POINT ( 'NONE',  ( 19.00000000000001066, 38.49999999999999289, 7.000000000000000000 ) ) ;
#778 = ORIENTED_EDGE ( 'NONE', *, *, #2203, .T. ) ;
#779 = FACE_OUTER_BOUND ( 'NONE', #2250, .T. ) ;
#780 = ORIENTED_EDGE ( 'NONE', *, *, #1822, .T. ) ;
#781 = LINE ( 'NONE', #590, #1274 ) ;
#782 = DIRECTION ( 'NONE',  ( 0.000000000000000000, -0.000000000000000000, 1.000000000000000000 ) ) ;
#783 = ORIENTED_EDGE ( 'NONE', *, *, #172, .F. ) ;
#784 = EDGE_CURVE ( 'NONE', #944, #897, #2266, .T. ) ;
#785 = CARTESIAN_POINT ( 'NONE',  ( 6.150000000000007461, 4.500000000000003553, 6.000000000000000000 ) ) ;
#786 = LINE ( 'NONE', #1551, #472 ) ;
#787 = DIRECTION ( 'NONE',  ( 0.4999999999999948930, -0.8660254037844415942, 0.000000000000000000 ) ) ;
#788 = EDGE_LOOP ( 'NONE', ( #862, #1009, #773, #2148, #93, #2214 ) ) ;
#789 = LINE ( 'NONE', #1500, #1859 ) ;
#790 = VERTEX_POINT ( 'NONE', #350 ) ;
#791 = LINE ( 'NONE', #1518, #1598 ) ;
#792 = VECTOR ( 'NONE', #369, 1000.000000000000000 ) ;
#793 = ORIENTED_EDGE ( 'NONE', *, *, #727, .T. ) ;
#794 = LINE ( 'NONE', #1989, #615 ) ;
#795 = AXIS2_PLACEMENT_3D ( 'NONE', #379, #1436, #700 ) ;
#796 = CARTESIAN_POINT ( 'NONE',  ( 33.78756443470179249, 2.400000000000005240, 2.799999999999999822 ) ) ;
#797 = VERTEX_POINT ( 'NONE', #163 ) ;
#798 = VECTOR ( 'NONE', #1449, 1000.000000000000000 ) ;
#799 = EDGE_CURVE ( 'NONE', #1389, #133, #1225, .T. ) ;
#800 = CARTESIAN_POINT ( 'NONE',  ( 6.212435565298210172, 57.60000000000000142, 2.799999999999999822 ) ) ;
#801 = CARTESIAN_POINT ( 'NONE',  ( 32.50000000000000711, 56.00000000000000711, 2.000000000000000000 ) ) ;
#802 = LINE ( 'NONE', #2062, #1753 ) ;
#803 = LINE ( 'NONE', #402, #1962 ) ;
#804 = ORIENTED_EDGE ( 'NONE', *, *, #215, .T. ) ;
#805 = CARTESIAN_POINT ( 'NONE',  ( 3.787564434701820026, 6.600000000000004086, 2.799999999999999822 ) ) ;
#806 = EDGE_LOOP ( 'NONE', ( #455, #664, #1211, #804 ) ) ;
#807 = LINE ( 'NONE', #1688, #2194 ) ;
#808 = EDGE_CURVE ( 'NONE', #464, #2066, #191, .T. ) ;
#809 = ORIENTED_EDGE ( 'NONE', *, *, #1892, .T. ) ;
#810 = CARTESIAN_POINT ( 'NONE',  ( 35.00000000000000711, 55.50000000000000000, 6.000000000000000000 ) ) ;
#811 = LINE ( 'NONE', #643, #1169 ) ;
#812 = DIRECTION ( 'NONE',  ( -1.000000000000000000, 1.037312461032804148E-14, 0.000000000000000000 ) ) ;
#813 = ORIENTED_EDGE ( 'NONE', *, *, #1705, .F. ) ;
#814 = CYLINDRICAL_SURFACE ( 'NONE', #1676, 1.149999999999999023 ) ;
#815 = EDGE_CURVE ( 'NONE', #1585, #1360, #900, .T. ) ;
#816 = ORIENTED_EDGE ( 'NONE', *, *, #1439, .T. ) ;
#817 = LINE ( 'NONE', #272, #1052 ) ;
#818 = PLANE ( 'NONE',  #536 ) ;
#819 = DIRECTION ( 'NONE',  ( 1.000000000000000000, 0.000000000000000000, 0.000000000000000000 ) ) ;
#820 = LINE ( 'NONE', #1507, #1238 ) ;
#821 = EDGE_LOOP ( 'NONE', ( #1442, #1180, #856, #783 ) ) ;
#822 = FACE_OUTER_BOUND ( 'NONE', #65, .T. ) ;
#823 = FACE_OUTER_BOUND ( 'NONE', #2164, .T. ) ;
#824 = DIRECTION ( 'NONE',  ( 1.000000000000000000, 1.734723475976806848E-16, -0.000000000000000000 ) ) ;
#825 = DIRECTION ( 'NONE',  ( -0.000000000000000000, -0.000000000000000000, 1.000000000000000000 ) ) ;
#826 = ORIENTED_EDGE ( 'NONE', *, *, #1779, .T. ) ;
#827 = VERTEX_POINT ( 'NONE', #524 ) ;
#828 = VECTOR ( 'NONE', #1554, 1000.000000000000000 ) ;
#829 = DIRECTION ( 'NONE',  ( -1.000000000000000000, 0.000000000000000000, 0.000000000000000000 ) ) ;
#830 = DIRECTION ( 'NONE',  ( 0.000000000000000000, 1.000000000000000000, -0.000000000000000000 ) ) ;
#831 = FACE_BOUND ( 'NONE', #1102, .T. ) ;
#832 = VECTOR ( 'NONE', #1365, 1000.000000000000000 ) ;
#833 = ORIENTED_EDGE ( 'NONE', *, *, #1329, .F. ) ;
#834 = AXIS2_PLACEMENT_3D ( 'NONE', #14, #710, #2107 ) ;
#835 = LINE ( 'NONE', #668, #832 ) ;
#836 = AXIS2_PLACEMENT_3D ( 'NONE', #776, #572, #1273 ) ;
#837 = DIRECTION ( 'NONE',  ( -1.000000000000000000, -1.606225440719265627E-16, 0.000000000000000000 ) ) ;
#838 = DIRECTION ( 'NONE',  ( 0.000000000000000000, 0.000000000000000000, 1.000000000000000000 ) ) ;
#839 = AXIS2_PLACEMENT_3D ( 'NONE', #1572, #1581, #1721 ) ;
#840 = EDGE_CURVE ( 'NONE', #941, #655, #1799, .T. ) ;
#841 = EDGE_CURVE ( 'NONE', #48, #2205, #87, .T. ) ;
#842 = ORIENTED_EDGE ( 'NONE', *, *, #815, .F. ) ;
#843 = CARTESIAN_POINT ( 'NONE',  ( 39.00000000000000000, 0.000000000000000000, 0.000000000000000000 ) ) ;
#844 = FACE_OUTER_BOUND ( 'NONE', #725, .T. ) ;
#845 = CARTESIAN_POINT ( 'NONE',  ( 1.000000000000000000, 59.00000000000000000, 0.000000000000000000 ) ) ;
#846 = VERTEX_POINT ( 'NONE', #1441 ) ;
#847 = FACE_OUTER_BOUND ( 'NONE', #161, .T. ) ;
#848 = CARTESIAN_POINT ( 'NONE',  ( 3.787564434701799598, 53.40000000000000568, 2.799999999999999822 ) ) ;
#849 = VERTEX_POINT ( 'NONE', #1971 ) ;
#850 = EDGE_CURVE ( 'NONE', #370, #20, #866, .T. ) ;
#851 = LINE ( 'NONE', #1417, #1601 ) ;
#852 = LINE ( 'NONE', #325, #984 ) ;
#853 = DIRECTION ( 'NONE',  ( 0.000000000000000000, 0.000000000000000000, -1.000000000000000000 ) ) ;
#854 = ORIENTED_EDGE ( 'NONE', *, *, #2159, .T. ) ;
#855 = CARTESIAN_POINT ( 'NONE',  ( 32.50000000000000711, 56.00000000000000711, 6.000000000000000000 ) ) ;
#856 = ORIENTED_EDGE ( 'NONE', *, *, #1705, .T. ) ;
#857 = ORIENTED_EDGE ( 'NONE', *, *, #40, .F. ) ;
#858 = EDGE_CURVE ( 'NONE', #1253, #273, #1272, .T. ) ;
#859 = CYLINDRICAL_SURFACE ( 'NONE', #2268, 1.000000000000000000 ) ;
#860 = DIRECTION ( 'NONE',  ( -0.5000000000000011102, -0.8660254037844380415, 0.000000000000000000 ) ) ;
#861 = AXIS2_PLACEMENT_3D ( 'NONE', #79, #1667, #269 ) ;
#862 = ORIENTED_EDGE ( 'NONE', *, *, #784, .F. ) ;
#863 = VECTOR ( 'NONE', #2237, 1000.000000000000000 ) ;
#864 = CARTESIAN_POINT ( 'NONE',  ( 2.575128869403592535, 4.500000000000021316, 2.799999999999999822 ) ) ;
#865 = ORIENTED_EDGE ( 'NONE', *, *, #2106, .T. ) ;
#866 = CIRCLE ( 'NONE', #173, 1.149999999999999911 ) ;
#867 = EDGE_CURVE ( 'NONE', #951, #2161, #399, .T. ) ;
#868 = VECTOR ( 'NONE', #1908, 1000.000000000000000 ) ;
#869 = VECTOR ( 'NONE', #459, 1000.000000000000000 ) ;
#870 = ORIENTED_EDGE ( 'NONE', *, *, #483, .T. ) ;
#871 = DIRECTION ( 'NONE',  ( 0.000000000000000000, 0.000000000000000000, 1.000000000000000000 ) ) ;
#872 = CARTESIAN_POINT ( 'NONE',  ( 0.000000000000000000, 60.00000000000000000, 0.4142135623730949789 ) ) ;
#873 = ORIENTED_EDGE ( 'NONE', *, *, #1001, .T. ) ;
#874 = VERTEX_POINT ( 'NONE', #222 ) ;
#875 = CARTESIAN_POINT ( 'NONE',  ( 32.50000000000000711, 56.00000000000000711, 6.000000000000000000 ) ) ;
#876 = PLANE ( 'NONE',  #2231 ) ;
#877 = CARTESIAN_POINT ( 'NONE',  ( 21.00000000000001066, 38.49999999999999289, 2.000000000000000000 ) ) ;
#878 = EDGE_CURVE ( 'NONE', #1699, #961, #764, .T. ) ;
#879 = VERTEX_POINT ( 'NONE', #1448 ) ;
#880 = CARTESIAN_POINT ( 'NONE',  ( 6.212435565298210172, 57.60000000000000142, 2.799999999999999822 ) ) ;
#881 = CARTESIAN_POINT ( 'NONE',  ( 5.000000000000007994, 55.50000000000000000, 6.000000000000000000 ) ) ;
#882 = ADVANCED_FACE ( 'NONE', ( #1823, #920 ), #1619, .T. ) ;
#883 = CARTESIAN_POINT ( 'NONE',  ( 36.21243556529824303, 57.60000000000000142, 2.799999999999999822 ) ) ;
#884 = ORIENTED_EDGE ( 'NONE', *, *, #2006, .F. ) ;
#885 = CARTESIAN_POINT ( 'NONE',  ( 7.424871130596423896, 4.500000000000003553, 0.000000000000000000 ) ) ;
#886 = LINE ( 'NONE', #1234, #2112 ) ;
#887 = ORIENTED_EDGE ( 'NONE', *, *, #1184, .F. ) ;
#888 = PLANE ( 'NONE',  #1041 ) ;
#889 = EDGE_LOOP ( 'NONE', ( #1139, #2126, #2261, #678, #1925, #906 ) ) ;
#890 = LINE ( 'NONE', #21, #1303 ) ;
#891 = DIRECTION ( 'NONE',  ( 0.000000000000000000, 0.000000000000000000, 1.000000000000000000 ) ) ;
#892 = VERTEX_POINT ( 'NONE', #749 ) ;
#893 = VECTOR ( 'NONE', #1228, 1000.000000000000000 ) ;
#894 = FACE_OUTER_BOUND ( 'NONE', #1094, .T. ) ;
#895 = CARTESIAN_POINT ( 'NONE',  ( 32.57512886940357077, 55.49999999999999289, 2.799999999999999822 ) ) ;
#896 = DIRECTION ( 'NONE',  ( -0.8660254037844388186, -0.4999999999999996669, 0.000000000000000000 ) ) ;
#897 = VERTEX_POINT ( 'NONE', #2166 ) ;
#898 = VECTOR ( 'NONE', #338, 1000.000000000000000 ) ;
#899 = PLANE ( 'NONE',  #972 ) ;
#900 = LINE ( 'NONE', #2082, #1271 ) ;
#901 = DIRECTION ( 'NONE',  ( -1.000000000000000000, 0.000000000000000000, 0.000000000000000000 ) ) ;
#902 = AXIS2_PLACEMENT_3D ( 'NONE', #1855, #426, #1832 ) ;
#903 = VECTOR ( 'NONE', #479, 1000.000000000000000 ) ;
#904 = FACE_OUTER_BOUND ( 'NONE', #221, .T. ) ;
#905 = EDGE_CURVE ( 'NONE', #671, #2205, #1983, .T. ) ;
#906 = ORIENTED_EDGE ( 'NONE', *, *, #1514, .T. ) ;
#907 = DIRECTION ( 'NONE',  ( 0.000000000000000000, 0.000000000000000000, -1.000000000000000000 ) ) ;
#908 = LINE ( 'NONE', #2137, #1423 ) ;
#909 = ORIENTED_EDGE ( 'NONE', *, *, #763, .T. ) ;
#910 = EDGE_CURVE ( 'NONE', #1561, #111, #775, .T. ) ;
#911 = FACE_BOUND ( 'NONE', #1943, .T. ) ;
#912 = CARTESIAN_POINT ( 'NONE',  ( 35.00000000000000711, 55.50000000000000000, 2.799999999999999822 ) ) ;
#913 = CARTESIAN_POINT ( 'NONE',  ( 6.212435565298210172, 57.60000000000000142, 0.000000000000000000 ) ) ;
#914 = EDGE_CURVE ( 'NONE', #297, #746, #1459, .T. ) ;
#915 = VERTEX_POINT ( 'NONE', #409 ) ;
#916 = CARTESIAN_POINT ( 'NONE',  ( 26.29999999999999716, 56.00000000000000711, 2.000000000000000000 ) ) ;
#917 = DIRECTION ( 'NONE',  ( 0.000000000000000000, -1.000000000000000000, 0.000000000000000000 ) ) ;
#918 = VERTEX_POINT ( 'NONE', #595 ) ;
#919 = ADVANCED_FACE ( 'NONE', ( #1261, #245, #1108, #2140, #911 ), #1810, .T. ) ;
#920 = FACE_BOUND ( 'NONE', #1991, .T. ) ;
#921 = CYLINDRICAL_SURFACE ( 'NONE', #722, 1.000000000000000888 ) ;
#922 = ORIENTED_EDGE ( 'NONE', *, *, #1756, .F. ) ;
#923 = LINE ( 'NONE', #247, #609 ) ;
#924 = ORIENTED_EDGE ( 'NONE', *, *, #1737, .F. ) ;
#925 = EDGE_LOOP ( 'NONE', ( #2012, #533, #2269, #2160 ) ) ;
#926 = PLANE ( 'NONE',  #902 ) ;
#927 = EDGE_CURVE ( 'NONE', #257, #353, #76, .T. ) ;
#928 = VECTOR ( 'NONE', #1100, 1000.000000000000000 ) ;
#929 = ORIENTED_EDGE ( 'NONE', *, *, #1037, .T. ) ;
#930 = DIRECTION ( 'NONE',  ( 0.000000000000000000, 0.000000000000000000, -1.000000000000000000 ) ) ;
#931 = EDGE_CURVE ( 'NONE', #1845, #1452, #1304, .T. ) ;
#932 = DIRECTION ( 'NONE',  ( 0.000000000000000000, 0.000000000000000000, -1.000000000000000000 ) ) ;
#933 = DIRECTION ( 'NONE',  ( -1.000000000000000000, 0.000000000000000000, 0.000000000000000000 ) ) ;
#934 =( GEOMETRIC_REPRESENTATION_CONTEXT ( 3 ) GLOBAL_UNCERTAINTY_ASSIGNED_CONTEXT ( ( #1078 ) ) GLOBAL_UNIT_ASSIGNED_CONTEXT ( ( #701, #380, #1060 ) ) REPRESENTATION_CONTEXT ( 'NONE', 'WORKASPACE' ) );
#935 = ORIENTED_EDGE ( 'NONE', *, *, #1223, .F. ) ;
#936 = DIRECTION ( 'NONE',  ( -1.000000000000000000, 0.000000000000000000, 0.000000000000000000 ) ) ;
#937 = VECTOR ( 'NONE', #561, 1000.000000000000000 ) ;
#938 = AXIS2_PLACEMENT_3D ( 'NONE', #88, #660, #1000 ) ;
#939 = ORIENTED_EDGE ( 'NONE', *, *, #799, .T. ) ;
#940 = CARTESIAN_POINT ( 'NONE',  ( 33.78756443470179249, 2.400000000000005240, 0.000000000000000000 ) ) ;
#941 = VERTEX_POINT ( 'NONE', #1835 ) ;
#942 = LINE ( 'NONE', #1477, #1207 ) ;
#943 = AXIS2_PLACEMENT_3D ( 'NONE', #150, #2076, #1732 ) ;
#944 = VERTEX_POINT ( 'NONE', #2128 ) ;
#945 = CARTESIAN_POINT ( 'NONE',  ( 13.69999999999999929, 49.00000000000000000, 7.000000000000000000 ) ) ;
#946 = DIRECTION ( 'NONE',  ( 0.000000000000000000, 0.000000000000000000, 1.000000000000000000 ) ) ;
#947 = LINE ( 'NONE', #1656, #1825 ) ;
#948 = CARTESIAN_POINT ( 'NONE',  ( 18.00000000000001066, 30.49999999999999645, 9.000000000000001776 ) ) ;
#949 = EDGE_CURVE ( 'NONE', #498, #257, #255, .T. ) ;
#950 = EDGE_CURVE ( 'NONE', #1255, #2275, #1082, .T. ) ;
#951 = VERTEX_POINT ( 'NONE', #281 ) ;
#952 = DIRECTION ( 'NONE',  ( 0.000000000000000000, 1.000000000000000000, 0.000000000000000000 ) ) ;
#953 = ORIENTED_EDGE ( 'NONE', *, *, #270, .T. ) ;
#954 = EDGE_CURVE ( 'NONE', #271, #1038, #633, .T. ) ;
#955 = CARTESIAN_POINT ( 'NONE',  ( 0.000000000000000000, 0.000000000000000000, 7.000000000000000000 ) ) ;
#956 = ADVANCED_FACE ( 'NONE', ( #1143 ), #973, .F. ) ;
#957 = ORIENTED_EDGE ( 'NONE', *, *, #511, .T. ) ;
#958 = LINE ( 'NONE', #1652, #349 ) ;
#959 = DIRECTION ( 'NONE',  ( -1.000000000000000000, 0.000000000000000000, 0.000000000000000000 ) ) ;
#960 = DIRECTION ( 'NONE',  ( -0.8660254037844415942, -0.4999999999999948930, 0.000000000000000000 ) ) ;
#961 = VERTEX_POINT ( 'NONE', #1330 ) ;
#962 = DIRECTION ( 'NONE',  ( -0.000000000000000000, -0.000000000000000000, 1.000000000000000000 ) ) ;
#963 = LINE ( 'NONE', #2144, #928 ) ;
#964 = ORIENTED_EDGE ( 'NONE', *, *, #950, .T. ) ;
#965 = CARTESIAN_POINT ( 'NONE',  ( 24.49999999999999645, 56.00000000000000711, 7.000000000000000000 ) ) ;
#966 = ORIENTED_EDGE ( 'NONE', *, *, #1406, .T. ) ;
#967 = ADVANCED_FACE ( 'NONE', ( #823 ), #1847, .F. ) ;
#968 = FACE_OUTER_BOUND ( 'NONE', #1589, .T. ) ;
#969 = CARTESIAN_POINT ( 'NONE',  ( 15.50000000000000000, 56.00000000000000711, 4.200000000000000178 ) ) ;
#970 = ORIENTED_EDGE ( 'NONE', *, *, #71, .F. ) ;
#971 = LINE ( 'NONE', #62, #1345 ) ;
#972 = AXIS2_PLACEMENT_3D ( 'NONE', #384, #1970, #1957 ) ;
#973 = PLANE ( 'NONE',  #1748 ) ;
#974 = CYLINDRICAL_SURFACE ( 'NONE', #938, 1.000000000000000000 ) ;
#975 = ORIENTED_EDGE ( 'NONE', *, *, #71, .T. ) ;
#976 = FACE_OUTER_BOUND ( 'NONE', #1956, .T. ) ;
#977 = AXIS2_PLACEMENT_3D ( 'NONE', #1284, #962, #1295 ) ;
#978 = EDGE_CURVE ( 'NONE', #1268, #106, #1309, .T. ) ;
#979 = VERTEX_POINT ( 'NONE', #2232 ) ;
#980 = CARTESIAN_POINT ( 'NONE',  ( 32.50000000000000711, 56.00000000000000711, 2.000000000000000000 ) ) ;
#981 = VECTOR ( 'NONE', #2101, 1000.000000000000000 ) ;
#982 = VERTEX_POINT ( 'NONE', #659 ) ;
#983 = LINE ( 'NONE', #1129, #1865 ) ;
#984 = VECTOR ( 'NONE', #2259, 1000.000000000000114 ) ;
#985 = ORIENTED_EDGE ( 'NONE', *, *, #867, .F. ) ;
#986 = VECTOR ( 'NONE', #1481, 1000.000000000000000 ) ;
#987 = EDGE_CURVE ( 'NONE', #1248, #1886, #103, .T. ) ;
#988 = CARTESIAN_POINT ( 'NONE',  ( 35.00000000000000711, 4.500000000000003553, 6.000000000000000000 ) ) ;
#989 = ADVANCED_FACE ( 'NONE', ( #1222 ), #1158, .F. ) ;
#990 = CARTESIAN_POINT ( 'NONE',  ( 22.00000000000000711, 35.49999999999999289, 9.000000000000001776 ) ) ;
#991 = CARTESIAN_POINT ( 'NONE',  ( 36.21243556529822882, 2.400000000000005240, 2.799999999999999822 ) ) ;
#992 = CARTESIAN_POINT ( 'NONE',  ( 6.212435565298211060, 2.400000000000011902, 0.000000000000000000 ) ) ;
#993 = ORIENTED_EDGE ( 'NONE', *, *, #505, .T. ) ;
#994 = LINE ( 'NONE', #1696, #1776 ) ;
#995 = CARTESIAN_POINT ( 'NONE',  ( 0.000000000000000000, 0.000000000000000000, 1.000000000000000000 ) ) ;
#996 = FACE_OUTER_BOUND ( 'NONE', #1637, .T. ) ;
#997 = ORIENTED_EDGE ( 'NONE', *, *, #1873, .T. ) ;
#998 = CARTESIAN_POINT ( 'NONE',  ( 7.424871130596423896, 4.500000000000003553, 2.799999999999999822 ) ) ;
#999 = DIRECTION ( 'NONE',  ( 0.000000000000000000, 1.000000000000000000, 0.000000000000000000 ) ) ;
#1000 = DIRECTION ( 'NONE',  ( -1.224646799147353454E-16, 1.000000000000000000, 0.000000000000000000 ) ) ;
#1001 = EDGE_CURVE ( 'NONE', #1360, #879, #486, .T. ) ;
#1002 = EDGE_CURVE ( 'NONE', #1886, #630, #2035, .T. ) ;
#1003 = ORIENTED_EDGE ( 'NONE', *, *, #2218, .F. ) ;
#1004 = CARTESIAN_POINT ( 'NONE',  ( 3.787564434701790272, 2.400000000000020339, 0.000000000000000000 ) ) ;
#1005 = ORIENTED_EDGE ( 'NONE', *, *, #1390, .T. ) ;
#1006 = CARTESIAN_POINT ( 'NONE',  ( 3.850000000000008082, 4.500000000000003553, 6.000000000000000000 ) ) ;
#1007 = CARTESIAN_POINT ( 'NONE',  ( 36.21243556529822882, 2.400000000000005240, 0.000000000000000000 ) ) ;
#1008 = CARTESIAN_POINT ( 'NONE',  ( 7.424871130596423896, 4.500000000000003553, 0.000000000000000000 ) ) ;
#1009 = ORIENTED_EDGE ( 'NONE', *, *, #2065, .F. ) ;
#1010 = EDGE_CURVE ( 'NONE', #1452, #552, #458, .T. ) ;
#1011 = CARTESIAN_POINT ( 'NONE',  ( 15.49999999999999822, 56.00000000000000711, 7.000000000000000000 ) ) ;
#1012 = DIRECTION ( 'NONE',  ( -0.000000000000000000, -0.000000000000000000, 1.000000000000000000 ) ) ;
#1013 = DIRECTION ( 'NONE',  ( 1.000000000000000000, 0.000000000000000000, 0.000000000000000000 ) ) ;
#1014 = EDGE_CURVE ( 'NONE', #1278, #2066, #811, .T. ) ;
#1015 = VECTOR ( 'NONE', #2127, 1000.000000000000000 ) ;
#1016 = LINE ( 'NONE', #433, #235 ) ;
#1017 = ORIENTED_EDGE ( 'NONE', *, *, #628, .F. ) ;
#1018 = EDGE_LOOP ( 'NONE', ( #74, #1212, #1298, #10 ) ) ;
#1019 = AXIS2_PLACEMENT_3D ( 'NONE', #2178, #1675, #930 ) ;
#1020 = LINE ( 'NONE', #1071, #1684 ) ;
#1021 = FACE_OUTER_BOUND ( 'NONE', #663, .T. ) ;
#1022 = FACE_OUTER_BOUND ( 'NONE', #1231, .T. ) ;
#1023 = VERTEX_POINT ( 'NONE', #2047 ) ;
#1024 = AXIS2_PLACEMENT_3D ( 'NONE', #555, #1059, #1090 ) ;
#1025 = DIRECTION ( 'NONE',  ( 1.000000000000000000, 0.000000000000000000, -0.000000000000000000 ) ) ;
#1026 = VECTOR ( 'NONE', #1489, 1000.000000000000000 ) ;
#1027 = CARTESIAN_POINT ( 'NONE',  ( 32.57512886940357077, 55.49999999999999289, 2.799999999999999822 ) ) ;
#1028 = VERTEX_POINT ( 'NONE', #1175 ) ;
#1029 = CYLINDRICAL_SURFACE ( 'NONE', #1455, 1.000000000000000000 ) ;
#1030 = LINE ( 'NONE', #1555, #280 ) ;
#1031 = LINE ( 'NONE', #159, #1354 ) ;
#1032 = ORIENTED_EDGE ( 'NONE', *, *, #152, .T. ) ;
#1033 = FACE_OUTER_BOUND ( 'NONE', #1881, .T. ) ;
#1034 = EDGE_LOOP ( 'NONE', ( #180, #1877, #1301, #37 ) ) ;
#1035 = EDGE_LOOP ( 'NONE', ( #315, #2254, #721, #744, #1221, #813, #1294, #403 ) ) ;
#1036 = CARTESIAN_POINT ( 'NONE',  ( 24.49999999999999645, 56.00000000000000711, 7.000000000000000000 ) ) ;
#1037 = EDGE_CURVE ( 'NONE', #271, #1946, #693, .T. ) ;
#1038 = VERTEX_POINT ( 'NONE', #1874 ) ;
#1039 = CARTESIAN_POINT ( 'NONE',  ( 19.00000000000001066, 40.49999999999999289, 2.000000000000000000 ) ) ;
#1040 = DIRECTION ( 'NONE',  ( 0.4999999999999990563, 0.8660254037844391517, 0.000000000000000000 ) ) ;
#1041 = AXIS2_PLACEMENT_3D ( 'NONE', #1428, #200, #84 ) ;
#1042 = CARTESIAN_POINT ( 'NONE',  ( 15.49999999999999822, 56.00000000000000711, 4.200000000000000178 ) ) ;
#1043 = CARTESIAN_POINT ( 'NONE',  ( 3.787564434701820026, 6.600000000000004086, 0.000000000000000000 ) ) ;
#1044 = VECTOR ( 'NONE', #1087, 1000.000000000000000 ) ;
#1045 = EDGE_LOOP ( 'NONE', ( #1315, #1599, #1075, #2216 ) ) ;
#1046 = CARTESIAN_POINT ( 'NONE',  ( 24.49999999999999645, 60.00000000000000000, 4.200000000000000178 ) ) ;
#1047 = AXIS2_PLACEMENT_3D ( 'NONE', #1796, #1424, #1921 ) ;
#1048 = LINE ( 'NONE', #372, #1573 ) ;
#1049 = AXIS2_PLACEMENT_3D ( 'NONE', #1536, #1012, #473 ) ;
#1050 = AXIS2_PLACEMENT_3D ( 'NONE', #117, #1875, #812 ) ;
#1051 = ADVANCED_FACE ( 'NONE', ( #1701 ), #344, .F. ) ;
#1052 = VECTOR ( 'NONE', #2040, 1000.000000000000000 ) ;
#1053 = FACE_OUTER_BOUND ( 'NONE', #1183, .T. ) ;
#1054 = VERTEX_POINT ( 'NONE', #1919 ) ;
#1055 = CARTESIAN_POINT ( 'NONE',  ( 13.69999999999999929, 56.00000000000000711, 7.000000000000000000 ) ) ;
#1056 = LINE ( 'NONE', #530, #893 ) ;
#1057 = ORIENTED_EDGE ( 'NONE', *, *, #488, .F. ) ;
#1058 = ORIENTED_EDGE ( 'NONE', *, *, #2235, .T. ) ;
#1059 = DIRECTION ( 'NONE',  ( 1.000000000000000000, 0.000000000000000000, 0.000000000000000000 ) ) ;
#1060 =( NAMED_UNIT ( * ) SI_UNIT ( $, .STERADIAN. ) SOLID_ANGLE_UNIT ( ) );
#1061 = ORIENTED_EDGE ( 'NONE', *, *, #1910, .F. ) ;
#1062 = LINE ( 'NONE', #877, #1969 ) ;
#1063 = CARTESIAN_POINT ( 'NONE',  ( 33.78756443470178539, 53.39999999999999858, 0.000000000000000000 ) ) ;
#1064 = ORIENTED_EDGE ( 'NONE', *, *, #1270, .F. ) ;
#1065 = LINE ( 'NONE', #534, #1639 ) ;
#1066 = DIRECTION ( 'NONE',  ( -0.000000000000000000, -1.000000000000000000, -0.000000000000000000 ) ) ;
#1067 = ORIENTED_EDGE ( 'NONE', *, *, #808, .F. ) ;
#1068 = APPLICATION_CONTEXT ( 'automotive_design' ) ;
#1069 = EDGE_CURVE ( 'NONE', #2020, #478, #303, .T. ) ;
#1070 = CARTESIAN_POINT ( 'NONE',  ( 36.15000000000000568, 55.50000000000000000, 6.000000000000000000 ) ) ;
#1071 = CARTESIAN_POINT ( 'NONE',  ( 3.787564434701798266, 57.60000000000000142, 2.799999999999999822 ) ) ;
#1072 = ORIENTED_EDGE ( 'NONE', *, *, #1913, .T. ) ;
#1073 = DIRECTION ( 'NONE',  ( 0.8660254037844390407, 0.4999999999999994449, -0.000000000000000000 ) ) ;
#1074 = DIRECTION ( 'NONE',  ( 1.000000000000000000, 0.000000000000000000, 0.000000000000000000 ) ) ;
#1075 = ORIENTED_EDGE ( 'NONE', *, *, #737, .F. ) ;
#1076 = DIRECTION ( 'NONE',  ( 1.000000000000000000, -0.000000000000000000, 0.000000000000000000 ) ) ;
#1077 = SURFACE_STYLE_USAGE ( .BOTH. , #1955 ) ;
#1078 = UNCERTAINTY_MEASURE_WITH_UNIT (LENGTH_MEASURE( 1.000000000000000082E-05 ), #701, 'distance_accuracy_value', 'NONE');
#1079 = ORIENTED_EDGE ( 'NONE', *, *, #914, .F. ) ;
#1080 = AXIS2_PLACEMENT_3D ( 'NONE', #52, #1099, #753 ) ;
#1081 = AXIS2_PLACEMENT_3D ( 'NONE', #881, #891, #1074 ) ;
#1082 = LINE ( 'NONE', #41, #1541 ) ;
#1083 = DIRECTION ( 'NONE',  ( -1.000000000000000000, -1.734723475976806848E-16, 0.000000000000000000 ) ) ;
#1084 = VECTOR ( 'NONE', #1186, 1000.000000000000000 ) ;
#1085 = EDGE_CURVE ( 'NONE', #1804, #1845, #1752, .T. ) ;
#1086 = VECTOR ( 'NONE', #1134, 1000.000000000000000 ) ;
#1087 = DIRECTION ( 'NONE',  ( 1.000000000000000000, 1.224646799147353454E-16, 0.000000000000000000 ) ) ;
#1088 = CARTESIAN_POINT ( 'NONE',  ( 2.575128869403592535, 4.500000000000021316, 0.000000000000000000 ) ) ;
#1089 = ORIENTED_EDGE ( 'NONE', *, *, #1014, .T. ) ;
#1090 = DIRECTION ( 'NONE',  ( 0.000000000000000000, 0.000000000000000000, -1.000000000000000000 ) ) ;
#1091 = DIRECTION ( 'NONE',  ( -0.000000000000000000, -0.000000000000000000, -1.000000000000000000 ) ) ;
#1092 = EDGE_CURVE ( 'NONE', #111, #2, #786, .T. ) ;
#1093 = SURFACE_STYLE_FILL_AREA ( #1763 ) ;
#1094 = EDGE_LOOP ( 'NONE', ( #1265, #2183, #513, #1813, #1833, #1574 ) ) ;
#1095 =( NAMED_UNIT ( * ) PLANE_ANGLE_UNIT ( ) SI_UNIT ( $, .RADIAN. ) );
#1096 = DIRECTION ( 'NONE',  ( -1.000000000000000000, 0.000000000000000000, 0.000000000000000000 ) ) ;
#1097 = CARTESIAN_POINT ( 'NONE',  ( 32.57512886940357788, 4.500000000000009770, 2.799999999999999822 ) ) ;
#1098 = ADVANCED_FACE ( 'NONE', ( #2248 ), #620, .F. ) ;
#1099 = DIRECTION ( 'NONE',  ( 0.000000000000000000, 0.000000000000000000, 1.000000000000000000 ) ) ;
#1100 = DIRECTION ( 'NONE',  ( -0.000000000000000000, -0.000000000000000000, -1.000000000000000000 ) ) ;
#1101 = ORIENTED_EDGE ( 'NONE', *, *, #763, .F. ) ;
#1102 = EDGE_LOOP ( 'NONE', ( #586, #624, #1194, #604 ) ) ;
#1103 = DIRECTION ( 'NONE',  ( -0.4999999999999996669, -0.8660254037844388186, 0.000000000000000000 ) ) ;
#1104 = CARTESIAN_POINT ( 'NONE',  ( 21.00000000000001066, 40.49999999999999289, 7.000000000000000000 ) ) ;
#1105 = EDGE_CURVE ( 'NONE', #2170, #25, #1065, .T. ) ;
#1106 = ORIENTED_EDGE ( 'NONE', *, *, #742, .T. ) ;
#1107 = DIRECTION ( 'NONE',  ( 1.000000000000000000, 0.000000000000000000, 0.000000000000000000 ) ) ;
#1108 = FACE_BOUND ( 'NONE', #626, .T. ) ;
#1109 = FACE_BOUND ( 'NONE', #1761, .T. ) ;
#1110 = DIRECTION ( 'NONE',  ( -0.8660254037844377084, 0.5000000000000017764, 0.000000000000000000 ) ) ;
#1111 = ORIENTED_EDGE ( 'NONE', *, *, #1873, .F. ) ;
#1112 = ORIENTED_EDGE ( 'NONE', *, *, #799, .F. ) ;
#1113 = CARTESIAN_POINT ( 'NONE',  ( 22.00000000000000711, 30.49999999999999645, 9.000000000000001776 ) ) ;
#1114 = ORIENTED_EDGE ( 'NONE', *, *, #1546, .F. ) ;
#1115 = LINE ( 'NONE', #100, #685 ) ;
#1116 = VECTOR ( 'NONE', #444, 1000.000000000000000 ) ;
#1117 = ADVANCED_FACE ( 'NONE', ( #736 ), #1624, .F. ) ;
#1118 = CARTESIAN_POINT ( 'NONE',  ( 3.787564434701798266, 57.60000000000000142, 2.799999999999999822 ) ) ;
#1119 = DIRECTION ( 'NONE',  ( 0.4999999999999950595, -0.8660254037844415942, 0.000000000000000000 ) ) ;
#1120 = ADVANCED_FACE ( 'NONE', ( #371 ), #2124, .F. ) ;
#1121 = AXIS2_PLACEMENT_3D ( 'NONE', #514, #2078, #503 ) ;
#1122 = ADVANCED_FACE ( 'NONE', ( #581 ), #361, .F. ) ;
#1123 = DIRECTION ( 'NONE',  ( -0.5000000000000002220, 0.8660254037844384856, 0.000000000000000000 ) ) ;
#1124 = AXIS2_PLACEMENT_3D ( 'NONE', #2022, #566, #8 ) ;
#1125 = VECTOR ( 'NONE', #2256, 1000.000000000000000 ) ;
#1126 = ORIENTED_EDGE ( 'NONE', *, *, #1654, .F. ) ;
#1127 = DIRECTION ( 'NONE',  ( -0.4999999999999996669, 0.8660254037844388186, 0.000000000000000000 ) ) ;
#1128 = ORIENTED_EDGE ( 'NONE', *, *, #575, .F. ) ;
#1129 = CARTESIAN_POINT ( 'NONE',  ( 19.00000000000001066, 38.49999999999999289, 7.000000000000000000 ) ) ;
#1130 = AXIS2_PLACEMENT_3D ( 'NONE', #1563, #2068, #1404 ) ;
#1131 = ORIENTED_EDGE ( 'NONE', *, *, #1768, .T. ) ;
#1132 = PLANE ( 'NONE',  #465 ) ;
#1133 = DIRECTION ( 'NONE',  ( 0.000000000000000000, 0.000000000000000000, 1.000000000000000000 ) ) ;
#1134 = DIRECTION ( 'NONE',  ( 0.000000000000000000, -1.000000000000000000, 0.000000000000000000 ) ) ;
#1135 = ADVANCED_FACE ( 'NONE', ( #1965 ), #196, .F. ) ;
#1136 = CARTESIAN_POINT ( 'NONE',  ( 40.00000000000000000, 4.898587196589413815E-15, 1.000000000000000000 ) ) ;
#1137 = ORIENTED_EDGE ( 'NONE', *, *, #628, .T. ) ;
#1138 = LINE ( 'NONE', #940, #61 ) ;
#1139 = ORIENTED_EDGE ( 'NONE', *, *, #1316, .T. ) ;
#1140 = CARTESIAN_POINT ( 'NONE',  ( 36.21243556529822882, 6.600000000000005862, 2.799999999999999822 ) ) ;
#1141 = ORIENTED_EDGE ( 'NONE', *, *, #768, .T. ) ;
#1142 = PLANE ( 'NONE',  #2110 ) ;
#1143 = FACE_OUTER_BOUND ( 'NONE', #821, .T. ) ;
#1144 = LINE ( 'NONE', #669, #869 ) ;
#1145 = ORIENTED_EDGE ( 'NONE', *, *, #1768, .F. ) ;
#1146 = ADVANCED_FACE ( 'NONE', ( #894, #207 ), #2149, .T. ) ;
#1147 = DIRECTION ( 'NONE',  ( -0.000000000000000000, -0.000000000000000000, -1.000000000000000000 ) ) ;
#1148 = ORIENTED_EDGE ( 'NONE', *, *, #1990, .T. ) ;
#1149 = DIRECTION ( 'NONE',  ( 1.387778780781445676E-16, -1.000000000000000000, 0.000000000000000000 ) ) ;
#1150 = ORIENTED_EDGE ( 'NONE', *, *, #1217, .F. ) ;
#1151 = CARTESIAN_POINT ( 'NONE',  ( 3.787564434701799598, 53.40000000000000568, 2.799999999999999822 ) ) ;
#1152 = DIRECTION ( 'NONE',  ( -1.000000000000000000, -0.000000000000000000, -0.000000000000000000 ) ) ;
#1154 = ADVANCED_FACE ( 'NONE', ( #1280 ), #1762, .F. ) ;
#1153 = APPLICATION_PROTOCOL_DEFINITION ( 'draft international standard', 'automotive_design', 1998, #1068 ) ;
#1155 = EDGE_LOOP ( 'NONE', ( #1411, #1164 ) ) ;
#1156 = VECTOR ( 'NONE', #179, 1000.000000000000000 ) ;
#1157 = FACE_OUTER_BOUND ( 'NONE', #11, .T. ) ;
#1158 = CYLINDRICAL_SURFACE ( 'NONE', #1786, 1.149999999999998135 ) ;
#1159 = CARTESIAN_POINT ( 'NONE',  ( 21.00000000000001066, 40.49999999999999289, 2.000000000000000000 ) ) ;
#1160 = CIRCLE ( 'NONE', #861, 1.149999999999998135 ) ;
#1161 = LINE ( 'NONE', #1864, #683 ) ;
#1162 = EDGE_CURVE ( 'NONE', #284, #1452, #394, .T. ) ;
#1163 = VECTOR ( 'NONE', #2155, 1000.000000000000000 ) ;
#1164 = ORIENTED_EDGE ( 'NONE', *, *, #1565, .T. ) ;
#1165 = LINE ( 'NONE', #2200, #268 ) ;
#1166 = AXIS2_PLACEMENT_3D ( 'NONE', #556, #345, #9 ) ;
#1167 = ORIENTED_EDGE ( 'NONE', *, *, #5, .T. ) ;
#1168 = CARTESIAN_POINT ( 'NONE',  ( 37.42487113059645054, 55.50000000000000000, 2.799999999999999822 ) ) ;
#1169 = VECTOR ( 'NONE', #1340, 1000.000000000000227 ) ;
#1170 = ORIENTED_EDGE ( 'NONE', *, *, #978, .F. ) ;
#1171 = VECTOR ( 'NONE', #2249, 1000.000000000000000 ) ;
#1172 = EDGE_CURVE ( 'NONE', #185, #769, #656, .T. ) ;
#1173 = ADVANCED_FACE ( 'NONE', ( #726 ), #2136, .F. ) ;
#1174 = DIRECTION ( 'NONE',  ( -1.000000000000000000, 0.000000000000000000, 0.000000000000000000 ) ) ;
#1175 = CARTESIAN_POINT ( 'NONE',  ( 15.49999999999999822, 60.00000000000000000, 6.000000000000000000 ) ) ;
#1176 = DIRECTION ( 'NONE',  ( 1.000000000000000000, 0.000000000000000000, 0.000000000000000000 ) ) ;
#1177 = DIRECTION ( 'NONE',  ( -0.000000000000000000, -0.000000000000000000, 1.000000000000000000 ) ) ;
#1178 = VERTEX_POINT ( 'NONE', #885 ) ;
#1179 = EDGE_CURVE ( 'NONE', #478, #1028, #745, .T. ) ;
#1180 = ORIENTED_EDGE ( 'NONE', *, *, #1822, .F. ) ;
#1181 = DIRECTION ( 'NONE',  ( -0.000000000000000000, -0.000000000000000000, 1.000000000000000000 ) ) ;
#1182 = DIRECTION ( 'NONE',  ( 0.000000000000000000, 0.000000000000000000, 1.000000000000000000 ) ) ;
#1183 = EDGE_LOOP ( 'NONE', ( #469, #509, #378, #1530 ) ) ;
#1184 = EDGE_CURVE ( 'NONE', #206, #738, #543, .T. ) ;
#1185 = LINE ( 'NONE', #1011, #2150 ) ;
#1186 = DIRECTION ( 'NONE',  ( -0.000000000000000000, -0.000000000000000000, -1.000000000000000000 ) ) ;
#1187 = CARTESIAN_POINT ( 'NONE',  ( 0.000000000000000000, 60.00000000000000000, 1.000000000000000000 ) ) ;
#1188 = CARTESIAN_POINT ( 'NONE',  ( 6.212435565298212836, 53.40000000000000568, 0.000000000000000000 ) ) ;
#1189 = VERTEX_POINT ( 'NONE', #1794 ) ;
#1190 = LINE ( 'NONE', #1464, #1202 ) ;
#1191 = CARTESIAN_POINT ( 'NONE',  ( 6.212435565298240370, 6.599999999999979217, 2.799999999999999822 ) ) ;
#1192 = CARTESIAN_POINT ( 'NONE',  ( 19.00000000000001066, 38.49999999999999289, 7.000000000000000000 ) ) ;
#1193 = FACE_BOUND ( 'NONE', #440, .T. ) ;
#1194 = ORIENTED_EDGE ( 'NONE', *, *, #688, .F. ) ;
#1195 = LINE ( 'NONE', #1617, #1679 ) ;
#1196 = DIRECTION ( 'NONE',  ( 0.000000000000000000, -0.000000000000000000, -1.000000000000000000 ) ) ;
#1197 = EDGE_CURVE ( 'NONE', #153, #1038, #1454, .T. ) ;
#1198 = VECTOR ( 'NONE', #365, 1000.000000000000000 ) ;
#1199 = EDGE_CURVE ( 'NONE', #2066, #111, #1978, .T. ) ;
#1200 = ORIENTED_EDGE ( 'NONE', *, *, #347, .F. ) ;
#1201 = CARTESIAN_POINT ( 'NONE',  ( 21.00000000000001066, 38.49999999999999289, 2.000000000000000000 ) ) ;
#1202 = VECTOR ( 'NONE', #1147, 1000.000000000000000 ) ;
#1203 = CARTESIAN_POINT ( 'NONE',  ( 33.78756443470178539, 53.39999999999999858, 2.799999999999999822 ) ) ;
#1204 = LINE ( 'NONE', #1214, #1429 ) ;
#1205 = CIRCLE ( 'NONE', #1047, 1.149999999999999023 ) ;
#1206 = ORIENTED_EDGE ( 'NONE', *, *, #308, .F. ) ;
#1207 = VECTOR ( 'NONE', #1520, 1000.000000000000000 ) ;
#1208 = FACE_OUTER_BOUND ( 'NONE', #16, .T. ) ;
#1209 = VECTOR ( 'NONE', #2181, 1000.000000000000114 ) ;
#1210 = EDGE_CURVE ( 'NONE', #1695, #1602, #181, .T. ) ;
#1211 = ORIENTED_EDGE ( 'NONE', *, *, #1937, .F. ) ;
#1212 = ORIENTED_EDGE ( 'NONE', *, *, #1791, .F. ) ;
#1213 = FACE_OUTER_BOUND ( 'NONE', #1871, .T. ) ;
#1214 = CARTESIAN_POINT ( 'NONE',  ( 6.212435565298211060, 2.400000000000011902, 2.799999999999999822 ) ) ;
#1215 = ORIENTED_EDGE ( 'NONE', *, *, #1245, .F. ) ;
#1216 = CARTESIAN_POINT ( 'NONE',  ( 2.575128869403585874, 55.50000000000000000, 2.799999999999999822 ) ) ;
#1217 = EDGE_CURVE ( 'NONE', #979, #195, #983, .T. ) ;
#1218 = LINE ( 'NONE', #3, #2001 ) ;
#1219 = CARTESIAN_POINT ( 'NONE',  ( 0.4142135623730951455, 59.58578643762690774, -1.076072228735579641E-16 ) ) ;
#1220 = ADVANCED_FACE ( 'NONE', ( #2029, #1299 ), #926, .T. ) ;
#1221 = ORIENTED_EDGE ( 'NONE', *, *, #485, .T. ) ;
#1222 = FACE_OUTER_BOUND ( 'NONE', #1764, .T. ) ;
#1223 = EDGE_CURVE ( 'NONE', #879, #125, #1488, .T. ) ;
#1224 = PLANE ( 'NONE',  #22 ) ;
#1225 = LINE ( 'NONE', #182, #981 ) ;
#1226 = CARTESIAN_POINT ( 'NONE',  ( 6.212435565298210172, 57.60000000000000142, 2.799999999999999822 ) ) ;
#1227 = DIRECTION ( 'NONE',  ( -1.000000000000000000, 0.000000000000000000, 0.000000000000000000 ) ) ;
#1228 = DIRECTION ( 'NONE',  ( 0.000000000000000000, 1.000000000000000000, 0.000000000000000000 ) ) ;
#1229 = ORIENTED_EDGE ( 'NONE', *, *, #1646, .F. ) ;
#1230 = VECTOR ( 'NONE', #2182, 1000.000000000000000 ) ;
#1231 = EDGE_LOOP ( 'NONE', ( #1391, #264, #1831, #929 ) ) ;
#1232 = DIRECTION ( 'NONE',  ( 0.000000000000000000, 0.000000000000000000, 1.000000000000000000 ) ) ;
#1233 = PRESENTATION_LAYER_ASSIGNMENT (  '', '', ( #468 ) ) ;
#1234 = CARTESIAN_POINT ( 'NONE',  ( 0.000000000000000000, 60.00000000000000000, 6.000000000000000000 ) ) ;
#1235 = ORIENTED_EDGE ( 'NONE', *, *, #1288, .T. ) ;
#1236 = AXIS2_PLACEMENT_3D ( 'NONE', #2061, #837, #2098 ) ;
#1237 = AXIS2_PLACEMENT_3D ( 'NONE', #2067, #1880, #149 ) ;
#1238 = VECTOR ( 'NONE', #1152, 1000.000000000000000 ) ;
#1239 = DIRECTION ( 'NONE',  ( -0.000000000000000000, 1.000000000000000000, -0.000000000000000000 ) ) ;
#1240 = CARTESIAN_POINT ( 'NONE',  ( 40.00000000000000000, 4.898587196589413815E-15, 1.000000000000000000 ) ) ;
#1241 = CARTESIAN_POINT ( 'NONE',  ( 6.150000000000007461, 55.50000000000000000, 0.000000000000000000 ) ) ;
#1242 = LINE ( 'NONE', #1591, #724 ) ;
#1243 = ADVANCED_FACE ( 'NONE', ( #1336 ), #1650, .T. ) ;
#1244 = EDGE_LOOP ( 'NONE', ( #1106, #1111, #670, #975 ) ) ;
#1245 = EDGE_CURVE ( 'NONE', #655, #1281, #1815, .T. ) ;
#1246 = CARTESIAN_POINT ( 'NONE',  ( 1.000000000000000000, 0.000000000000000000, 0.000000000000000000 ) ) ;
#1247 = CARTESIAN_POINT ( 'NONE',  ( 32.57512886940357077, 55.49999999999999289, 2.799999999999999822 ) ) ;
#1248 = VERTEX_POINT ( 'NONE', #1113 ) ;
#1249 =( BOUNDED_CURVE ( )  B_SPLINE_CURVE ( 3, ( #1240, #1580, #697, #35 ),
 .UNSPECIFIED., .F., .F. ) 
 B_SPLINE_CURVE_WITH_KNOTS ( ( 4, 4 ),
 ( 0.000000000000000000, 1.570796326794896558 ),
 .UNSPECIFIED. ) 
 CURVE ( )  GEOMETRIC_REPRESENTATION_ITEM ( )  RATIONAL_B_SPLINE_CURVE ( ( 1.000000000000000000, 0.8047378541243649375, 0.8047378541243649375, 1.000000000000000000 ) ) 
 REPRESENTATION_ITEM ( '' )  );
#1250 = CARTESIAN_POINT ( 'NONE',  ( 21.00000000000001066, 40.49999999999999289, 7.000000000000000000 ) ) ;
#1251 = CARTESIAN_POINT ( 'NONE',  ( 0.000000000000000000, 0.000000000000000000, 4.200000000000000178 ) ) ;
#1252 = DIRECTION ( 'NONE',  ( -0.000000000000000000, -0.000000000000000000, -1.000000000000000000 ) ) ;
#1253 = VERTEX_POINT ( 'NONE', #112 ) ;
#1254 = CARTESIAN_POINT ( 'NONE',  ( 2.575128869403585874, 55.50000000000000000, 0.000000000000000000 ) ) ;
#1255 = VERTEX_POINT ( 'NONE', #95 ) ;
#1256 = CARTESIAN_POINT ( 'NONE',  ( 26.29999999999999716, 56.00000000000000711, 7.000000000000000000 ) ) ;
#1257 = PRESENTATION_STYLE_ASSIGNMENT (( #1077 ) ) ;
#1258 = ORIENTED_EDGE ( 'NONE', *, *, #1394, .T. ) ;
#1259 = CARTESIAN_POINT ( 'NONE',  ( 0.000000000000000000, 0.000000000000000000, 6.000000000000000000 ) ) ;
#1260 = FACE_OUTER_BOUND ( 'NONE', #331, .T. ) ;
#1261 = FACE_OUTER_BOUND ( 'NONE', #2185, .T. ) ;
#1262 = CARTESIAN_POINT ( 'NONE',  ( 1.734723475976806848E-16, 59.00000000000000000, 1.000000000000000000 ) ) ;
#1263 = ORIENTED_EDGE ( 'NONE', *, *, #516, .T. ) ;
#1264 = LINE ( 'NONE', #1600, #1895 ) ;
#1265 = ORIENTED_EDGE ( 'NONE', *, *, #1937, .T. ) ;
#1266 = DIRECTION ( 'NONE',  ( 0.000000000000000000, -0.000000000000000000, 1.000000000000000000 ) ) ;
#1267 = DIRECTION ( 'NONE',  ( -1.000000000000000000, 0.000000000000000000, 0.000000000000000000 ) ) ;
#1268 = VERTEX_POINT ( 'NONE', #1314 ) ;
#1269 = CLOSED_SHELL ( 'NONE', ( #989, #1728, #209, #346, #956, #2034, #1917, #1420, #1508, #307, #547, #2226, #1414, #19, #457, #919, #2263, #1051, #1986, #1135, #2043, #1220, #682, #2091, #390, #258, #1964, #2143, #1605, #147, #591, #570, #1364, #1627, #1484, #1146, #1366, #1734, #1368, #1117, #967, #166, #882, #1690, #1798, #526, #1743, #2154, #696, #36, #1766, #1586, #1375, #73, #1154, #2242, #170, #1904, #278, #329, #550, #164, #428, #1958, #1277, #1122, #1120, #1098, #1243, #1334, #548, #712, #1173, #130 ) ) ;
#1270 = EDGE_CURVE ( 'NONE', #797, #2275, #794, .T. ) ;
#1271 = VECTOR ( 'NONE', #1040, 1000.000000000000000 ) ;
#1272 = LINE ( 'NONE', #63, #1163 ) ;
#1273 = DIRECTION ( 'NONE',  ( -0.4999999999999950595, 0.8660254037844415942, 0.000000000000000000 ) ) ;
#1274 = VECTOR ( 'NONE', #414, 1000.000000000000000 ) ;
#1275 = VECTOR ( 'NONE', #1693, 1000.000000000000000 ) ;
#1276 = FACE_OUTER_BOUND ( 'NONE', #2074, .T. ) ;
#1277 = ADVANCED_FACE ( 'NONE', ( #2215 ), #2042, .F. ) ;
#1278 = VERTEX_POINT ( 'NONE', #1805 ) ;
#1279 = ORIENTED_EDGE ( 'NONE', *, *, #445, .T. ) ;
#1280 = FACE_OUTER_BOUND ( 'NONE', #1533, .T. ) ;
#1281 = VERTEX_POINT ( 'NONE', #1506 ) ;
#1282 = DIRECTION ( 'NONE',  ( -1.000000000000000000, 3.398092544762633625E-15, 0.000000000000000000 ) ) ;
#1283 = CARTESIAN_POINT ( 'NONE',  ( 26.29999999999999716, 56.00000000000000711, 6.000000000000000000 ) ) ;
#1284 = CARTESIAN_POINT ( 'NONE',  ( 35.00000000000000711, 55.50000000000000000, 0.000000000000000000 ) ) ;
#1285 = EDGE_LOOP ( 'NONE', ( #1327, #1517, #1897, #1540, #2273, #1981, #1469, #1510, #2168, #1527, #1529, #332 ) ) ;
#1286 = ORIENTED_EDGE ( 'NONE', *, *, #1342, .T. ) ;
#1287 = DIRECTION ( 'NONE',  ( 1.000000000000000000, 0.000000000000000000, 0.000000000000000000 ) ) ;
#1288 = EDGE_CURVE ( 'NONE', #2100, #1384, #807, .T. ) ;
#1289 = ORIENTED_EDGE ( 'NONE', *, *, #1623, .T. ) ;
#1290 = EDGE_CURVE ( 'NONE', #109, #1476, #942, .T. ) ;
#1291 = CARTESIAN_POINT ( 'NONE',  ( 32.50000000000000711, 56.00000000000000711, 2.000000000000000000 ) ) ;
#1292 = CARTESIAN_POINT ( 'NONE',  ( 0.000000000000000000, 0.000000000000000000, 6.000000000000000000 ) ) ;
#1293 = LINE ( 'NONE', #42, #2051 ) ;
#1294 = ORIENTED_EDGE ( 'NONE', *, *, #445, .F. ) ;
#1295 = DIRECTION ( 'NONE',  ( 1.000000000000000000, 0.000000000000000000, 0.000000000000000000 ) ) ;
#1296 = EDGE_LOOP ( 'NONE', ( #2053, #1320, #1379, #2086 ) ) ;
#1297 = DIRECTION ( 'NONE',  ( -0.000000000000000000, -0.000000000000000000, -1.000000000000000000 ) ) ;
#1298 = ORIENTED_EDGE ( 'NONE', *, *, #1405, .F. ) ;
#1299 = FACE_BOUND ( 'NONE', #1155, .T. ) ;
#1300 = CARTESIAN_POINT ( 'NONE',  ( 7.500000000000013323, 2.000000000000005329, 2.000000000000000000 ) ) ;
#1301 = ORIENTED_EDGE ( 'NONE', *, *, #94, .F. ) ;
#1302 = CARTESIAN_POINT ( 'NONE',  ( 15.49999999999999822, 56.00000000000000711, 7.000000000000000000 ) ) ;
#1303 = VECTOR ( 'NONE', #723, 1000.000000000000000 ) ;
#1304 = LINE ( 'NONE', #2007, #470 ) ;
#1305 = LINE ( 'NONE', #400, #1209 ) ;
#1306 = VECTOR ( 'NONE', #728, 1000.000000000000000 ) ;
#1307 = ORIENTED_EDGE ( 'NONE', *, *, #1467, .F. ) ;
#1308 = PLANE ( 'NONE',  #1924 ) ;
#1309 = CIRCLE ( 'NONE', #1049, 1.149999999999998135 ) ;
#1310 = AXIS2_PLACEMENT_3D ( 'NONE', #672, #300, #819 ) ;
#1311 = ORIENTED_EDGE ( 'NONE', *, *, #230, .F. ) ;
#1312 = DIRECTION ( 'NONE',  ( -0.000000000000000000, -0.000000000000000000, -1.000000000000000000 ) ) ;
#1313 = ORIENTED_EDGE ( 'NONE', *, *, #592, .T. ) ;
#1314 = CARTESIAN_POINT ( 'NONE',  ( 36.15000000000000568, 4.500000000000003553, 2.799999999999999822 ) ) ;
#1315 = ORIENTED_EDGE ( 'NONE', *, *, #407, .T. ) ;
#1316 = EDGE_CURVE ( 'NONE', #397, #438, #772, .T. ) ;
#1317 = LINE ( 'NONE', #456, #424 ) ;
#1318 = DIRECTION ( 'NONE',  ( -0.000000000000000000, -0.000000000000000000, -1.000000000000000000 ) ) ;
#1319 = DIRECTION ( 'NONE',  ( -1.000000000000000000, -1.734723475976806848E-16, 0.000000000000000000 ) ) ;
#1320 = ORIENTED_EDGE ( 'NONE', *, *, #215, .F. ) ;
#1321 = LINE ( 'NONE', #2025, #1780 ) ;
#1322 = ORIENTED_EDGE ( 'NONE', *, *, #1549, .F. ) ;
#1323 = CARTESIAN_POINT ( 'NONE',  ( -1.224646799147353454E-16, 1.000000000000000000, 0.000000000000000000 ) ) ;
#1324 = ORIENTED_EDGE ( 'NONE', *, *, #2094, .T. ) ;
#1325 = LINE ( 'NONE', #2173, #506 ) ;
#1326 = FACE_BOUND ( 'NONE', #2090, .T. ) ;
#1327 = ORIENTED_EDGE ( 'NONE', *, *, #485, .F. ) ;
#1328 = LINE ( 'NONE', #2033, #2046 ) ;
#1329 = EDGE_CURVE ( 'NONE', #979, #579, #1325, .T. ) ;
#1330 = CARTESIAN_POINT ( 'NONE',  ( 24.49999999999999645, 56.00000000000000711, 6.000000000000000000 ) ) ;
#1331 = LINE ( 'NONE', #496, #687 ) ;
#1332 = CARTESIAN_POINT ( 'NONE',  ( 33.78756443470179249, 57.60000000000000142, 2.799999999999999822 ) ) ;
#1333 = VERTEX_POINT ( 'NONE', #2018 ) ;
#1334 = ADVANCED_FACE ( 'NONE', ( #968 ), #1661, .F. ) ;
#1335 = ORIENTED_EDGE ( 'NONE', *, *, #1069, .F. ) ;
#1336 = FACE_OUTER_BOUND ( 'NONE', #735, .T. ) ;
#1337 = LINE ( 'NONE', #1300, #1026 ) ;
#1338 = ORIENTED_EDGE ( 'NONE', *, *, #1002, .T. ) ;
#1339 = PLANE ( 'NONE',  #237 ) ;
#1340 = DIRECTION ( 'NONE',  ( 0.4999999999999986677, -0.8660254037844392627, 0.000000000000000000 ) ) ;
#1341 = CARTESIAN_POINT ( 'NONE',  ( 5.000000000000007994, 55.50000000000000000, 0.000000000000000000 ) ) ;
#1342 = EDGE_CURVE ( 'NONE', #1268, #1706, #603, .T. ) ;
#1343 = VECTOR ( 'NONE', #1899, 1000.000000000000000 ) ;
#1344 = FACE_OUTER_BOUND ( 'NONE', #925, .T. ) ;
#1345 = VECTOR ( 'NONE', #416, 1000.000000000000114 ) ;
#1346 = VERTEX_POINT ( 'NONE', #2162 ) ;
#1347 = AXIS2_PLACEMENT_3D ( 'NONE', #188, #1583, #218 ) ;
#1348 = FACE_OUTER_BOUND ( 'NONE', #30, .T. ) ;
#1349 = EDGE_CURVE ( 'NONE', #1988, #1054, #781, .T. ) ;
#1350 = DIRECTION ( 'NONE',  ( 1.000000000000000000, -0.000000000000000000, -0.000000000000000000 ) ) ;
#1351 = CARTESIAN_POINT ( 'NONE',  ( 2.575128869403592535, 4.500000000000021316, 2.799999999999999822 ) ) ;
#1352 = AXIS2_PLACEMENT_3D ( 'NONE', #2109, #1765, #351 ) ;
#1353 = ORIENTED_EDGE ( 'NONE', *, *, #567, .F. ) ;
#1354 = VECTOR ( 'NONE', #2271, 1000.000000000000000 ) ;
#1355 = PLANE ( 'NONE',  #1457 ) ;
#1356 = CARTESIAN_POINT ( 'NONE',  ( 32.50000000000000711, 56.00000000000000711, 2.000000000000000000 ) ) ;
#1357 = DIRECTION ( 'NONE',  ( -1.000000000000000000, 0.000000000000000000, 0.000000000000000000 ) ) ;
#1358 = DIRECTION ( 'NONE',  ( -0.000000000000000000, -0.000000000000000000, 1.000000000000000000 ) ) ;
#1359 = VERTEX_POINT ( 'NONE', #2186 ) ;
#1360 = VERTEX_POINT ( 'NONE', #1671 ) ;
#1361 = CARTESIAN_POINT ( 'NONE',  ( 18.00000000000001066, 30.49999999999999645, 9.000000000000001776 ) ) ;
#1362 = DIRECTION ( 'NONE',  ( 0.000000000000000000, -0.000000000000000000, 1.000000000000000000 ) ) ;
#1363 = ORIENTED_EDGE ( 'NONE', *, *, #511, .F. ) ;
#1364 = ADVANCED_FACE ( 'NONE', ( #614 ), #453, .F. ) ;
#1365 = DIRECTION ( 'NONE',  ( -0.000000000000000000, -0.000000000000000000, -1.000000000000000000 ) ) ;
#1366 = ADVANCED_FACE ( 'NONE', ( #333 ), #289, .F. ) ;
#1367 = CARTESIAN_POINT ( 'NONE',  ( 7.500000000000013323, 2.000000000000005329, 2.000000000000000000 ) ) ;
#1368 = ADVANCED_FACE ( 'NONE', ( #844 ), #2056, .F. ) ;
#1369 = ORIENTED_EDGE ( 'NONE', *, *, #520, .F. ) ;
#1370 = ORIENTED_EDGE ( 'NONE', *, *, #747, .T. ) ;
#1371 = CARTESIAN_POINT ( 'NONE',  ( 37.42487113059644344, 4.500000000000003553, 0.000000000000000000 ) ) ;
#1372 = PLANE ( 'NONE',  #943 ) ;
#1373 = ORIENTED_EDGE ( 'NONE', *, *, #1390, .F. ) ;
#1374 = FILL_AREA_STYLE_COLOUR ( '', #1383 ) ;
#1375 = ADVANCED_FACE ( 'NONE', ( #996 ), #859, .T. ) ;
#1376 = LINE ( 'NONE', #2079, #658 ) ;
#1377 = VECTOR ( 'NONE', #2072, 1000.000000000000000 ) ;
#1378 = VERTEX_POINT ( 'NONE', #1708 ) ;
#1379 = ORIENTED_EDGE ( 'NONE', *, *, #2032, .F. ) ;
#1380 = AXIS2_PLACEMENT_3D ( 'NONE', #2103, #44, #527 ) ;
#1381 = CARTESIAN_POINT ( 'NONE',  ( 13.69999999999999751, 56.00000000000000711, 2.000000000000000000 ) ) ;
#1382 = CARTESIAN_POINT ( 'NONE',  ( 7.424871130596424784, 55.49999999999999289, 0.000000000000000000 ) ) ;
#1383 = COLOUR_RGB ( '',0.7921568627450980005, 0.8196078431372548767, 0.9333333333333333481 ) ;
#1384 = VERTEX_POINT ( 'NONE', #1739 ) ;
#1385 = AXIS2_PLACEMENT_3D ( 'NONE', #1151, #2075, #1544 ) ;
#1386 = EDGE_CURVE ( 'NONE', #195, #1911, #2270, .T. ) ;
#1387 = CARTESIAN_POINT ( 'NONE',  ( 24.49999999999999645, 56.00000000000000711, 7.000000000000000000 ) ) ;
#1388 = AXIS2_PLACEMENT_3D ( 'NONE', #487, #129, #1196 ) ;
#1389 = VERTEX_POINT ( 'NONE', #480 ) ;
#1390 = EDGE_CURVE ( 'NONE', #168, #597, #852, .T. ) ;
#1391 = ORIENTED_EDGE ( 'NONE', *, *, #230, .T. ) ;
#1392 = VERTEX_POINT ( 'NONE', #653 ) ;
#1393 = CARTESIAN_POINT ( 'NONE',  ( 39.58578643762690064, 59.58578643762690774, -3.586907429118599214E-17 ) ) ;
#1394 = EDGE_CURVE ( 'NONE', #1602, #1401, #1030, .T. ) ;
#1395 = DIRECTION ( 'NONE',  ( 0.000000000000000000, 1.000000000000000000, 0.000000000000000000 ) ) ;
#1396 = VERTEX_POINT ( 'NONE', #1351 ) ;
#1397 = DIRECTION ( 'NONE',  ( -0.000000000000000000, -0.000000000000000000, 1.000000000000000000 ) ) ;
#1398 = CARTESIAN_POINT ( 'NONE',  ( 1.000000000000000000, 59.00000000000000000, 0.000000000000000000 ) ) ;
#1399 = ORIENTED_EDGE ( 'NONE', *, *, #1400, .T. ) ;
#1400 = EDGE_CURVE ( 'NONE', #1804, #284, #690, .T. ) ;
#1401 = VERTEX_POINT ( 'NONE', #1381 ) ;
#1402 = LINE ( 'NONE', #913, #96 ) ;
#1403 = DIRECTION ( 'NONE',  ( 0.5000000000000072164, 0.8660254037844344888, 0.000000000000000000 ) ) ;
#1404 = DIRECTION ( 'NONE',  ( -1.000000000000000000, 0.000000000000000000, 0.000000000000000000 ) ) ;
#1405 = EDGE_CURVE ( 'NONE', #849, #1378, #1726, .T. ) ;
#1406 = EDGE_CURVE ( 'NONE', #185, #370, #312, .T. ) ;
#1407 = ORIENTED_EDGE ( 'NONE', *, *, #878, .T. ) ;
#1408 = ORIENTED_EDGE ( 'NONE', *, *, #1910, .T. ) ;
#1409 = DIRECTION ( 'NONE',  ( -1.000000000000000000, 0.000000000000000000, 0.000000000000000000 ) ) ;
#1410 = CARTESIAN_POINT ( 'NONE',  ( 21.00000000000001066, 40.49999999999999289, 7.000000000000000000 ) ) ;
#1411 = ORIENTED_EDGE ( 'NONE', *, *, #978, .T. ) ;
#1412 = DIRECTION ( 'NONE',  ( 0.000000000000000000, 1.000000000000000000, 0.000000000000000000 ) ) ;
#1413 = FACE_OUTER_BOUND ( 'NONE', #1570, .T. ) ;
#1414 = ADVANCED_FACE ( 'NONE', ( #1213 ), #2227, .F. ) ;
#1415 = AXIS2_PLACEMENT_3D ( 'NONE', #638, #439, #611 ) ;
#1416 = ORIENTED_EDGE ( 'NONE', *, *, #1808, .F. ) ;
#1417 = CARTESIAN_POINT ( 'NONE',  ( 40.00000000000000000, 60.00000000000000711, 6.000000000000000000 ) ) ;
#1418 = LINE ( 'NONE', #393, #1377 ) ;
#1419 = VECTOR ( 'NONE', #461, 1000.000000000000000 ) ;
#1420 = ADVANCED_FACE ( 'NONE', ( #1021 ), #1698, .F. ) ;
#1421 = ORIENTED_EDGE ( 'NONE', *, *, #2038, .T. ) ;
#1422 = DIRECTION ( 'NONE',  ( -0.000000000000000000, -0.000000000000000000, -1.000000000000000000 ) ) ;
#1423 = VECTOR ( 'NONE', #2099, 1000.000000000000000 ) ;
#1424 = DIRECTION ( 'NONE',  ( -0.000000000000000000, 0.000000000000000000, 1.000000000000000000 ) ) ;
#1425 = ORIENTED_EDGE ( 'NONE', *, *, #727, .F. ) ;
#1426 = VECTOR ( 'NONE', #2115, 1000.000000000000000 ) ;
#1427 = VECTOR ( 'NONE', #134, 1000.000000000000114 ) ;
#1428 = CARTESIAN_POINT ( 'NONE',  ( 0.000000000000000000, 0.000000000000000000, 6.000000000000000000 ) ) ;
#1429 = VECTOR ( 'NONE', #680, 1000.000000000000000 ) ;
#1430 = CARTESIAN_POINT ( 'NONE',  ( 24.49999999999999645, 56.00000000000000711, 6.000000000000000000 ) ) ;
#1431 = LINE ( 'NONE', #1531, #2089 ) ;
#1432 = ORIENTED_EDGE ( 'NONE', *, *, #2011, .F. ) ;
#1433 = DIRECTION ( 'NONE',  ( 1.000000000000000000, 0.000000000000000000, 0.000000000000000000 ) ) ;
#1434 = CARTESIAN_POINT ( 'NONE',  ( 6.212435565298240370, 6.599999999999979217, 2.799999999999999822 ) ) ;
#1435 = ORIENTED_EDGE ( 'NONE', *, *, #2010, .F. ) ;
#1436 = DIRECTION ( 'NONE',  ( 0.000000000000000000, 0.000000000000000000, -1.000000000000000000 ) ) ;
#1437 = CARTESIAN_POINT ( 'NONE',  ( 3.787564434701798266, 57.60000000000000142, 0.000000000000000000 ) ) ;
#1438 = ORIENTED_EDGE ( 'NONE', *, *, #2174, .F. ) ;
#1439 = EDGE_CURVE ( 'NONE', #1178, #1977, #665, .T. ) ;
#1440 = LINE ( 'NONE', #718, #1015 ) ;
#1441 = CARTESIAN_POINT ( 'NONE',  ( 21.00000000000001066, 40.49999999999999289, 7.000000000000000000 ) ) ;
#1442 = ORIENTED_EDGE ( 'NONE', *, *, #2094, .F. ) ;
#1443 = DIRECTION ( 'NONE',  ( -0.000000000000000000, -0.000000000000000000, -1.000000000000000000 ) ) ;
#1444 = ORIENTED_EDGE ( 'NONE', *, *, #40, .T. ) ;
#1445 = DIRECTION ( 'NONE',  ( -1.000000000000000000, 0.000000000000000000, 0.000000000000000000 ) ) ;
#1446 = EDGE_LOOP ( 'NONE', ( #1771, #7, #1723, #2097 ) ) ;
#1447 = EDGE_CURVE ( 'NONE', #392, #1849, #158, .T. ) ;
#1448 = CARTESIAN_POINT ( 'NONE',  ( 36.21243556529822882, 6.600000000000005862, 2.799999999999999822 ) ) ;
#1449 = DIRECTION ( 'NONE',  ( -0.000000000000000000, -0.000000000000000000, -1.000000000000000000 ) ) ;
#1450 = DIRECTION ( 'NONE',  ( -0.000000000000000000, -0.000000000000000000, -1.000000000000000000 ) ) ;
#1451 =( GEOMETRIC_REPRESENTATION_CONTEXT ( 3 ) GLOBAL_UNCERTAINTY_ASSIGNED_CONTEXT ( ( #2163 ) ) GLOBAL_UNIT_ASSIGNED_CONTEXT ( ( #2188, #1095, #442 ) ) REPRESENTATION_CONTEXT ( 'NONE', 'WORKASPACE' ) );
#1452 = VERTEX_POINT ( 'NONE', #1562 ) ;
#1453 = ORIENTED_EDGE ( 'NONE', *, *, #1172, .T. ) ;
#1454 = LINE ( 'NONE', #916, #142 ) ;
#1455 = AXIS2_PLACEMENT_3D ( 'NONE', #1730, #157, #2054 ) ;
#1456 = ORIENTED_EDGE ( 'NONE', *, *, #1588, .T. ) ;
#1457 = AXIS2_PLACEMENT_3D ( 'NONE', #1735, #1550, #1025 ) ;
#1458 = AXIS2_PLACEMENT_3D ( 'NONE', #1944, #1076, #907 ) ;
#1459 = LINE ( 'NONE', #1118, #427 ) ;
#1460 = DIRECTION ( 'NONE',  ( -0.000000000000000000, -0.000000000000000000, 1.000000000000000000 ) ) ;
#1461 = VECTOR ( 'NONE', #1713, 1000.000000000000000 ) ;
#1462 = EDGE_LOOP ( 'NONE', ( #1878, #59, #985, #2151 ) ) ;
#1463 = CIRCLE ( 'NONE', #1787, 1.149999999999999023 ) ;
#1464 = CARTESIAN_POINT ( 'NONE',  ( 33.78756443470178539, 53.39999999999999858, 2.799999999999999822 ) ) ;
#1465 = EDGE_LOOP ( 'NONE', ( #1891, #436, #842, #692 ) ) ;
#1466 = ORIENTED_EDGE ( 'NONE', *, *, #1439, .F. ) ;
#1467 = EDGE_CURVE ( 'NONE', #195, #109, #2087, .T. ) ;
#1468 = CARTESIAN_POINT ( 'NONE',  ( 0.000000000000000000, 0.000000000000000000, 7.000000000000000000 ) ) ;
#1469 = ORIENTED_EDGE ( 'NONE', *, *, #488, .T. ) ;
#1470 = DIRECTION ( 'NONE',  ( -0.000000000000000000, -0.000000000000000000, -1.000000000000000000 ) ) ;
#1471 = CARTESIAN_POINT ( 'NONE',  ( 24.49999999999999645, 56.00000000000000711, 2.000000000000000000 ) ) ;
#1472 = FACE_OUTER_BOUND ( 'NONE', #1018, .T. ) ;
#1473 = CARTESIAN_POINT ( 'NONE',  ( 18.00000000000001066, 30.49999999999999645, 9.000000000000001776 ) ) ;
#1474 = EDGE_LOOP ( 'NONE', ( #639, #1758, #1057, #964 ) ) ;
#1475 = DIRECTION ( 'NONE',  ( -0.8660254037844391517, 0.4999999999999991118, 0.000000000000000000 ) ) ;
#1476 = VERTEX_POINT ( 'NONE', #311 ) ;
#1477 = CARTESIAN_POINT ( 'NONE',  ( 21.00000000000001066, 38.49999999999999289, 7.000000000000000000 ) ) ;
#1478 = ORIENTED_EDGE ( 'NONE', *, *, #1576, .T. ) ;
#1479 = DIRECTION ( 'NONE',  ( -0.000000000000000000, 1.000000000000000000, -0.000000000000000000 ) ) ;
#1480 = CARTESIAN_POINT ( 'NONE',  ( 24.49999999999999645, 49.00000000000000000, 7.000000000000000000 ) ) ;
#1481 = DIRECTION ( 'NONE',  ( 1.000000000000000000, 1.387778780781445676E-16, -0.000000000000000000 ) ) ;
#1482 = VERTEX_POINT ( 'NONE', #1191 ) ;
#1483 = CARTESIAN_POINT ( 'NONE',  ( 1.000000000000000000, 1.000000000000000222, 0.000000000000000000 ) ) ;
#1484 = ADVANCED_FACE ( 'NONE', ( #1413 ), #1923, .F. ) ;
#1485 = ORIENTED_EDGE ( 'NONE', *, *, #2159, .F. ) ;
#1486 = CARTESIAN_POINT ( 'NONE',  ( 6.212435565298211060, 2.400000000000011902, 2.799999999999999822 ) ) ;
#1487 = ORIENTED_EDGE ( 'NONE', *, *, #1791, .T. ) ;
#1488 = LINE ( 'NONE', #1140, #1898 ) ;
#1489 = DIRECTION ( 'NONE',  ( -0.000000000000000000, -0.000000000000000000, 1.000000000000000000 ) ) ;
#1490 = VECTOR ( 'NONE', #559, 1000.000000000000000 ) ;
#1491 = FACE_BOUND ( 'NONE', #198, .T. ) ;
#1492 = VERTEX_POINT ( 'NONE', #192 ) ;
#1493 = CARTESIAN_POINT ( 'NONE',  ( 36.21243556529824303, 57.60000000000000142, 2.799999999999999822 ) ) ;
#1494 = CIRCLE ( 'NONE', #1080, 1.149999999999999911 ) ;
#1495 = DIRECTION ( 'NONE',  ( -1.000000000000000000, 0.000000000000000000, 0.000000000000000000 ) ) ;
#1496 = DIRECTION ( 'NONE',  ( -1.000000000000000000, 0.000000000000000000, 0.000000000000000000 ) ) ;
#1497 = VECTOR ( 'NONE', #1945, 1000.000000000000114 ) ;
#1498 = ORIENTED_EDGE ( 'NONE', *, *, #1654, .T. ) ;
#1499 = PRODUCT_DEFINITION_SHAPE ( 'NONE', 'NONE',  #1920 ) ;
#1500 = CARTESIAN_POINT ( 'NONE',  ( 37.42487113059645054, 55.50000000000000000, 2.799999999999999822 ) ) ;
#1501 = VECTOR ( 'NONE', #239, 1000.000000000000227 ) ;
#1502 = AXIS2_PLACEMENT_3D ( 'NONE', #1341, #2071, #1013 ) ;
#1503 = EDGE_LOOP ( 'NONE', ( #1058, #2201, #873, #406, #1005, #2241 ) ) ;
#1504 = FACE_OUTER_BOUND ( 'NONE', #1974, .T. ) ;
#1505 = ORIENTED_EDGE ( 'NONE', *, *, #635, .T. ) ;
#1506 = CARTESIAN_POINT ( 'NONE',  ( 3.787564434701799598, 53.40000000000000568, 0.000000000000000000 ) ) ;
#1507 = CARTESIAN_POINT ( 'NONE',  ( 18.00000000000001066, 35.49999999999999289, 2.000000000000000000 ) ) ;
#1508 = ADVANCED_FACE ( 'NONE', ( #1053 ), #183, .F. ) ;
#1509 = LINE ( 'NONE', #1673, #1711 ) ;
#1510 = ORIENTED_EDGE ( 'NONE', *, *, #954, .T. ) ;
#1511 = CARTESIAN_POINT ( 'NONE',  ( 15.49999999999999822, 56.00000000000000711, 4.200000000000000178 ) ) ;
#1512 = DIRECTION ( 'NONE',  ( -0.000000000000000000, -0.000000000000000000, 1.000000000000000000 ) ) ;
#1513 = LINE ( 'NONE', #991, #756 ) ;
#1514 = EDGE_CURVE ( 'NONE', #297, #397, #1020, .T. ) ;
#1515 = ORIENTED_EDGE ( 'NONE', *, *, #1014, .F. ) ;
#1516 = DIRECTION ( 'NONE',  ( -0.4999999999999996669, -0.8660254037844388186, 0.000000000000000000 ) ) ;
#1517 = ORIENTED_EDGE ( 'NONE', *, *, #927, .F. ) ;
#1518 = CARTESIAN_POINT ( 'NONE',  ( 19.00000000000001066, 38.49999999999999289, 2.000000000000000000 ) ) ;
#1519 = ORIENTED_EDGE ( 'NONE', *, *, #714, .F. ) ;
#1520 = DIRECTION ( 'NONE',  ( -0.000000000000000000, -0.000000000000000000, -1.000000000000000000 ) ) ;
#1521 = EDGE_CURVE ( 'NONE', #1602, #790, #201, .T. ) ;
#1522 = ORIENTED_EDGE ( 'NONE', *, *, #1467, .T. ) ;
#1523 = DIRECTION ( 'NONE',  ( -1.000000000000000000, 0.000000000000000000, 0.000000000000000000 ) ) ;
#1524 = CARTESIAN_POINT ( 'NONE',  ( 33.78756443470179249, 57.60000000000000142, 2.799999999999999822 ) ) ;
#1525 = CARTESIAN_POINT ( 'NONE',  ( 18.00000000000001066, 35.49999999999999289, 9.000000000000001776 ) ) ;
#1526 = EDGE_CURVE ( 'NONE', #1837, #892, #1757, .T. ) ;
#1527 = ORIENTED_EDGE ( 'NONE', *, *, #2059, .F. ) ;
#1528 = CARTESIAN_POINT ( 'NONE',  ( 5.000000000000007994, 55.50000000000000000, 0.000000000000000000 ) ) ;
#1529 = ORIENTED_EDGE ( 'NONE', *, *, #841, .F. ) ;
#1530 = ORIENTED_EDGE ( 'NONE', *, *, #1795, .T. ) ;
#1531 = CARTESIAN_POINT ( 'NONE',  ( 18.00000000000001066, 35.49999999999999289, 9.000000000000001776 ) ) ;
#1532 = FACE_OUTER_BOUND ( 'NONE', #1907, .T. ) ;
#1533 = EDGE_LOOP ( 'NONE', ( #1141, #1438, #2225, #1324, #1953, #490, #1432, #373 ) ) ;
#1534 = VECTOR ( 'NONE', #1297, 1000.000000000000000 ) ;
#1535 = DIRECTION ( 'NONE',  ( -0.5000000000000072164, -0.8660254037844344888, 0.000000000000000000 ) ) ;
#1536 = CARTESIAN_POINT ( 'NONE',  ( 35.00000000000000711, 4.500000000000003553, 2.799999999999999822 ) ) ;
#1537 = DIRECTION ( 'NONE',  ( 0.000000000000000000, 0.000000000000000000, 1.000000000000000000 ) ) ;
#1538 = VECTOR ( 'NONE', #2037, 1000.000000000000000 ) ;
#1539 = DIRECTION ( 'NONE',  ( 1.000000000000000000, 0.000000000000000000, 0.000000000000000000 ) ) ;
#1540 = ORIENTED_EDGE ( 'NONE', *, *, #376, .T. ) ;
#1541 = VECTOR ( 'NONE', #740, 1000.000000000000000 ) ;
#1542 = ORIENTED_EDGE ( 'NONE', *, *, #1069, .T. ) ;
#1543 = EDGE_CURVE ( 'NONE', #1911, #1476, #1062, .T. ) ;
#1544 = DIRECTION ( 'NONE',  ( 0.5000000000000002220, -0.8660254037844384856, 0.000000000000000000 ) ) ;
#1545 = DIRECTION ( 'NONE',  ( -1.000000000000000000, 0.000000000000000000, -0.000000000000000000 ) ) ;
#1546 = EDGE_CURVE ( 'NONE', #1886, #1804, #1431, .T. ) ;
#1547 = EDGE_LOOP ( 'NONE', ( #1560, #1131, #602, #2039 ) ) ;
#1548 = VECTOR ( 'NONE', #860, 1000.000000000000114 ) ;
#1549 = EDGE_CURVE ( 'NONE', #1396, #733, #2120, .T. ) ;
#1550 = DIRECTION ( 'NONE',  ( 0.000000000000000000, 0.000000000000000000, 1.000000000000000000 ) ) ;
#1551 = CARTESIAN_POINT ( 'NONE',  ( 36.21243556529823593, 53.39999999999999858, 0.000000000000000000 ) ) ;
#1552 = LINE ( 'NONE', #644, #1171 ) ;
#1553 = ORIENTED_EDGE ( 'NONE', *, *, #1808, .T. ) ;
#1554 = DIRECTION ( 'NONE',  ( -0.000000000000000000, -1.000000000000000000, 0.000000000000000000 ) ) ;
#1555 = CARTESIAN_POINT ( 'NONE',  ( 13.69999999999999929, 56.00000000000000711, 7.000000000000000000 ) ) ;
#1556 = CARTESIAN_POINT ( 'NONE',  ( 0.000000000000000000, 60.00000000000000000, 1.000000000000000000 ) ) ;
#1557 = ORIENTED_EDGE ( 'NONE', *, *, #102, .F. ) ;
#1558 = DIRECTION ( 'NONE',  ( 0.000000000000000000, 1.000000000000000000, 0.000000000000000000 ) ) ;
#1559 = LINE ( 'NONE', #1727, #1125 ) ;
#1560 = ORIENTED_EDGE ( 'NONE', *, *, #599, .T. ) ;
#1561 = VERTEX_POINT ( 'NONE', #652 ) ;
#1562 = CARTESIAN_POINT ( 'NONE',  ( 18.00000000000001066, 30.49999999999999645, 2.000000000000000000 ) ) ;
#1563 = CARTESIAN_POINT ( 'NONE',  ( 5.000000000000007994, 4.500000000000003553, 2.799999999999999822 ) ) ;
#1564 = ORIENTED_EDGE ( 'NONE', *, *, #1290, .T. ) ;
#1565 = EDGE_CURVE ( 'NONE', #106, #1268, #105, .T. ) ;
#1566 = DIRECTION ( 'NONE',  ( -0.8660254037844387076, 0.4999999999999998335, 0.000000000000000000 ) ) ;
#1567 = PRODUCT_DEFINITION_FORMATION_WITH_SPECIFIED_SOURCE ( 'ANY', '', #2192, .NOT_KNOWN. ) ;
#1568 = EDGE_CURVE ( 'NONE', #1849, #1384, #299, .T. ) ;
#1569 = ORIENTED_EDGE ( 'NONE', *, *, #858, .F. ) ;
#1570 = EDGE_LOOP ( 'NONE', ( #1931, #1840, #1814, #387 ) ) ;
#1571 = DIRECTION ( 'NONE',  ( 0.5000000000000009992, -0.8660254037844380415, 0.000000000000000000 ) ) ;
#1572 = CARTESIAN_POINT ( 'NONE',  ( 15.49999999999999822, 49.00000000000000000, 7.000000000000000000 ) ) ;
#1573 = VECTOR ( 'NONE', #1066, 1000.000000000000000 ) ;
#1574 = ORIENTED_EDGE ( 'NONE', *, *, #2032, .T. ) ;
#1575 = VECTOR ( 'NONE', #1993, 1000.000000000000000 ) ;
#1576 = EDGE_CURVE ( 'NONE', #1333, #25, #2243, .T. ) ;
#1577 = CARTESIAN_POINT ( 'NONE',  ( 7.500000000000005329, 56.00000000000000711, 2.000000000000000000 ) ) ;
#1578 = AXIS2_PLACEMENT_3D ( 'NONE', #1861, #1537, #1176 ) ;
#1579 = EDGE_CURVE ( 'NONE', #1710, #1255, #386, .T. ) ;
#1580 = CARTESIAN_POINT ( 'NONE',  ( 40.00000000000000000, 4.987329993433320396E-15, 0.4142135623730949789 ) ) ;
#1581 = DIRECTION ( 'NONE',  ( 0.000000000000000000, 1.000000000000000000, -0.000000000000000000 ) ) ;
#1582 = ORIENTED_EDGE ( 'NONE', *, *, #1092, .F. ) ;
#1583 = DIRECTION ( 'NONE',  ( 1.000000000000000000, 1.284980352575412946E-16, 0.000000000000000000 ) ) ;
#1584 = DIRECTION ( 'NONE',  ( -0.000000000000000000, -0.000000000000000000, 1.000000000000000000 ) ) ;
#1585 = VERTEX_POINT ( 'NONE', #1097 ) ;
#1586 = ADVANCED_FACE ( 'NONE', ( #1472 ), #921, .T. ) ;
#1587 = DIRECTION ( 'NONE',  ( -1.000000000000000000, -0.000000000000000000, -0.000000000000000000 ) ) ;
#1588 = EDGE_CURVE ( 'NONE', #1697, #1359, #2238, .T. ) ;
#1589 = EDGE_LOOP ( 'NONE', ( #54, #622, #1307, #648 ) ) ;
#1590 = DIRECTION ( 'NONE',  ( -0.000000000000000000, -0.000000000000000000, -1.000000000000000000 ) ) ;
#1591 = CARTESIAN_POINT ( 'NONE',  ( 36.21243556529823593, 53.39999999999999858, 2.799999999999999822 ) ) ;
#1592 = ORIENTED_EDGE ( 'NONE', *, *, #950, .F. ) ;
#1593 = CARTESIAN_POINT ( 'NONE',  ( 15.49999999999999822, 60.00000000000000000, 4.200000000000000178 ) ) ;
#1594 = CARTESIAN_POINT ( 'NONE',  ( 3.787564434701799598, 53.40000000000000568, 2.799999999999999822 ) ) ;
#1595 = ORIENTED_EDGE ( 'NONE', *, *, #575, .T. ) ;
#1596 = CARTESIAN_POINT ( 'NONE',  ( 32.50000000000001421, 2.000000000000008882, 6.000000000000000000 ) ) ;
#1597 = DIRECTION ( 'NONE',  ( -0.000000000000000000, -0.000000000000000000, -1.000000000000000000 ) ) ;
#1598 = VECTOR ( 'NONE', #2213, 1000.000000000000000 ) ;
#1599 = ORIENTED_EDGE ( 'NONE', *, *, #1913, .F. ) ;
#1600 = CARTESIAN_POINT ( 'NONE',  ( 24.49999999999999645, 49.00000000000000000, 7.000000000000000000 ) ) ;
#1601 = VECTOR ( 'NONE', #1450, 1000.000000000000000 ) ;
#1602 = VERTEX_POINT ( 'NONE', #435 ) ;
#1603 = EDGE_CURVE ( 'NONE', #879, #168, #1305, .T. ) ;
#1604 = CARTESIAN_POINT ( 'NONE',  ( 18.00000000000001066, 30.49999999999999645, 9.000000000000001776 ) ) ;
#1605 = ADVANCED_FACE ( 'NONE', ( #562, #1109 ), #2008, .T. ) ;
#1606 = VECTOR ( 'NONE', #704, 1000.000000000000000 ) ;
#1607 = FACE_OUTER_BOUND ( 'NONE', #80, .T. ) ;
#1608 = EDGE_LOOP ( 'NONE', ( #260, #56, #1797, #477, #546, #2138 ) ) ;
#1609 = VECTOR ( 'NONE', #606, 1000.000000000000000 ) ;
#1610 = VECTOR ( 'NONE', #124, 1000.000000000000000 ) ;
#1611 = CARTESIAN_POINT ( 'NONE',  ( 1.000000000000000000, 1.000000000000000222, 0.000000000000000000 ) ) ;
#1612 = CARTESIAN_POINT ( 'NONE',  ( 15.49999999999999822, 56.00000000000000711, 7.000000000000000000 ) ) ;
#1613 = LINE ( 'NONE', #32, #1606 ) ;
#1614 = ORIENTED_EDGE ( 'NONE', *, *, #1526, .T. ) ;
#1615 = CARTESIAN_POINT ( 'NONE',  ( 5.000000000000007994, 4.500000000000003553, 2.799999999999999822 ) ) ;
#1616 = EDGE_CURVE ( 'NONE', #1482, #1054, #1620, .T. ) ;
#1617 = CARTESIAN_POINT ( 'NONE',  ( 33.85000000000000853, 55.50000000000000000, 0.000000000000000000 ) ) ;
#1618 = EDGE_LOOP ( 'NONE', ( #1407, #922, #1128, #542 ) ) ;
#1619 = PLANE ( 'NONE',  #55 ) ;
#1620 = LINE ( 'NONE', #33, #798 ) ;
#1621 = DIRECTION ( 'NONE',  ( 0.4999999999999993894, -0.8660254037844389297, 0.000000000000000000 ) ) ;
#1622 = ORIENTED_EDGE ( 'NONE', *, *, #2177, .F. ) ;
#1623 = EDGE_CURVE ( 'NONE', #1401, #257, #1790, .T. ) ;
#1624 = PLANE ( 'NONE',  #834 ) ;
#1625 = CARTESIAN_POINT ( 'NONE',  ( 36.21243556529822882, 2.400000000000005240, 0.000000000000000000 ) ) ;
#1626 = ORIENTED_EDGE ( 'NONE', *, *, #1210, .F. ) ;
#1627 = ADVANCED_FACE ( 'NONE', ( #732 ), #419, .F. ) ;
#1628 = DIRECTION ( 'NONE',  ( -1.000000000000000000, 0.000000000000000000, -0.000000000000000000 ) ) ;
#1629 = CARTESIAN_POINT ( 'NONE',  ( 7.424871130596424784, 55.49999999999999289, 2.799999999999999822 ) ) ;
#1630 = EDGE_CURVE ( 'NONE', #25, #206, #2265, .T. ) ;
#1631 = CARTESIAN_POINT ( 'NONE',  ( 18.00000000000001066, 35.49999999999999289, 9.000000000000001776 ) ) ;
#1632 = ORIENTED_EDGE ( 'NONE', *, *, #1854, .T. ) ;
#1633 = ORIENTED_EDGE ( 'NONE', *, *, #850, .T. ) ;
#1634 = DIRECTION ( 'NONE',  ( 0.000000000000000000, 1.000000000000000000, -0.000000000000000000 ) ) ;
#1635 = DIRECTION ( 'NONE',  ( -1.000000000000000000, 0.000000000000000000, 0.000000000000000000 ) ) ;
#1636 = AXIS2_PLACEMENT_3D ( 'NONE', #1042, #1952, #871 ) ;
#1637 = EDGE_LOOP ( 'NONE', ( #1906, #857, #1781, #1863 ) ) ;
#1638 = LINE ( 'NONE', #1820, #1817 ) ;
#1639 = VECTOR ( 'NONE', #1932, 1000.000000000000000 ) ;
#1640 = DIRECTION ( 'NONE',  ( 1.000000000000000000, 0.000000000000000000, 0.000000000000000000 ) ) ;
#1641 = LINE ( 'NONE', #1629, #208 ) ;
#1642 = VECTOR ( 'NONE', #504, 1000.000000000000114 ) ;
#1643 = ORIENTED_EDGE ( 'NONE', *, *, #560, .T. ) ;
#1644 = VECTOR ( 'NONE', #528, 1000.000000000000000 ) ;
#1645 = CARTESIAN_POINT ( 'NONE',  ( 32.50000000000000711, 56.00000000000000711, 6.000000000000000000 ) ) ;
#1646 = EDGE_CURVE ( 'NONE', #404, #353, #232, .T. ) ;
#1647 = EDGE_LOOP ( 'NONE', ( #2026, #1003, #681, #430 ) ) ;
#1648 = DIRECTION ( 'NONE',  ( -0.000000000000000000, -0.000000000000000000, 1.000000000000000000 ) ) ;
#1649 = EDGE_LOOP ( 'NONE', ( #1777, #1738 ) ) ;
#1650 = PLANE ( 'NONE',  #24 ) ;
#1651 = ORIENTED_EDGE ( 'NONE', *, *, #1162, .T. ) ;
#1652 = CARTESIAN_POINT ( 'NONE',  ( 40.00000000000000000, 4.898587196589413815E-15, 1.000000000000000000 ) ) ;
#1653 = EDGE_CURVE ( 'NONE', #438, #941, #1641, .T. ) ;
#1654 = EDGE_CURVE ( 'NONE', #708, #915, #1463, .T. ) ;
#1655 = DIRECTION ( 'NONE',  ( 1.000000000000000000, 0.000000000000000000, -0.000000000000000000 ) ) ;
#1656 = CARTESIAN_POINT ( 'NONE',  ( 0.000000000000000000, 0.000000000000000000, 1.000000000000000000 ) ) ;
#1657 = PLANE ( 'NONE',  #316 ) ;
#1658 = VERTEX_POINT ( 'NONE', #2156 ) ;
#1659 = PLANE ( 'NONE',  #646 ) ;
#1660 = ORIENTED_EDGE ( 'NONE', *, *, #1179, .F. ) ;
#1661 = PLANE ( 'NONE',  #2085 ) ;
#1662 = LINE ( 'NONE', #31, #1490 ) ;
#1663 = ORIENTED_EDGE ( 'NONE', *, *, #532, .T. ) ;
#1664 = CARTESIAN_POINT ( 'NONE',  ( 7.424871130596424784, 55.49999999999999289, 2.799999999999999822 ) ) ;
#1665 = CARTESIAN_POINT ( 'NONE',  ( 13.69999999999999929, 49.00000000000000000, 7.000000000000000000 ) ) ;
#1666 = DIRECTION ( 'NONE',  ( -0.000000000000000000, -0.000000000000000000, -1.000000000000000000 ) ) ;
#1667 = DIRECTION ( 'NONE',  ( 0.000000000000000000, 0.000000000000000000, 1.000000000000000000 ) ) ;
#1668 = ORIENTED_EDGE ( 'NONE', *, *, #949, .T. ) ;
#1669 = CARTESIAN_POINT ( 'NONE',  ( 33.78756443470179249, 2.400000000000005240, 2.799999999999999822 ) ) ;
#1670 = ORIENTED_EDGE ( 'NONE', *, *, #1980, .F. ) ;
#1671 = CARTESIAN_POINT ( 'NONE',  ( 33.78756443470178539, 6.600000000000005862, 2.799999999999999822 ) ) ;
#1672 = VECTOR ( 'NONE', #1844, 1000.000000000000114 ) ;
#1673 = CARTESIAN_POINT ( 'NONE',  ( 7.424871130596424784, 55.49999999999999289, 2.799999999999999822 ) ) ;
#1674 = ORIENTED_EDGE ( 'NONE', *, *, #1892, .F. ) ;
#1675 = DIRECTION ( 'NONE',  ( 1.000000000000000000, 0.000000000000000000, 0.000000000000000000 ) ) ;
#1676 = AXIS2_PLACEMENT_3D ( 'NONE', #1528, #1358, #296 ) ;
#1677 = DIRECTION ( 'NONE',  ( 0.000000000000000000, -0.000000000000000000, 1.000000000000000000 ) ) ;
#1678 = CARTESIAN_POINT ( 'NONE',  ( 15.49999999999999822, 56.00000000000000711, 7.000000000000000000 ) ) ;
#1679 = VECTOR ( 'NONE', #1584, 1000.000000000000000 ) ;
#1680 = ORIENTED_EDGE ( 'NONE', *, *, #742, .F. ) ;
#1681 = FACE_OUTER_BOUND ( 'NONE', #85, .T. ) ;
#1682 = AXIS2_PLACEMENT_3D ( 'NONE', #1168, #1900, #1720 ) ;
#1683 = EDGE_CURVE ( 'NONE', #1054, #1178, #1293, .T. ) ;
#1684 = VECTOR ( 'NONE', #538, 1000.000000000000000 ) ;
#1685 = ORIENTED_EDGE ( 'NONE', *, *, #1630, .F. ) ;
#1686 = DIRECTION ( 'NONE',  ( 1.000000000000000000, 1.387778780781445676E-16, 0.000000000000000000 ) ) ;
#1687 = EDGE_LOOP ( 'NONE', ( #1663, #1456 ) ) ;
#1688 = CARTESIAN_POINT ( 'NONE',  ( 33.78756443470179249, 2.400000000000005240, 2.799999999999999822 ) ) ;
#1689 = EDGE_LOOP ( 'NONE', ( #1522, #1408, #1632, #327 ) ) ;
#1690 = ADVANCED_FACE ( 'NONE', ( #2141 ), #1824, .F. ) ;
#1691 = DIRECTION ( 'NONE',  ( 0.000000000000000000, 0.000000000000000000, 1.000000000000000000 ) ) ;
#1692 = CARTESIAN_POINT ( 'NONE',  ( 18.00000000000001066, 30.49999999999999645, 2.000000000000000000 ) ) ;
#1693 = DIRECTION ( 'NONE',  ( -0.000000000000000000, -0.000000000000000000, -1.000000000000000000 ) ) ;
#1694 = FACE_OUTER_BOUND ( 'NONE', #501, .T. ) ;
#1695 = VERTEX_POINT ( 'NONE', #585 ) ;
#1696 = CARTESIAN_POINT ( 'NONE',  ( 36.15000000000000568, 55.50000000000000000, 0.000000000000000000 ) ) ;
#1697 = VERTEX_POINT ( 'NONE', #410 ) ;
#1698 = CYLINDRICAL_SURFACE ( 'NONE', #1310, 1.149999999999999911 ) ;
#1699 = VERTEX_POINT ( 'NONE', #1283 ) ;
#1700 = CARTESIAN_POINT ( 'NONE',  ( 15.49999999999999822, 56.00000000000000711, 7.000000000000000000 ) ) ;
#1701 = FACE_OUTER_BOUND ( 'NONE', #1244, .T. ) ;
#1702 = DIRECTION ( 'NONE',  ( -1.000000000000000000, -1.734723475976807094E-16, -0.000000000000000000 ) ) ;
#1703 = EDGE_CURVE ( 'NONE', #25, #273, #947, .T. ) ;
#1704 = LINE ( 'NONE', #1004, #2264 ) ;
#1705 = EDGE_CURVE ( 'NONE', #1867, #918, #1144, .T. ) ;
#1706 = VERTEX_POINT ( 'NONE', #2233 ) ;
#1707 = ORIENTED_EDGE ( 'NONE', *, *, #1105, .T. ) ;
#1708 = CARTESIAN_POINT ( 'NONE',  ( 40.00000000000000000, 60.00000000000000711, 1.000000000000000000 ) ) ;
#1709 = FACE_OUTER_BOUND ( 'NONE', #1285, .T. ) ;
#1710 = VERTEX_POINT ( 'NONE', #1367 ) ;
#1711 = VECTOR ( 'NONE', #616, 1000.000000000000000 ) ;
#1712 = DIRECTION ( 'NONE',  ( -0.000000000000000000, 1.000000000000000000, -0.000000000000000000 ) ) ;
#1713 = DIRECTION ( 'NONE',  ( -1.000000000000000000, 0.000000000000000000, 0.000000000000000000 ) ) ;
#1714 = PLANE ( 'NONE',  #1388 ) ;
#1715 = VECTOR ( 'NONE', #306, 1000.000000000000000 ) ;
#1716 = CIRCLE ( 'NONE', #1121, 1.149999999999998135 ) ;
#1717 = ORIENTED_EDGE ( 'NONE', *, *, #466, .T. ) ;
#1718 = AXIS2_PLACEMENT_3D ( 'NONE', #1524, #266, #1677 ) ;
#1719 = ORIENTED_EDGE ( 'NONE', *, *, #739, .T. ) ;
#1720 = DIRECTION ( 'NONE',  ( 0.4999999999999996669, 0.8660254037844388186, 0.000000000000000000 ) ) ;
#1721 = DIRECTION ( 'NONE',  ( 0.000000000000000000, 0.000000000000000000, 1.000000000000000000 ) ) ;
#1722 = AXIS2_PLACEMENT_3D ( 'NONE', #64, #2129, #246 ) ;
#1723 = ORIENTED_EDGE ( 'NONE', *, *, #429, .F. ) ;
#1724 = AXIS2_PLACEMENT_3D ( 'NONE', #287, #1149, #1686 ) ;
#1725 = CARTESIAN_POINT ( 'NONE',  ( 22.00000000000000711, 30.49999999999999645, 2.000000000000000000 ) ) ;
#1726 =( BOUNDED_CURVE ( )  B_SPLINE_CURVE ( 3, ( #1731, #1393, #2096, #1870 ),
 .UNSPECIFIED., .F., .T. ) 
 B_SPLINE_CURVE_WITH_KNOTS ( ( 4, 4 ),
 ( 1.570796326794896558, 3.141592653589793116 ),
 .UNSPECIFIED. ) 
 CURVE ( )  GEOMETRIC_REPRESENTATION_ITEM ( )  RATIONAL_B_SPLINE_CURVE ( ( 1.000000000000000000, 0.8047378541243649375, 0.8047378541243649375, 1.000000000000000000 ) ) 
 REPRESENTATION_ITEM ( '' )  );
#1727 = CARTESIAN_POINT ( 'NONE',  ( 24.49999999999999645, 56.00000000000000711, 4.200000000000000178 ) ) ;
#1728 = ADVANCED_FACE ( 'NONE', ( #104 ), #294, .F. ) ;
#1729 = EDGE_LOOP ( 'NONE', ( #2044, #1229, #2257, #1668 ) ) ;
#1730 = CARTESIAN_POINT ( 'NONE',  ( 1.000000000000000000, 0.000000000000000000, 1.000000000000000000 ) ) ;
#1731 = CARTESIAN_POINT ( 'NONE',  ( 39.00000000000000000, 59.00000000000000711, 0.000000000000000000 ) ) ;
#1732 = DIRECTION ( 'NONE',  ( 0.000000000000000000, -0.000000000000000000, 1.000000000000000000 ) ) ;
#1733 = ORIENTED_EDGE ( 'NONE', *, *, #1565, .F. ) ;
#1734 = ADVANCED_FACE ( 'NONE', ( #447 ), #1714, .F. ) ;
#1735 = CARTESIAN_POINT ( 'NONE',  ( 0.000000000000000000, 0.000000000000000000, 9.000000000000001776 ) ) ;
#1736 = ORIENTED_EDGE ( 'NONE', *, *, #2176, .F. ) ;
#1737 = EDGE_CURVE ( 'NONE', #597, #2100, #1513, .T. ) ;
#1738 = ORIENTED_EDGE ( 'NONE', *, *, #516, .F. ) ;
#1739 = CARTESIAN_POINT ( 'NONE',  ( 33.78756443470179249, 2.400000000000005240, 0.000000000000000000 ) ) ;
#1740 = CARTESIAN_POINT ( 'NONE',  ( 33.78756443470178539, 53.39999999999999858, 2.799999999999999822 ) ) ;
#1741 = VERTEX_POINT ( 'NONE', #634 ) ;
#1742 = CARTESIAN_POINT ( 'NONE',  ( 35.00000000000000711, 4.500000000000003553, 0.000000000000000000 ) ) ;
#1743 = ADVANCED_FACE ( 'NONE', ( #1848 ), #474, .F. ) ;
#1744 = EDGE_LOOP ( 'NONE', ( #462, #1369 ) ) ;
#1745 = LINE ( 'NONE', #880, #2187 ) ;
#1746 = VECTOR ( 'NONE', #959, 1000.000000000000000 ) ;
#1747 = LINE ( 'NONE', #6, #541 ) ;
#1748 = AXIS2_PLACEMENT_3D ( 'NONE', #128, #293, #1883 ) ;
#1749 = EDGE_CURVE ( 'NONE', #738, #849, #1331, .T. ) ;
#1750 = APPLICATION_CONTEXT ( 'automotive_design' ) ;
#1751 = ORIENTED_EDGE ( 'NONE', *, *, #1779, .F. ) ;
#1752 = LINE ( 'NONE', #140, #1821 ) ;
#1753 = VECTOR ( 'NONE', #1702, 1000.000000000000000 ) ;
#1754 = CARTESIAN_POINT ( 'NONE',  ( 24.49999999999999645, 49.00000000000000000, 7.000000000000000000 ) ) ;
#1755 = AXIS2_PLACEMENT_3D ( 'NONE', #912, #1460, #901 ) ;
#1756 = EDGE_CURVE ( 'NONE', #248, #961, #2023, .T. ) ;
#1757 = LINE ( 'NONE', #719, #1866 ) ;
#1758 = ORIENTED_EDGE ( 'NONE', *, *, #1037, .F. ) ;
#1759 = DIRECTION ( 'NONE',  ( 0.000000000000000000, -1.000000000000000000, 0.000000000000000000 ) ) ;
#1760 = LINE ( 'NONE', #359, #1156 ) ;
#1761 = EDGE_LOOP ( 'NONE', ( #793, #1498 ) ) ;
#1762 = PLANE ( 'NONE',  #1458 ) ;
#1763 = FILL_AREA_STYLE ('',( #1374 ) ) ;
#1764 = EDGE_LOOP ( 'NONE', ( #1733, #1968, #1263, #757 ) ) ;
#1765 = DIRECTION ( 'NONE',  ( 0.8660254037844380415, -0.5000000000000012212, 0.000000000000000000 ) ) ;
#1766 = ADVANCED_FACE ( 'NONE', ( #2208 ), #974, .T. ) ;
#1767 = ORIENTED_EDGE ( 'NONE', *, *, #1010, .F. ) ;
#1768 = EDGE_CURVE ( 'NONE', #521, #1346, #141, .T. ) ;
#1769 = LINE ( 'NONE', #734, #421 ) ;
#1770 = EDGE_CURVE ( 'NONE', #1028, #309, #802, .T. ) ;
#1771 = ORIENTED_EDGE ( 'NONE', *, *, #1349, .T. ) ;
#1772 = DIRECTION ( 'NONE',  ( -1.000000000000000000, 0.000000000000000000, 0.000000000000000000 ) ) ;
#1773 = CARTESIAN_POINT ( 'NONE',  ( 7.500000000000005329, 56.00000000000000711, 6.000000000000000000 ) ) ;
#1774 = VERTEX_POINT ( 'NONE', #2196 ) ;
#1775 = DIRECTION ( 'NONE',  ( 1.000000000000000000, 0.000000000000000000, -0.000000000000000000 ) ) ;
#1776 = VECTOR ( 'NONE', #1648, 1000.000000000000000 ) ;
#1777 = ORIENTED_EDGE ( 'NONE', *, *, #270, .F. ) ;
#1778 = CARTESIAN_POINT ( 'NONE',  ( 24.49999999999999645, 56.00000000000000711, 2.000000000000000000 ) ) ;
#1779 = EDGE_CURVE ( 'NONE', #309, #1333, #2036, .T. ) ;
#1780 = VECTOR ( 'NONE', #574, 1000.000000000000000 ) ;
#1781 = ORIENTED_EDGE ( 'NONE', *, *, #1405, .T. ) ;
#1782 = CARTESIAN_POINT ( 'NONE',  ( 24.49999999999999645, 49.00000000000000000, 7.000000000000000000 ) ) ;
#1783 = VECTOR ( 'NONE', #1403, 1000.000000000000000 ) ;
#1784 = CARTESIAN_POINT ( 'NONE',  ( 33.78756443470179249, 2.400000000000005240, 2.799999999999999822 ) ) ;
#1785 = VERTEX_POINT ( 'NONE', #1159 ) ;
#1786 = AXIS2_PLACEMENT_3D ( 'NONE', #2219, #1512, #522 ) ;
#1787 = AXIS2_PLACEMENT_3D ( 'NONE', #750, #2167, #933 ) ;
#1788 = DIRECTION ( 'NONE',  ( -0.4999999999999948930, 0.8660254037844415942, 0.000000000000000000 ) ) ;
#1789 = CARTESIAN_POINT ( 'NONE',  ( 5.000000000000007994, 4.500000000000003553, 6.000000000000000000 ) ) ;
#1790 = LINE ( 'NONE', #1800, #1086 ) ;
#1791 = EDGE_CURVE ( 'NONE', #1378, #1333, #621, .T. ) ;
#1792 = PLANE ( 'NONE',  #1636 ) ;
#1793 = EDGE_LOOP ( 'NONE', ( #957, #310, #2017, #494 ) ) ;
#1794 = CARTESIAN_POINT ( 'NONE',  ( 33.78756443470179249, 57.60000000000000142, 2.799999999999999822 ) ) ;
#1795 = EDGE_CURVE ( 'NONE', #2172, #982, #2009, .T. ) ;
#1796 = CARTESIAN_POINT ( 'NONE',  ( 5.000000000000007994, 55.50000000000000000, 2.799999999999999822 ) ) ;
#1797 = ORIENTED_EDGE ( 'NONE', *, *, #867, .T. ) ;
#1798 = ADVANCED_FACE ( 'NONE', ( #1884 ), #282, .F. ) ;
#1799 = LINE ( 'NONE', #584, #1746 ) ;
#1800 = CARTESIAN_POINT ( 'NONE',  ( 13.69999999999999929, 56.00000000000000711, 2.000000000000000000 ) ) ;
#1801 = LINE ( 'NONE', #1645, #1230 ) ;
#1802 = EDGE_CURVE ( 'NONE', #233, #1741, #2153, .T. ) ;
#1803 = ORIENTED_EDGE ( 'NONE', *, *, #2235, .F. ) ;
#1804 = VERTEX_POINT ( 'NONE', #1525 ) ;
#1805 = CARTESIAN_POINT ( 'NONE',  ( 36.21243556529824303, 57.60000000000000142, 0.000000000000000000 ) ) ;
#1806 = ORIENTED_EDGE ( 'NONE', *, *, #754, .F. ) ;
#1807 = LINE ( 'NONE', #1291, #2147 ) ;
#1808 = EDGE_CURVE ( 'NONE', #597, #1849, #1552, .T. ) ;
#1809 = EDGE_CURVE ( 'NONE', #1851, #874, #155, .T. ) ;
#1810 = PLANE ( 'NONE',  #1929 ) ;
#1811 = DIRECTION ( 'NONE',  ( 0.000000000000000000, -0.000000000000000000, -1.000000000000000000 ) ) ;
#1812 = FACE_OUTER_BOUND ( 'NONE', #1045, .T. ) ;
#1813 = ORIENTED_EDGE ( 'NONE', *, *, #364, .T. ) ;
#1814 = ORIENTED_EDGE ( 'NONE', *, *, #1653, .F. ) ;
#1815 = LINE ( 'NONE', #57, #320 ) ;
#1816 = EDGE_CURVE ( 'NONE', #655, #1389, #319, .T. ) ;
#1817 = VECTOR ( 'NONE', #1992, 1000.000000000000114 ) ;
#1818 = ORIENTED_EDGE ( 'NONE', *, *, #1549, .T. ) ;
#1819 = AXIS2_PLACEMENT_3D ( 'NONE', #471, #1174, #2230 ) ;
#1820 = CARTESIAN_POINT ( 'NONE',  ( 32.57512886940357077, 55.49999999999999289, 0.000000000000000000 ) ) ;
#1821 = VECTOR ( 'NONE', #1318, 1000.000000000000000 ) ;
#1822 = EDGE_CURVE ( 'NONE', #1867, #253, #1559, .T. ) ;
#1823 = FACE_OUTER_BOUND ( 'NONE', #1608, .T. ) ;
#1824 = PLANE ( 'NONE',  #836 ) ;
#1825 = VECTOR ( 'NONE', #1836, 1000.000000000000000 ) ;
#1826 = ORIENTED_EDGE ( 'NONE', *, *, #1288, .F. ) ;
#1827 = AXIS2_PLACEMENT_3D ( 'NONE', #980, #952, #110 ) ;
#1828 = CARTESIAN_POINT ( 'NONE',  ( 32.50000000000000711, 56.00000000000000711, 2.000000000000000000 ) ) ;
#1829 = EDGE_LOOP ( 'NONE', ( #1289, #1976, #637, #1313, #1258 ) ) ;
#1830 = FACE_OUTER_BOUND ( 'NONE', #1462, .T. ) ;
#1831 = ORIENTED_EDGE ( 'NONE', *, *, #954, .F. ) ;
#1832 = DIRECTION ( 'NONE',  ( -1.000000000000000000, 0.000000000000000000, -0.000000000000000000 ) ) ;
#1833 = ORIENTED_EDGE ( 'NONE', *, *, #291, .T. ) ;
#1834 = CARTESIAN_POINT ( 'NONE',  ( 37.42487113059644344, 4.500000000000003553, 0.000000000000000000 ) ) ;
#1835 = CARTESIAN_POINT ( 'NONE',  ( 6.212435565298212836, 53.40000000000000568, 2.799999999999999822 ) ) ;
#1836 = DIRECTION ( 'NONE',  ( 1.000000000000000000, 1.224646799147353454E-16, -0.000000000000000000 ) ) ;
#1837 = VERTEX_POINT ( 'NONE', #676 ) ;
#1838 = FACE_OUTER_BOUND ( 'NONE', #2146, .T. ) ;
#1839 = EDGE_CURVE ( 'NONE', #1837, #153, #1376, .T. ) ;
#1840 = ORIENTED_EDGE ( 'NONE', *, *, #2203, .F. ) ;
#1841 = LINE ( 'NONE', #965, #1534 ) ;
#1842 = VERTEX_POINT ( 'NONE', #711 ) ;
#1843 = DIRECTION ( 'NONE',  ( 1.000000000000000000, 1.387778780781445676E-16, -0.000000000000000000 ) ) ;
#1844 = DIRECTION ( 'NONE',  ( -0.4999999999999996669, 0.8660254037844388186, 0.000000000000000000 ) ) ;
#1845 = VERTEX_POINT ( 'NONE', #544 ) ;
#1846 = CARTESIAN_POINT ( 'NONE',  ( 3.787564434701820026, 6.600000000000004086, 2.799999999999999822 ) ) ;
#1847 = PLANE ( 'NONE',  #1718 ) ;
#1848 = FACE_OUTER_BOUND ( 'NONE', #422, .T. ) ;
#1849 = VERTEX_POINT ( 'NONE', #1625 ) ;
#1850 = CARTESIAN_POINT ( 'NONE',  ( 3.787564434701798266, 57.60000000000000142, 2.799999999999999822 ) ) ;
#1851 = VERTEX_POINT ( 'NONE', #895 ) ;
#1852 = PLANE ( 'NONE',  #1724 ) ;
#1853 = ORIENTED_EDGE ( 'NONE', *, *, #1085, .F. ) ;
#1854 = EDGE_CURVE ( 'NONE', #846, #979, #1979, .T. ) ;
#1855 = CARTESIAN_POINT ( 'NONE',  ( 0.000000000000000000, 0.000000000000000000, 2.799999999999999822 ) ) ;
#1856 = FACE_OUTER_BOUND ( 'NONE', #450, .T. ) ;
#1857 = ORIENTED_EDGE ( 'NONE', *, *, #1349, .F. ) ;
#1858 = DIRECTION ( 'NONE',  ( 0.000000000000000000, 1.000000000000000000, -0.000000000000000000 ) ) ;
#1859 = VECTOR ( 'NONE', #1516, 1000.000000000000114 ) ;
#1860 = DIRECTION ( 'NONE',  ( 1.000000000000000000, 0.000000000000000000, 0.000000000000000000 ) ) ;
#1861 = CARTESIAN_POINT ( 'NONE',  ( 35.00000000000000711, 55.50000000000000000, 6.000000000000000000 ) ) ;
#1862 = VECTOR ( 'NONE', #1959, 1000.000000000000000 ) ;
#1863 = ORIENTED_EDGE ( 'NONE', *, *, #505, .F. ) ;
#1864 = CARTESIAN_POINT ( 'NONE',  ( 3.850000000000008082, 4.500000000000003553, 0.000000000000000000 ) ) ;
#1865 = VECTOR ( 'NONE', #274, 1000.000000000000000 ) ;
#1866 = VECTOR ( 'NONE', #1239, 1000.000000000000000 ) ;
#1867 = VERTEX_POINT ( 'NONE', #969 ) ;
#1868 = DIRECTION ( 'NONE',  ( -1.000000000000000000, -1.224646799147353454E-16, 0.000000000000000000 ) ) ;
#1869 = LINE ( 'NONE', #1201, #1343 ) ;
#1870 = CARTESIAN_POINT ( 'NONE',  ( 40.00000000000000000, 60.00000000000000711, 1.000000000000000000 ) ) ;
#1871 = EDGE_LOOP ( 'NONE', ( #114, #993, #554, #91 ) ) ;
#1872 = PLANE ( 'NONE',  #1927 ) ;
#1873 = EDGE_CURVE ( 'NONE', #1710, #797, #1337, .T. ) ;
#1874 = CARTESIAN_POINT ( 'NONE',  ( 26.29999999999999716, 56.00000000000000711, 2.000000000000000000 ) ) ;
#1875 = DIRECTION ( 'NONE',  ( 1.037312461032804148E-14, 1.000000000000000000, -0.000000000000000000 ) ) ;
#1876 = LINE ( 'NONE', #662, #1715 ) ;
#1877 = ORIENTED_EDGE ( 'NONE', *, *, #2130, .F. ) ;
#1878 = ORIENTED_EDGE ( 'NONE', *, *, #337, .T. ) ;
#1879 = DIRECTION ( 'NONE',  ( -1.000000000000000000, 0.000000000000000000, 0.000000000000000000 ) ) ;
#1880 = DIRECTION ( 'NONE',  ( -1.000000000000000000, 0.000000000000000000, 0.000000000000000000 ) ) ;
#1881 = EDGE_LOOP ( 'NONE', ( #1167, #1485, #1061, #1564 ) ) ;
#1882 = CARTESIAN_POINT ( 'NONE',  ( 3.787564434701798266, 57.60000000000000142, 2.799999999999999822 ) ) ;
#1883 = DIRECTION ( 'NONE',  ( 0.000000000000000000, -0.000000000000000000, 1.000000000000000000 ) ) ;
#1884 = FACE_OUTER_BOUND ( 'NONE', #1446, .T. ) ;
#1885 = CARTESIAN_POINT ( 'NONE',  ( 15.49999999999999822, 49.00000000000000000, 2.000000000000000000 ) ) ;
#1886 = VERTEX_POINT ( 'NONE', #2057 ) ;
#1887 = DIRECTION ( 'NONE',  ( 1.000000000000000000, 1.734723475976806848E-16, 0.000000000000000000 ) ) ;
#1888 = CARTESIAN_POINT ( 'NONE',  ( 35.00000000000000711, 55.50000000000000000, 0.000000000000000000 ) ) ;
#1889 = DIRECTION ( 'NONE',  ( -0.000000000000000000, -0.000000000000000000, -1.000000000000000000 ) ) ;
#1890 = CARTESIAN_POINT ( 'NONE',  ( 6.212435565298211060, 2.400000000000011902, 0.000000000000000000 ) ) ;
#1891 = ORIENTED_EDGE ( 'NONE', *, *, #784, .T. ) ;
#1892 = EDGE_CURVE ( 'NONE', #630, #1845, #820, .T. ) ;
#1893 = DIRECTION ( 'NONE',  ( 1.000000000000000000, 0.000000000000000000, 0.000000000000000000 ) ) ;
#1894 = DIRECTION ( 'NONE',  ( -0.000000000000000000, -0.000000000000000000, -1.000000000000000000 ) ) ;
#1895 = VECTOR ( 'NONE', #1433, 1000.000000000000000 ) ;
#1896 = AXIS2_PLACEMENT_3D ( 'NONE', #810, #642, #1107 ) ;
#1897 = ORIENTED_EDGE ( 'NONE', *, *, #1623, .F. ) ;
#1898 = VECTOR ( 'NONE', #2000, 1000.000000000000000 ) ;
#1899 = DIRECTION ( 'NONE',  ( 0.000000000000000000, 1.000000000000000000, 0.000000000000000000 ) ) ;
#1900 = DIRECTION ( 'NONE',  ( 0.8660254037844388186, -0.4999999999999996669, 0.000000000000000000 ) ) ;
#1901 = DIRECTION ( 'NONE',  ( -0.000000000000000000, -0.000000000000000000, -1.000000000000000000 ) ) ;
#1902 = ORIENTED_EDGE ( 'NONE', *, *, #754, .T. ) ;
#1903 = PLANE ( 'NONE',  #612 ) ;
#1904 = ADVANCED_FACE ( 'NONE', ( #1532 ), #481, .F. ) ;
#1905 = CARTESIAN_POINT ( 'NONE',  ( 3.850000000000008082, 4.500000000000003553, 2.799999999999999822 ) ) ;
#1906 = ORIENTED_EDGE ( 'NONE', *, *, #94, .T. ) ;
#1907 = EDGE_LOOP ( 'NONE', ( #132, #225, #677, #375 ) ) ;
#1908 = DIRECTION ( 'NONE',  ( -0.000000000000000000, -0.000000000000000000, -1.000000000000000000 ) ) ;
#1909 = LINE ( 'NONE', #1036, #1644 ) ;
#1910 = EDGE_CURVE ( 'NONE', #109, #846, #326, .T. ) ;
#1911 = VERTEX_POINT ( 'NONE', #356 ) ;
#1912 = DIRECTION ( 'NONE',  ( -0.4999999999999998335, -0.8660254037844387076, 0.000000000000000000 ) ) ;
#1913 = EDGE_CURVE ( 'NONE', #1189, #2041, #1031, .T. ) ;
#1914 = CARTESIAN_POINT ( 'NONE',  ( 36.21243556529822882, 6.600000000000005862, 0.000000000000000000 ) ) ;
#1915 = FACE_OUTER_BOUND ( 'NONE', #1729, .T. ) ;
#1916 = CARTESIAN_POINT ( 'NONE',  ( 33.78756443470179249, 57.60000000000000142, 0.000000000000000000 ) ) ;
#1917 = ADVANCED_FACE ( 'NONE', ( #1193, #831, #1709 ), #334, .F. ) ;
#1918 = ORIENTED_EDGE ( 'NONE', *, *, #113, .F. ) ;
#1919 = CARTESIAN_POINT ( 'NONE',  ( 6.212435565298240370, 6.599999999999979217, 0.000000000000000000 ) ) ;
#1920 = PRODUCT_DEFINITION ( 'UNKNOWN', '', #1567, #252 ) ;
#1921 = DIRECTION ( 'NONE',  ( -1.000000000000000000, 0.000000000000000000, 0.000000000000000000 ) ) ;
#1922 = VECTOR ( 'NONE', #1930, 1000.000000000000000 ) ;
#1923 = PLANE ( 'NONE',  #1352 ) ;
#1924 = AXIS2_PLACEMENT_3D ( 'NONE', #234, #1110, #1985 ) ;
#1925 = ORIENTED_EDGE ( 'NONE', *, *, #2177, .T. ) ;
#1926 = DIRECTION ( 'NONE',  ( -0.4999999999999993894, 0.8660254037844389297, 0.000000000000000000 ) ) ;
#1927 = AXIS2_PLACEMENT_3D ( 'NONE', #1216, #1566, #1912 ) ;
#1928 = DIRECTION ( 'NONE',  ( 0.000000000000000000, 1.000000000000000000, 0.000000000000000000 ) ) ;
#1929 = AXIS2_PLACEMENT_3D ( 'NONE', #1292, #946, #1655 ) ;
#1930 = DIRECTION ( 'NONE',  ( -0.000000000000000000, -0.000000000000000000, 1.000000000000000000 ) ) ;
#1931 = ORIENTED_EDGE ( 'NONE', *, *, #1940, .T. ) ;
#1932 = DIRECTION ( 'NONE',  ( -0.000000000000000000, -0.000000000000000000, -1.000000000000000000 ) ) ;
#1933 = VECTOR ( 'NONE', #1635, 1000.000000000000000 ) ;
#1934 = CARTESIAN_POINT ( 'NONE',  ( 21.00000000000001066, 40.49999999999999289, 2.000000000000000000 ) ) ;
#1935 = CIRCLE ( 'NONE', #1130, 1.149999999999999911 ) ;
#1936 = ORIENTED_EDGE ( 'NONE', *, *, #2174, .T. ) ;
#1937 = EDGE_CURVE ( 'NONE', #1842, #1851, #135, .T. ) ;
#1938 = LINE ( 'NONE', #1250, #1198 ) ;
#1939 = EDGE_CURVE ( 'NONE', #738, #1333, #529, .T. ) ;
#1940 = EDGE_CURVE ( 'NONE', #589, #827, #167, .T. ) ;
#1941 = ORIENTED_EDGE ( 'NONE', *, *, #714, .T. ) ;
#1942 = CARTESIAN_POINT ( 'NONE',  ( 21.00000000000001066, 38.49999999999999289, 7.000000000000000000 ) ) ;
#1943 = EDGE_LOOP ( 'NONE', ( #2095, #121 ) ) ;
#1944 = CARTESIAN_POINT ( 'NONE',  ( 24.49999999999999645, 56.00000000000000711, 4.200000000000000178 ) ) ;
#1945 = DIRECTION ( 'NONE',  ( 0.5000000000000017764, 0.8660254037844375974, 0.000000000000000000 ) ) ;
#1946 = VERTEX_POINT ( 'NONE', #2088 ) ;
#1947 = LINE ( 'NONE', #383, #1922 ) ;
#1948 = SHAPE_DEFINITION_REPRESENTATION ( #1499, #583 ) ;
#1949 = CARTESIAN_POINT ( 'NONE',  ( 32.57512886940357788, 4.500000000000009770, 0.000000000000000000 ) ) ;
#1950 = DIRECTION ( 'NONE',  ( -0.000000000000000000, -0.000000000000000000, 1.000000000000000000 ) ) ;
#1951 = ORIENTED_EDGE ( 'NONE', *, *, #340, .F. ) ;
#1952 = DIRECTION ( 'NONE',  ( -1.000000000000000000, 0.000000000000000000, 0.000000000000000000 ) ) ;
#1953 = ORIENTED_EDGE ( 'NONE', *, *, #841, .T. ) ;
#1954 = DIRECTION ( 'NONE',  ( 0.000000000000000000, 1.000000000000000000, 0.000000000000000000 ) ) ;
#1955 = SURFACE_SIDE_STYLE ('',( #1093 ) ) ;
#1956 = EDGE_LOOP ( 'NONE', ( #323, #2189, #1670, #1651 ) ) ;
#1957 = DIRECTION ( 'NONE',  ( 1.000000000000000000, 0.000000000000000000, -0.000000000000000000 ) ) ;
#1958 = ADVANCED_FACE ( 'NONE', ( #1915 ), #666, .F. ) ;
#1959 = DIRECTION ( 'NONE',  ( 0.000000000000000000, -1.000000000000000000, 0.000000000000000000 ) ) ;
#1960 = CARTESIAN_POINT ( 'NONE',  ( 0.4142135623730949789, 0.4142135623730951455, 3.586907429118599214E-17 ) ) ;
#1961 = PLANE ( 'NONE',  #502 ) ;
#1962 = VECTOR ( 'NONE', #2169, 1000.000000000000000 ) ;
#1963 = ORIENTED_EDGE ( 'NONE', *, *, #49, .F. ) ;
#1964 = ADVANCED_FACE ( 'NONE', ( #691 ), #314, .F. ) ;
#1965 = FACE_OUTER_BOUND ( 'NONE', #1474, .T. ) ;
#1966 = VECTOR ( 'NONE', #2119, 1000.000000000000000 ) ;
#1967 = LINE ( 'NONE', #197, #277 ) ;
#1968 = ORIENTED_EDGE ( 'NONE', *, *, #2191, .T. ) ;
#1969 = VECTOR ( 'NONE', #1350, 1000.000000000000000 ) ;
#1970 = DIRECTION ( 'NONE',  ( 0.000000000000000000, 0.000000000000000000, 1.000000000000000000 ) ) ;
#1971 = CARTESIAN_POINT ( 'NONE',  ( 39.00000000000000000, 59.00000000000000711, 0.000000000000000000 ) ) ;
#1972 = DIRECTION ( 'NONE',  ( 0.000000000000000000, -1.000000000000000000, 0.000000000000000000 ) ) ;
#1973 = EDGE_CURVE ( 'NONE', #769, #185, #1935, .T. ) ;
#1974 = EDGE_LOOP ( 'NONE', ( #98, #1826, #924, #1553 ) ) ;
#1975 = FACE_OUTER_BOUND ( 'NONE', #174, .T. ) ;
#1976 = ORIENTED_EDGE ( 'NONE', *, *, #949, .F. ) ;
#1977 = VERTEX_POINT ( 'NONE', #1890 ) ;
#1978 = LINE ( 'NONE', #405, #720 ) ;
#1979 = LINE ( 'NONE', #1104, #1933 ) ;
#1980 = EDGE_CURVE ( 'NONE', #284, #1248, #493, .T. ) ;
#1981 = ORIENTED_EDGE ( 'NONE', *, *, #1579, .T. ) ;
#1982 = CARTESIAN_POINT ( 'NONE',  ( 37.42487113059645054, 55.50000000000000000, 2.799999999999999822 ) ) ;
#1983 = LINE ( 'NONE', #1480, #1575 ) ;
#1984 = CARTESIAN_POINT ( 'NONE',  ( 15.49999999999999822, 49.00000000000000000, 7.000000000000000000 ) ) ;
#1985 = DIRECTION ( 'NONE',  ( -0.5000000000000017764, -0.8660254037844377084, 0.000000000000000000 ) ) ;
#1986 = ADVANCED_FACE ( 'NONE', ( #1022 ), #1372, .F. ) ;
#1987 = ORIENTED_EDGE ( 'NONE', *, *, #1400, .F. ) ;
#1988 = VERTEX_POINT ( 'NONE', #1043 ) ;
#1989 = CARTESIAN_POINT ( 'NONE',  ( 32.50000000000001421, 2.000000000000008882, 6.000000000000000000 ) ) ;
#1990 = EDGE_CURVE ( 'NONE', #168, #392, #1747, .T. ) ;
#1991 = EDGE_LOOP ( 'NONE', ( #1453, #2105 ) ) ;
#1992 = DIRECTION ( 'NONE',  ( 0.5000000000000017764, 0.8660254037844375974, 0.000000000000000000 ) ) ;
#1993 = DIRECTION ( 'NONE',  ( -0.000000000000000000, -0.000000000000000000, -1.000000000000000000 ) ) ;
#1994 = DIRECTION ( 'NONE',  ( 1.734723475976805369E-16, -1.000000000000000000, 0.000000000000000000 ) ) ;
#1995 = CARTESIAN_POINT ( 'NONE',  ( 24.49999999999999645, 56.00000000000000711, 7.000000000000000000 ) ) ;
#1996 = AXIS2_PLACEMENT_3D ( 'NONE', #69, #1475, #423 ) ;
#1997 = ORIENTED_EDGE ( 'NONE', *, *, #1521, .F. ) ;
#1998 = DIRECTION ( 'NONE',  ( 1.000000000000000000, 0.000000000000000000, 0.000000000000000000 ) ) ;
#1999 = ORIENTED_EDGE ( 'NONE', *, *, #987, .T. ) ;
#2000 = DIRECTION ( 'NONE',  ( -0.000000000000000000, -0.000000000000000000, -1.000000000000000000 ) ) ;
#2001 = VECTOR ( 'NONE', #216, 1000.000000000000000 ) ;
#2002 = EDGE_LOOP ( 'NONE', ( #1643, #1112, #2221, #415 ) ) ;
#2003 = AXIS2_PLACEMENT_3D ( 'NONE', #1742, #162, #1893 ) ;
#2004 = DIRECTION ( 'NONE',  ( 0.4999999999999986677, -0.8660254037844392627, 0.000000000000000000 ) ) ;
#2005 = VECTOR ( 'NONE', #1409, 1000.000000000000000 ) ;
#2006 = EDGE_CURVE ( 'NONE', #951, #1977, #1204, .T. ) ;
#2007 = CARTESIAN_POINT ( 'NONE',  ( 18.00000000000001066, 30.49999999999999645, 2.000000000000000000 ) ) ;
#2008 = PLANE ( 'NONE',  #1722 ) ;
#2009 = CIRCLE ( 'NONE', #1578, 1.149999999999998135 ) ;
#2010 = EDGE_CURVE ( 'NONE', #2069, #1988, #512, .T. ) ;
#2011 = EDGE_CURVE ( 'NONE', #248, #671, #1909, .T. ) ;
#2012 = ORIENTED_EDGE ( 'NONE', *, *, #1973, .F. ) ;
#2013 = AXIS2_PLACEMENT_3D ( 'NONE', #673, #1227, #177 ) ;
#2014 = DIRECTION ( 'NONE',  ( 0.8660254037844385966, 0.5000000000000003331, -0.000000000000000000 ) ) ;
#2015 = ORIENTED_EDGE ( 'NONE', *, *, #2179, .T. ) ;
#2016 = LINE ( 'NONE', #601, #432 ) ;
#2017 = ORIENTED_EDGE ( 'NONE', *, *, #1514, .F. ) ;
#2018 = CARTESIAN_POINT ( 'NONE',  ( 0.000000000000000000, 60.00000000000000000, 1.000000000000000000 ) ) ;
#2019 = LINE ( 'NONE', #17, #199 ) ;
#2020 = VERTEX_POINT ( 'NONE', #194 ) ;
#2021 = LINE ( 'NONE', #1511, #137 ) ;
#2022 = CARTESIAN_POINT ( 'NONE',  ( 24.49999999999999645, 56.00000000000000711, 7.000000000000000000 ) ) ;
#2023 = LINE ( 'NONE', #267, #395 ) ;
#2024 = EDGE_CURVE ( 'NONE', #1482, #1774, #23, .T. ) ;
#2025 = CARTESIAN_POINT ( 'NONE',  ( 40.00000000000000000, 4.898587196589413815E-15, 6.000000000000000000 ) ) ;
#2026 = ORIENTED_EDGE ( 'NONE', *, *, #113, .T. ) ;
#2027 = PLANE ( 'NONE',  #1996 ) ;
#2028 = ORIENTED_EDGE ( 'NONE', *, *, #1839, .F. ) ;
#2029 = FACE_OUTER_BOUND ( 'NONE', #1503, .T. ) ;
#2030 = DIRECTION ( 'NONE',  ( 1.000000000000000000, 0.000000000000000000, 0.000000000000000000 ) ) ;
#2031 = VERTEX_POINT ( 'NONE', #883 ) ;
#2032 = EDGE_CURVE ( 'NONE', #1561, #1842, #1242, .T. ) ;
#2033 = CARTESIAN_POINT ( 'NONE',  ( 32.50000000000000711, 56.00000000000000711, 2.000000000000000000 ) ) ;
#2034 = ADVANCED_FACE ( 'NONE', ( #122 ), #770, .F. ) ;
#2035 = LINE ( 'NONE', #990, #1084 ) ;
#2036 = LINE ( 'NONE', #2048, #1275 ) ;
#2037 = DIRECTION ( 'NONE',  ( -1.000000000000000000, 3.398092544762633625E-15, 0.000000000000000000 ) ) ;
#2038 = EDGE_CURVE ( 'NONE', #897, #125, #2016, .T. ) ;
#2039 = ORIENTED_EDGE ( 'NONE', *, *, #709, .T. ) ;
#2040 = DIRECTION ( 'NONE',  ( 1.000000000000000000, 0.000000000000000000, 0.000000000000000000 ) ) ;
#2041 = VERTEX_POINT ( 'NONE', #451 ) ;
#2042 = PLANE ( 'NONE',  #686 ) ;
#2043 = ADVANCED_FACE ( 'NONE', ( #779 ), #1852, .F. ) ;
#2044 = ORIENTED_EDGE ( 'NONE', *, *, #927, .T. ) ;
#2045 = LINE ( 'NONE', #2255, #204 ) ;
#2046 = VECTOR ( 'NONE', #86, 1000.000000000000000 ) ;
#2047 = CARTESIAN_POINT ( 'NONE',  ( 3.787564434701790272, 2.400000000000020339, 0.000000000000000000 ) ) ;
#2048 = CARTESIAN_POINT ( 'NONE',  ( 0.000000000000000000, 60.00000000000000000, 6.000000000000000000 ) ) ;
#2049 = AXIS2_PLACEMENT_3D ( 'NONE', #1782, #1954, #1266 ) ;
#2050 = CYLINDRICAL_SURFACE ( 'NONE', #650, 1.149999999999999911 ) ;
#2051 = VECTOR ( 'NONE', #1119, 1000.000000000000000 ) ;
#2052 = VECTOR ( 'NONE', #186, 1000.000000000000000 ) ;
#2053 = ORIENTED_EDGE ( 'NONE', *, *, #1092, .T. ) ;
#2054 = DIRECTION ( 'NONE',  ( 0.000000000000000000, 0.000000000000000000, -1.000000000000000000 ) ) ;
#2055 = CARTESIAN_POINT ( 'NONE',  ( 35.00000000000000711, 4.500000000000003553, 2.799999999999999822 ) ) ;
#2056 = PLANE ( 'NONE',  #1682 ) ;
#2057 = CARTESIAN_POINT ( 'NONE',  ( 22.00000000000000711, 35.49999999999999289, 9.000000000000001776 ) ) ;
#2058 = ORIENTED_EDGE ( 'NONE', *, *, #2191, .F. ) ;
#2059 = EDGE_CURVE ( 'NONE', #2205, #153, #817, .T. ) ;
#2060 = FACE_OUTER_BOUND ( 'NONE', #1793, .T. ) ;
#2061 = CARTESIAN_POINT ( 'NONE',  ( 7.500000000000005329, 56.00000000000000711, 2.000000000000000000 ) ) ;
#2062 = CARTESIAN_POINT ( 'NONE',  ( 0.000000000000000000, 60.00000000000000000, 6.000000000000000000 ) ) ;
#2063 = LINE ( 'NONE', #992, #1538 ) ;
#2064 = ORIENTED_EDGE ( 'NONE', *, *, #364, .F. ) ;
#2065 = EDGE_CURVE ( 'NONE', #1384, #944, #1138, .T. ) ;
#2066 = VERTEX_POINT ( 'NONE', #249 ) ;
#2067 = CARTESIAN_POINT ( 'NONE',  ( 40.00000000000000000, 4.898587196589413815E-15, 6.000000000000000000 ) ) ;
#2068 = DIRECTION ( 'NONE',  ( -0.000000000000000000, 0.000000000000000000, 1.000000000000000000 ) ) ;
#2069 = VERTEX_POINT ( 'NONE', #805 ) ;
#2070 = CARTESIAN_POINT ( 'NONE',  ( 22.00000000000000711, 35.49999999999999289, 2.000000000000000000 ) ) ;
#2071 = DIRECTION ( 'NONE',  ( -0.000000000000000000, -0.000000000000000000, 1.000000000000000000 ) ) ;
#2072 = DIRECTION ( 'NONE',  ( -0.000000000000000000, -0.000000000000000000, 1.000000000000000000 ) ) ;
#2073 = EDGE_LOOP ( 'NONE', ( #1707, #241, #1569, #1963 ) ) ;
#2074 = EDGE_LOOP ( 'NONE', ( #1101, #1425, #1902, #702 ) ) ;
#2075 = DIRECTION ( 'NONE',  ( -0.8660254037844385966, -0.5000000000000003331, 0.000000000000000000 ) ) ;
#2076 = DIRECTION ( 'NONE',  ( 0.000000000000000000, 1.000000000000000000, 0.000000000000000000 ) ) ;
#2077 = EDGE_LOOP ( 'NONE', ( #2236, #1017, #766, #363 ) ) ;
#2078 = DIRECTION ( 'NONE',  ( -0.000000000000000000, -0.000000000000000000, 1.000000000000000000 ) ) ;
#2079 = CARTESIAN_POINT ( 'NONE',  ( 26.29999999999999716, 49.00000000000000000, 7.000000000000000000 ) ) ;
#2080 = AXIS2_PLACEMENT_3D ( 'NONE', #1226, #1073, #1926 ) ;
#2081 = EDGE_CURVE ( 'NONE', #579, #1911, #791, .T. ) ;
#2082 = CARTESIAN_POINT ( 'NONE',  ( 32.57512886940357788, 4.500000000000009770, 2.799999999999999822 ) ) ;
#2083 = CIRCLE ( 'NONE', #389, 1.149999999999998135 ) ;
#2084 = ORIENTED_EDGE ( 'NONE', *, *, #755, .F. ) ;
#2085 = AXIS2_PLACEMENT_3D ( 'NONE', #227, #1634, #263 ) ;
#2086 = ORIENTED_EDGE ( 'NONE', *, *, #910, .T. ) ;
#2087 = LINE ( 'NONE', #510, #618 ) ;
#2088 = CARTESIAN_POINT ( 'NONE',  ( 32.50000000000000711, 56.00000000000000711, 6.000000000000000000 ) ) ;
#2089 = VECTOR ( 'NONE', #1587, 1000.000000000000000 ) ;
#2090 = EDGE_LOOP ( 'NONE', ( #165, #1918, #1363, #1519, #290, #1951 ) ) ;
#2091 = ADVANCED_FACE ( 'NONE', ( #1504 ), #261, .F. ) ;
#2092 = DIRECTION ( 'NONE',  ( -0.8660254037844344888, 0.5000000000000072164, 0.000000000000000000 ) ) ;
#2093 = ORIENTED_EDGE ( 'NONE', *, *, #291, .F. ) ;
#2094 = EDGE_CURVE ( 'NONE', #253, #48, #1841, .T. ) ;
#2095 = ORIENTED_EDGE ( 'NONE', *, *, #850, .F. ) ;
#2096 = CARTESIAN_POINT ( 'NONE',  ( 40.00000000000000000, 60.00000000000000711, 0.4142135623730948124 ) ) ;
#2097 = ORIENTED_EDGE ( 'NONE', *, *, #2010, .T. ) ;
#2098 = DIRECTION ( 'NONE',  ( 1.606225440719265627E-16, -1.000000000000000000, 0.000000000000000000 ) ) ;
#2099 = DIRECTION ( 'NONE',  ( 1.000000000000000000, -0.000000000000000000, -0.000000000000000000 ) ) ;
#2100 = VERTEX_POINT ( 'NONE', #1669 ) ;
#2101 = DIRECTION ( 'NONE',  ( -0.000000000000000000, -0.000000000000000000, -1.000000000000000000 ) ) ;
#2102 = ORIENTED_EDGE ( 'NONE', *, *, #1172, .F. ) ;
#2103 = CARTESIAN_POINT ( 'NONE',  ( 0.000000000000000000, 0.000000000000000000, 7.000000000000000000 ) ) ;
#2104 = CARTESIAN_POINT ( 'NONE',  ( 33.78756443470178539, 6.600000000000005862, 2.799999999999999822 ) ) ;
#2105 = ORIENTED_EDGE ( 'NONE', *, *, #1973, .T. ) ;
#2106 = EDGE_CURVE ( 'NONE', #2161, #1023, #463, .T. ) ;
#2107 = DIRECTION ( 'NONE',  ( -0.4999999999999987788, 0.8660254037844392627, 0.000000000000000000 ) ) ;
#2108 = EDGE_LOOP ( 'NONE', ( #826, #1478, #557, #641 ) ) ;
#2109 = CARTESIAN_POINT ( 'NONE',  ( 7.424871130596424784, 55.49999999999999289, 2.799999999999999822 ) ) ;
#2110 = AXIS2_PLACEMENT_3D ( 'NONE', #244, #774, #605 ) ;
#2111 = LINE ( 'NONE', #1063, #53 ) ;
#2112 = VECTOR ( 'NONE', #568, 1000.000000000000000 ) ;
#2113 = AXIS2_PLACEMENT_3D ( 'NONE', #1615, #38, #1445 ) ;
#2114 = ORIENTED_EDGE ( 'NONE', *, *, #1210, .T. ) ;
#2115 = DIRECTION ( 'NONE',  ( -0.000000000000000000, -0.000000000000000000, 1.000000000000000000 ) ) ;
#2116 = CARTESIAN_POINT ( 'NONE',  ( 2.575128869403592535, 4.500000000000021316, 0.000000000000000000 ) ) ;
#2117 = AXIS2_PLACEMENT_3D ( 'NONE', #2104, #1395, #1362 ) ;
#2118 = ORIENTED_EDGE ( 'NONE', *, *, #184, .F. ) ;
#2119 = DIRECTION ( 'NONE',  ( 0.4999999999999990563, 0.8660254037844391517, 0.000000000000000000 ) ) ;
#2120 = LINE ( 'NONE', #551, #143 ) ;
#2121 = ORIENTED_EDGE ( 'NONE', *, *, #2125, .F. ) ;
#2122 = FACE_OUTER_BOUND ( 'NONE', #1647, .T. ) ;
#2123 = EDGE_LOOP ( 'NONE', ( #1421, #935, #68, #1032 ) ) ;
#2124 = PLANE ( 'NONE',  #205 ) ;
#2125 = EDGE_CURVE ( 'NONE', #1396, #2069, #1165, .T. ) ;
#2126 = ORIENTED_EDGE ( 'NONE', *, *, #1653, .T. ) ;
#2127 = DIRECTION ( 'NONE',  ( -0.000000000000000000, -0.000000000000000000, -1.000000000000000000 ) ) ;
#2128 = CARTESIAN_POINT ( 'NONE',  ( 32.57512886940357788, 4.500000000000008882, 0.000000000000000000 ) ) ;
#2129 = DIRECTION ( 'NONE',  ( 0.000000000000000000, 0.000000000000000000, -1.000000000000000000 ) ) ;
#2130 = EDGE_CURVE ( 'NONE', #43, #206, #625, .T. ) ;
#2131 = ORIENTED_EDGE ( 'NONE', *, *, #688, .T. ) ;
#2132 = DIRECTION ( 'NONE',  ( 0.000000000000000000, -1.000000000000000000, 0.000000000000000000 ) ) ;
#2133 = LINE ( 'NONE', #1241, #792 ) ;
#2134 = ORIENTED_EDGE ( 'NONE', *, *, #905, .T. ) ;
#2135 = ORIENTED_EDGE ( 'NONE', *, *, #840, .F. ) ;
#2136 = PLANE ( 'NONE',  #1024 ) ;
#2137 = CARTESIAN_POINT ( 'NONE',  ( 15.49999999999999822, 49.00000000000000000, 7.000000000000000000 ) ) ;
#2138 = ORIENTED_EDGE ( 'NONE', *, *, #429, .T. ) ;
#2139 = EDGE_CURVE ( 'NONE', #1359, #2172, #994, .T. ) ;
#2140 = FACE_BOUND ( 'NONE', #1744, .T. ) ;
#2141 = FACE_OUTER_BOUND ( 'NONE', #2077, .T. ) ;
#2142 = CARTESIAN_POINT ( 'NONE',  ( 0.000000000000000000, 0.000000000000000000, 6.000000000000000000 ) ) ;
#2143 = ADVANCED_FACE ( 'NONE', ( #2171 ), #2027, .F. ) ;
#2144 = CARTESIAN_POINT ( 'NONE',  ( 6.212435565298212836, 53.40000000000000568, 2.799999999999999822 ) ) ;
#2145 = VECTOR ( 'NONE', #377, 1000.000000000000000 ) ;
#2146 = EDGE_LOOP ( 'NONE', ( #809, #1853, #1114, #1338 ) ) ;
#2147 = VECTOR ( 'NONE', #1523, 1000.000000000000000 ) ;
#2148 = ORIENTED_EDGE ( 'NONE', *, *, #1447, .F. ) ;
#2149 = PLANE ( 'NONE',  #795 ) ;
#2150 = VECTOR ( 'NONE', #1712, 1000.000000000000000 ) ;
#2151 = ORIENTED_EDGE ( 'NONE', *, *, #2006, .T. ) ;
#2152 = VECTOR ( 'NONE', #50, 1000.000000000000000 ) ;
#2153 = CIRCLE ( 'NONE', #354, 1.149999999999999023 ) ;
#2154 = ADVANCED_FACE ( 'NONE', ( #1830 ), #1659, .F. ) ;
#2155 = DIRECTION ( 'NONE',  ( -0.000000000000000000, -0.000000000000000000, -1.000000000000000000 ) ) ;
#2156 = CARTESIAN_POINT ( 'NONE',  ( 6.212435565298210172, 57.60000000000000142, 0.000000000000000000 ) ) ;
#2157 = ORIENTED_EDGE ( 'NONE', *, *, #2059, .T. ) ;
#2158 = CARTESIAN_POINT ( 'NONE',  ( 24.49999999999999645, 56.00000000000000711, 4.200000000000000178 ) ) ;
#2159 = EDGE_CURVE ( 'NONE', #846, #1785, #1938, .T. ) ;
#2160 = ORIENTED_EDGE ( 'NONE', *, *, #1406, .F. ) ;
#2161 = VERTEX_POINT ( 'NONE', #558 ) ;
#2162 = CARTESIAN_POINT ( 'NONE',  ( 13.69999999999999929, 56.00000000000000711, 7.000000000000000000 ) ) ;
#2163 = UNCERTAINTY_MEASURE_WITH_UNIT (LENGTH_MEASURE( 1.000000000000000082E-05 ), #2188, 'distance_accuracy_value', 'NONE');
#2164 = EDGE_LOOP ( 'NONE', ( #2015, #2118, #582, #1072 ) ) ;
#2165 = CARTESIAN_POINT ( 'NONE',  ( 37.42487113059644344, 4.500000000000003553, 2.799999999999999822 ) ) ;
#2166 = CARTESIAN_POINT ( 'NONE',  ( 33.78756443470178539, 6.600000000000005862, 0.000000000000000000 ) ) ;
#2167 = DIRECTION ( 'NONE',  ( -0.000000000000000000, 0.000000000000000000, 1.000000000000000000 ) ) ;
#2168 = ORIENTED_EDGE ( 'NONE', *, *, #1197, .F. ) ;
#2169 = DIRECTION ( 'NONE',  ( -0.000000000000000000, -0.000000000000000000, -1.000000000000000000 ) ) ;
#2170 = VERTEX_POINT ( 'NONE', #1259 ) ;
#2171 = FACE_OUTER_BOUND ( 'NONE', #1465, .T. ) ;
#2172 = VERTEX_POINT ( 'NONE', #1070 ) ;
#2173 = CARTESIAN_POINT ( 'NONE',  ( 19.00000000000001066, 40.49999999999999289, 7.000000000000000000 ) ) ;
#2174 = EDGE_CURVE ( 'NONE', #2020, #1492, #1947, .T. ) ;
#2175 = EDGE_LOOP ( 'NONE', ( #343, #262, #970, #288 ) ) ;
#2176 = EDGE_CURVE ( 'NONE', #552, #630, #1056, .T. ) ;
#2177 = EDGE_CURVE ( 'NONE', #1389, #297, #1760, .T. ) ;
#2178 = CARTESIAN_POINT ( 'NONE',  ( 0.000000000000000000, 0.000000000000000000, 6.000000000000000000 ) ) ;
#2179 = EDGE_CURVE ( 'NONE', #2041, #1278, #330, .T. ) ;
#2180 = CARTESIAN_POINT ( 'NONE',  ( 15.49999999999999822, 49.00000000000000000, 2.000000000000000000 ) ) ;
#2181 = DIRECTION ( 'NONE',  ( 0.5000000000000002220, -0.8660254037844384856, 0.000000000000000000 ) ) ;
#2182 = DIRECTION ( 'NONE',  ( -1.000000000000000000, 0.000000000000000000, 0.000000000000000000 ) ) ;
#2183 = ORIENTED_EDGE ( 'NONE', *, *, #737, .T. ) ;
#2184 = DIRECTION ( 'NONE',  ( -3.398092544762633625E-15, -1.000000000000000000, 0.000000000000000000 ) ) ;
#2185 = EDGE_LOOP ( 'NONE', ( #1200, #187, #1719, #2223, #39, #1505, #70, #156, #1311, #761, #1064, #1680, #1997, #1626 ) ) ;
#2186 = CARTESIAN_POINT ( 'NONE',  ( 36.15000000000000568, 55.50000000000000000, 2.799999999999999822 ) ) ;
#2187 = VECTOR ( 'NONE', #1590, 1000.000000000000000 ) ;
#2188 =( LENGTH_UNIT ( ) NAMED_UNIT ( * ) SI_UNIT ( .MILLI., .METRE. ) );
#2189 = ORIENTED_EDGE ( 'NONE', *, *, #2209, .F. ) ;
#2190 = VECTOR ( 'NONE', #169, 1000.000000000000000 ) ;
#2191 = EDGE_CURVE ( 'NONE', #106, #1392, #1418, .T. ) ;
#2192 = PRODUCT ( 'back-rp2040-v0', 'back-rp2040-v0', '', ( #454 ) ) ;
#2193 = LINE ( 'NONE', #1846, #1116 ) ;
#2194 = VECTOR ( 'NONE', #627, 1000.000000000000000 ) ;
#2195 = CARTESIAN_POINT ( 'NONE',  ( 22.00000000000000711, 30.49999999999999645, 9.000000000000001776 ) ) ;
#2196 = CARTESIAN_POINT ( 'NONE',  ( 7.424871130596423896, 4.500000000000003553, 2.799999999999999822 ) ) ;
#2197 = VECTOR ( 'NONE', #1972, 1000.000000000000000 ) ;
#2198 = CARTESIAN_POINT ( 'NONE',  ( 13.69999999999999929, 49.00000000000000000, 2.000000000000000000 ) ) ;
#2199 = ORIENTED_EDGE ( 'NONE', *, *, #1199, .T. ) ;
#2200 = CARTESIAN_POINT ( 'NONE',  ( 2.575128869403592535, 4.500000000000021316, 2.799999999999999822 ) ) ;
#2201 = ORIENTED_EDGE ( 'NONE', *, *, #815, .T. ) ;
#2202 = DIRECTION ( 'NONE',  ( -0.000000000000000000, -0.000000000000000000, -1.000000000000000000 ) ) ;
#2203 = EDGE_CURVE ( 'NONE', #941, #827, #963, .T. ) ;
#2204 = APPLICATION_PROTOCOL_DEFINITION ( 'draft international standard', 'automotive_design', 1998, #1750 ) ;
#2205 = VERTEX_POINT ( 'NONE', #1 ) ;
#2206 = DIRECTION ( 'NONE',  ( -0.000000000000000000, -1.000000000000000000, -0.000000000000000000 ) ) ;
#2207 = CARTESIAN_POINT ( 'NONE',  ( 33.78756443470178539, 6.600000000000005862, 2.799999999999999822 ) ) ;
#2208 = FACE_OUTER_BOUND ( 'NONE', #1034, .T. ) ;
#2209 = EDGE_CURVE ( 'NONE', #1248, #552, #1440, .T. ) ;
#2210 = DIRECTION ( 'NONE',  ( 1.000000000000000000, 0.000000000000000000, 0.000000000000000000 ) ) ;
#2211 = EDGE_CURVE ( 'NONE', #2161, #1396, #2019, .T. ) ;
#2212 = ORIENTED_EDGE ( 'NONE', *, *, #931, .T. ) ;
#2213 = DIRECTION ( 'NONE',  ( -0.000000000000000000, -1.000000000000000000, -0.000000000000000000 ) ) ;
#2214 = ORIENTED_EDGE ( 'NONE', *, *, #2038, .F. ) ;
#2215 = FACE_OUTER_BOUND ( 'NONE', #1547, .T. ) ;
#2216 = ORIENTED_EDGE ( 'NONE', *, *, #1809, .T. ) ;
#2217 = CARTESIAN_POINT ( 'NONE',  ( 15.49999999999999822, 60.00000000000000000, 4.200000000000000178 ) ) ;
#2218 = EDGE_CURVE ( 'NONE', #438, #589, #1509, .T. ) ;
#2219 = CARTESIAN_POINT ( 'NONE',  ( 35.00000000000000711, 4.500000000000003553, 0.000000000000000000 ) ) ;
#2220 = DIRECTION ( 'NONE',  ( 1.000000000000000000, 0.000000000000000000, 0.000000000000000000 ) ) ;
#2221 = ORIENTED_EDGE ( 'NONE', *, *, #1816, .F. ) ;
#2222 = DIRECTION ( 'NONE',  ( -0.4999999999999948930, 0.8660254037844415942, 0.000000000000000000 ) ) ;
#2223 = ORIENTED_EDGE ( 'NONE', *, *, #49, .T. ) ;
#2224 = EDGE_CURVE ( 'NONE', #1585, #944, #1662, .T. ) ;
#2225 = ORIENTED_EDGE ( 'NONE', *, *, #160, .F. ) ;
#2226 = ADVANCED_FACE ( 'NONE', ( #212 ), #888, .F. ) ;
#2227 = PLANE ( 'NONE',  #1237 ) ;
#2228 = ORIENTED_EDGE ( 'NONE', *, *, #337, .F. ) ;
#2229 = VECTOR ( 'NONE', #1759, 1000.000000000000000 ) ;
#2230 = DIRECTION ( 'NONE',  ( 0.000000000000000000, 0.000000000000000000, 1.000000000000000000 ) ) ;
#2231 = AXIS2_PLACEMENT_3D ( 'NONE', #1784, #896, #694 ) ;
#2232 = CARTESIAN_POINT ( 'NONE',  ( 19.00000000000001066, 40.49999999999999289, 7.000000000000000000 ) ) ;
#2233 = CARTESIAN_POINT ( 'NONE',  ( 36.15000000000000568, 4.500000000000003553, 6.000000000000000000 ) ) ;
#2234 = VECTOR ( 'NONE', #999, 1000.000000000000000 ) ;
#2235 = EDGE_CURVE ( 'NONE', #2100, #1585, #549, .T. ) ;
#2236 = ORIENTED_EDGE ( 'NONE', *, *, #1683, .T. ) ;
#2237 = DIRECTION ( 'NONE',  ( -1.000000000000000000, 0.000000000000000000, 0.000000000000000000 ) ) ;
#2238 = CIRCLE ( 'NONE', #1755, 1.149999999999998135 ) ;
#2239 = VECTOR ( 'NONE', #1901, 1000.000000000000000 ) ;
#2240 = ORIENTED_EDGE ( 'NONE', *, *, #1770, .F. ) ;
#2241 = ORIENTED_EDGE ( 'NONE', *, *, #1737, .T. ) ;
#2242 = ADVANCED_FACE ( 'NONE', ( #1856 ), #97, .T. ) ;
#2243 = LINE ( 'NONE', #765, #2197 ) ;
#2244 = DIRECTION ( 'NONE',  ( -0.000000000000000000, -0.000000000000000000, 1.000000000000000000 ) ) ;
#2245 = DIRECTION ( 'NONE',  ( -0.5000000000000008882, 0.8660254037844380415, 0.000000000000000000 ) ) ;
#2246 = ORIENTED_EDGE ( 'NONE', *, *, #1579, .F. ) ;
#2247 = DIRECTION ( 'NONE',  ( -0.5000000000000003331, 0.8660254037844384856, 0.000000000000000000 ) ) ;
#2248 = FACE_OUTER_BOUND ( 'NONE', #1618, .T. ) ;
#2249 = DIRECTION ( 'NONE',  ( -0.000000000000000000, -0.000000000000000000, -1.000000000000000000 ) ) ;
#2250 = EDGE_LOOP ( 'NONE', ( #295, #1592, #2246, #997 ) ) ;
#2251 = CARTESIAN_POINT ( 'NONE',  ( 39.00000000000000000, 1.000000000000004885, 0.000000000000000000 ) ) ;
#2252 = DIRECTION ( 'NONE',  ( -0.8660254037844380415, -0.5000000000000009992, 0.000000000000000000 ) ) ;
#2253 = CARTESIAN_POINT ( 'NONE',  ( 18.00000000000001066, 30.49999999999999645, 9.000000000000001776 ) ) ;
#2254 = ORIENTED_EDGE ( 'NONE', *, *, #466, .F. ) ;
#2255 = CARTESIAN_POINT ( 'NONE',  ( 13.69999999999999929, 56.00000000000000711, 7.000000000000000000 ) ) ;
#2256 = DIRECTION ( 'NONE',  ( 1.000000000000000000, -0.000000000000000000, -0.000000000000000000 ) ) ;
#2257 = ORIENTED_EDGE ( 'NONE', *, *, #709, .F. ) ;
#2258 = EDGE_LOOP ( 'NONE', ( #123, #1215, #2135, #778 ) ) ;
#2259 = DIRECTION ( 'NONE',  ( -0.5000000000000008882, -0.8660254037844381525, 0.000000000000000000 ) ) ;
#2260 = CARTESIAN_POINT ( 'NONE',  ( 21.00000000000001066, 38.49999999999999289, 7.000000000000000000 ) ) ;
#2261 = ORIENTED_EDGE ( 'NONE', *, *, #840, .T. ) ;
#2262 = DIRECTION ( 'NONE',  ( 0.000000000000000000, -0.000000000000000000, 1.000000000000000000 ) ) ;
#2263 = ADVANCED_FACE ( 'NONE', ( #1260, #730, #1491, #398, #1326 ), #899, .F. ) ;
#2264 = VECTOR ( 'NONE', #2222, 999.9999999999998863 ) ;
#2265 =( BOUNDED_CURVE ( )  B_SPLINE_CURVE ( 3, ( #596, #741, #1960, #1611 ),
 .UNSPECIFIED., .F., .T. ) 
 B_SPLINE_CURVE_WITH_KNOTS ( ( 4, 4 ),
 ( 0.000000000000000000, 1.570796326794896558 ),
 .UNSPECIFIED. ) 
 CURVE ( )  GEOMETRIC_REPRESENTATION_ITEM ( )  RATIONAL_B_SPLINE_CURVE ( ( 1.000000000000000000, 0.8047378541243649375, 0.8047378541243649375, 1.000000000000000000 ) ) 
 REPRESENTATION_ITEM ( '' )  );
#2266 = LINE ( 'NONE', #1949, #1966 ) ;
#2267 = VECTOR ( 'NONE', #1597, 1000.000000000000000 ) ;
#2268 = AXIS2_PLACEMENT_3D ( 'NONE', #492, #830, #1182 ) ;
#2269 = ORIENTED_EDGE ( 'NONE', *, *, #219, .T. ) ;
#2270 = LINE ( 'NONE', #1192, #868 ) ;
#2271 = DIRECTION ( 'NONE',  ( -0.000000000000000000, -0.000000000000000000, -1.000000000000000000 ) ) ;
#2272 = AXIS2_PLACEMENT_3D ( 'NONE', #223, #214, #1811 ) ;
#2273 = ORIENTED_EDGE ( 'NONE', *, *, #190, .T. ) ;
#2274 = DIRECTION ( 'NONE',  ( -0.5000000000000011102, -0.8660254037844379305, 0.000000000000000000 ) ) ;
#2275 = VERTEX_POINT ( 'NONE', #1596 ) ;
ENDSEC;
END-ISO-10303-21;
