ISO-10303-21;
HEADER;
FILE_DESCRIPTION (( 'STEP AP214' ),
    '1' );
FILE_NAME ('front-v0.STEP',
    '2026-09-05T22:56:51',
    ( '' ),
    ( '' ),
    'SwSTEP 2.0',
    'SolidWorks 2026',
    '' );
FILE_SCHEMA (( 'AUTOMOTIVE_DESIGN' ));
ENDSEC;

DATA;
#1 = FACE_BOUND ( 'NONE', #927, .T. ) ;
#2 = EDGE_CURVE ( 'NONE', #349, #300, #639, .T. ) ;
#3 = FACE_OUTER_BOUND ( 'NONE', #826, .T. ) ;
#4 = CIRCLE ( 'NONE', #1028, 2.149999999999999023 ) ;
#5 = CARTESIAN_POINT ( 'NONE',  ( 0.000000000000000000, 0.000000000000000000, 0.000000000000000000 ) ) ;
#6 = COLOUR_RGB ( '',0.7921568627450980005, 0.8196078431372548767, 0.9333333333333333481 ) ;
#7 = ORIENTED_EDGE ( 'NONE', *, *, #268, .F. ) ;
#8 = EDGE_LOOP ( 'NONE', ( #1081, #748, #466, #311 ) ) ;
#9 = APPLICATION_PROTOCOL_DEFINITION ( 'draft international standard', 'automotive_design', 1998, #906 ) ;
#10 = DIRECTION ( 'NONE',  ( 1.000000000000000000, 0.000000000000000000, 0.000000000000000000 ) ) ;
#11 = ADVANCED_FACE ( 'NONE', ( #1292 ), #761, .F. ) ;
#12 = FACE_BOUND ( 'NONE', #597, .T. ) ;
#13 = DIRECTION ( 'NONE',  ( 1.000000000000000000, -2.775557561562890858E-16, 0.000000000000000000 ) ) ;
#14 = ORIENTED_EDGE ( 'NONE', *, *, #504, .F. ) ;
#15 = ORIENTED_EDGE ( 'NONE', *, *, #208, .F. ) ;
#16 = CIRCLE ( 'NONE', #684, 1.149999999999999911 ) ;
#17 = LINE ( 'NONE', #749, #1160 ) ;
#18 = CARTESIAN_POINT ( 'NONE',  ( 36.15000000000000568, 55.50000000000000000, 2.600000000000000533 ) ) ;
#19 = LINE ( 'NONE', #552, #674 ) ;
#20 = EDGE_CURVE ( 'NONE', #954, #1158, #996, .T. ) ;
#21 = DIRECTION ( 'NONE',  ( -1.131341397376178572E-16, -1.000000000000000000, 0.000000000000000000 ) ) ;
#22 = ORIENTED_EDGE ( 'NONE', *, *, #1303, .F. ) ;
#23 = SURFACE_SIDE_STYLE ('',( #1321 ) ) ;
#24 = CIRCLE ( 'NONE', #805, 2.149999999999999023 ) ;
#25 = EDGE_LOOP ( 'NONE', ( #1346, #503, #838, #530 ) ) ;
#26 = FACE_OUTER_BOUND ( 'NONE', #1301, .T. ) ;
#27 = CYLINDRICAL_SURFACE ( 'NONE', #1290, 2.149999999999999023 ) ;
#28 = ORIENTED_EDGE ( 'NONE', *, *, #1169, .T. ) ;
#29 = EDGE_CURVE ( 'NONE', #570, #735, #578, .T. ) ;
#30 = DIRECTION ( 'NONE',  ( 1.000000000000000000, -1.927470528863119049E-16, -0.000000000000000000 ) ) ;
#31 = ORIENTED_EDGE ( 'NONE', *, *, #923, .T. ) ;
#32 = LINE ( 'NONE', #131, #1096 ) ;
#33 = EDGE_LOOP ( 'NONE', ( #84, #353 ) ) ;
#34 = ADVANCED_FACE ( 'NONE', ( #1329 ), #27, .F. ) ;
#35 = ORIENTED_EDGE ( 'NONE', *, *, #551, .T. ) ;
#36 =( GEOMETRIC_REPRESENTATION_CONTEXT ( 3 ) GLOBAL_UNCERTAINTY_ASSIGNED_CONTEXT ( ( #625 ) ) GLOBAL_UNIT_ASSIGNED_CONTEXT ( ( #1387, #1272, #1379 ) ) REPRESENTATION_CONTEXT ( 'NONE', 'WORKASPACE' ) );
#37 = VECTOR ( 'NONE', #641, 1000.000000000000000 ) ;
#38 = CARTESIAN_POINT ( 'NONE',  ( 36.15000000000000568, 4.500000000000003553, 2.600000000000000533 ) ) ;
#39 = CARTESIAN_POINT ( 'NONE',  ( 38.00000000000000711, 58.24999999999999289, 1.199999999999999956 ) ) ;
#40 = DIRECTION ( 'NONE',  ( -1.131341397376178819E-16, -1.000000000000000000, 0.000000000000000000 ) ) ;
#41 = ORIENTED_EDGE ( 'NONE', *, *, #258, .F. ) ;
#42 = ADVANCED_FACE ( 'NONE', ( #987 ), #139, .F. ) ;
#43 = ORIENTED_EDGE ( 'NONE', *, *, #29, .T. ) ;
#44 = AXIS2_PLACEMENT_3D ( 'NONE', #277, #785, #800 ) ;
#45 = CARTESIAN_POINT ( 'NONE',  ( 1.999999999999998224, 1.750000000000005107, 1.199999999999999956 ) ) ;
#46 = FACE_OUTER_BOUND ( 'NONE', #1056, .T. ) ;
#47 = CARTESIAN_POINT ( 'NONE',  ( 2.900000000000003464, 53.00000000000000000, 1.199999999999999734 ) ) ;
#48 = DIRECTION ( 'NONE',  ( -0.000000000000000000, -0.000000000000000000, -1.000000000000000000 ) ) ;
#49 = AXIS2_PLACEMENT_3D ( 'NONE', #573, #40, #995 ) ;
#50 = ORIENTED_EDGE ( 'NONE', *, *, #752, .T. ) ;
#51 = CARTESIAN_POINT ( 'NONE',  ( 7.500000000000016875, 54.12500000000000000, 3.700000000000000178 ) ) ;
#52 = LINE ( 'NONE', #476, #241 ) ;
#53 = EDGE_CURVE ( 'NONE', #813, #1304, #557, .T. ) ;
#54 = CARTESIAN_POINT ( 'NONE',  ( 5.000000000000007994, 55.50000000000000000, 2.600000000000000533 ) ) ;
#55 = DIRECTION ( 'NONE',  ( 1.000000000000000000, -0.000000000000000000, -0.000000000000000000 ) ) ;
#56 = ORIENTED_EDGE ( 'NONE', *, *, #806, .T. ) ;
#57 = AXIS2_PLACEMENT_3D ( 'NONE', #1038, #1258, #280 ) ;
#58 = PLANE ( 'NONE',  #402 ) ;
#59 = DIRECTION ( 'NONE',  ( 1.000000000000000000, 0.000000000000000000, -0.000000000000000000 ) ) ;
#60 = CARTESIAN_POINT ( 'NONE',  ( 0.000000000000000000, 60.00000000000000000, 4.000000000000000000 ) ) ;
#61 = EDGE_CURVE ( 'NONE', #620, #612, #756, .T. ) ;
#62 = CARTESIAN_POINT ( 'NONE',  ( 7.150000000000007461, 4.500000000000003553, 5.000000000000000000 ) ) ;
#63 = AXIS2_PLACEMENT_3D ( 'NONE', #544, #969, #1078 ) ;
#64 = ORIENTED_EDGE ( 'NONE', *, *, #869, .T. ) ;
#65 = CARTESIAN_POINT ( 'NONE',  ( 35.00000000000000711, 55.50000000000000000, 2.600000000000000533 ) ) ;
#66 = PLANE ( 'NONE',  #107 ) ;
#67 = CARTESIAN_POINT ( 'NONE',  ( 39.00000000000000000, 60.00000000000000711, 5.000000000000000000 ) ) ;
#68 = LINE ( 'NONE', #932, #481 ) ;
#69 = DIRECTION ( 'NONE',  ( -0.000000000000000000, -0.000000000000000000, 1.000000000000000000 ) ) ;
#70 = ADVANCED_FACE ( 'NONE', ( #1093 ), #1218, .F. ) ;
#71 = ORIENTED_EDGE ( 'NONE', *, *, #837, .F. ) ;
#72 = AXIS2_PLACEMENT_3D ( 'NONE', #1190, #863, #648 ) ;
#73 = VERTEX_POINT ( 'NONE', #257 ) ;
#74 = CARTESIAN_POINT ( 'NONE',  ( 5.000000000000007994, 4.500000000000003553, 0.000000000000000000 ) ) ;
#75 = CARTESIAN_POINT ( 'NONE',  ( 0.000000000000000000, 0.000000000000000000, 5.000000000000000000 ) ) ;
#76 = CARTESIAN_POINT ( 'NONE',  ( 5.000000000000007994, 4.500000000000003553, 1.199999999999999956 ) ) ;
#77 = ORIENTED_EDGE ( 'NONE', *, *, #662, .F. ) ;
#78 = EDGE_LOOP ( 'NONE', ( #1253, #1315 ) ) ;
#79 = DIRECTION ( 'NONE',  ( 1.000000000000000000, 1.734723475976807094E-16, -0.000000000000000000 ) ) ;
#80 = CIRCLE ( 'NONE', #1083, 1.149999999999998135 ) ;
#81 = LINE ( 'NONE', #166, #460 ) ;
#82 = CARTESIAN_POINT ( 'NONE',  ( 37.10000000000000853, 53.00000000000000000, 1.199999999999999734 ) ) ;
#83 = ORIENTED_EDGE ( 'NONE', *, *, #306, .T. ) ;
#84 = ORIENTED_EDGE ( 'NONE', *, *, #1189, .T. ) ;
#85 = EDGE_CURVE ( 'NONE', #735, #325, #356, .T. ) ;
#86 = FACE_OUTER_BOUND ( 'NONE', #178, .T. ) ;
#87 = ORIENTED_EDGE ( 'NONE', *, *, #297, .T. ) ;
#88 = DIRECTION ( 'NONE',  ( 1.000000000000000000, 0.000000000000000000, 0.000000000000000000 ) ) ;
#89 = CIRCLE ( 'NONE', #1001, 2.149999999999999023 ) ;
#90 = CIRCLE ( 'NONE', #1115, 1.149999999999999911 ) ;
#91 = ORIENTED_EDGE ( 'NONE', *, *, #315, .T. ) ;
#92 = CARTESIAN_POINT ( 'NONE',  ( 32.50000000000002132, 54.12499999999999289, 1.199999999999999956 ) ) ;
#93 = CARTESIAN_POINT ( 'NONE',  ( 6.150000000000007461, 55.50000000000000000, 2.600000000000000533 ) ) ;
#94 = ORIENTED_EDGE ( 'NONE', *, *, #568, .T. ) ;
#95 = DIRECTION ( 'NONE',  ( 1.000000000000000000, 0.000000000000000000, -0.000000000000000000 ) ) ;
#96 = ORIENTED_EDGE ( 'NONE', *, *, #461, .F. ) ;
#97 = ORIENTED_EDGE ( 'NONE', *, *, #1259, .F. ) ;
#98 = FACE_BOUND ( 'NONE', #502, .T. ) ;
#99 = CIRCLE ( 'NONE', #281, 2.149999999999999023 ) ;
#100 = CARTESIAN_POINT ( 'NONE',  ( 5.000000000000007994, 55.50000000000000000, 2.600000000000000533 ) ) ;
#101 = ORIENTED_EDGE ( 'NONE', *, *, #1006, .T. ) ;
#102 = CARTESIAN_POINT ( 'NONE',  ( 32.50000000000002132, 54.12499999999999289, 3.700000000000000178 ) ) ;
#103 = VERTEX_POINT ( 'NONE', #872 ) ;
#104 = EDGE_CURVE ( 'NONE', #1325, #1222, #1099, .T. ) ;
#105 = CIRCLE ( 'NONE', #529, 1.149999999999998135 ) ;
#106 = CARTESIAN_POINT ( 'NONE',  ( 0.000000000000000000, 60.00000000000000000, 4.000000000000000000 ) ) ;
#107 = AXIS2_PLACEMENT_3D ( 'NONE', #389, #816, #1341 ) ;
#108 = CARTESIAN_POINT ( 'NONE',  ( 39.00000000000000000, 59.00000000000000711, 5.000000000000000000 ) ) ;
#109 = CYLINDRICAL_SURFACE ( 'NONE', #308, 1.149999999999998135 ) ;
#110 = VERTEX_POINT ( 'NONE', #363 ) ;
#111 = ORIENTED_EDGE ( 'NONE', *, *, #173, .F. ) ;
#112 = DIRECTION ( 'NONE',  ( 1.734723475976807094E-16, -1.000000000000000000, 0.000000000000000000 ) ) ;
#113 = EDGE_CURVE ( 'NONE', #1389, #983, #151, .T. ) ;
#114 = EDGE_CURVE ( 'NONE', #618, #1158, #572, .T. ) ;
#115 = FACE_BOUND ( 'NONE', #590, .T. ) ;
#116 = CARTESIAN_POINT ( 'NONE',  ( 37.15000000000001279, 4.500000000000003553, 2.600000000000000533 ) ) ;
#117 = CIRCLE ( 'NONE', #655, 2.149999999999999023 ) ;
#118 = ORIENTED_EDGE ( 'NONE', *, *, #1154, .F. ) ;
#119 = ORIENTED_EDGE ( 'NONE', *, *, #1137, .F. ) ;
#120 = CARTESIAN_POINT ( 'NONE',  ( 0.000000000000000000, 60.00000000000000000, 5.000000000000000000 ) ) ;
#121 = CARTESIAN_POINT ( 'NONE',  ( 0.000000000000000000, 0.000000000000000000, 1.199999999999999956 ) ) ;
#122 = ADVANCED_FACE ( 'NONE', ( #463 ), #1320, .F. ) ;
#123 = DIRECTION ( 'NONE',  ( 1.000000000000000000, 0.000000000000000000, 0.000000000000000000 ) ) ;
#124 = ORIENTED_EDGE ( 'NONE', *, *, #1025, .F. ) ;
#125 = ORIENTED_EDGE ( 'NONE', *, *, #114, .T. ) ;
#126 = DIRECTION ( 'NONE',  ( 0.000000000000000000, 0.000000000000000000, 1.000000000000000000 ) ) ;
#127 = CIRCLE ( 'NONE', #57, 2.149999999999999023 ) ;
#128 = SURFACE_STYLE_USAGE ( .BOTH. , #23 ) ;
#129 =( BOUNDED_CURVE ( )  B_SPLINE_CURVE ( 3, ( #442, #945, #436, #106 ),
 .UNSPECIFIED., .F., .F. ) 
 B_SPLINE_CURVE_WITH_KNOTS ( ( 4, 4 ),
 ( 4.712388980384689674, 6.283185307179586232 ),
 .UNSPECIFIED. ) 
 CURVE ( )  GEOMETRIC_REPRESENTATION_ITEM ( )  RATIONAL_B_SPLINE_CURVE ( ( 1.000000000000000000, 0.8047378541243649375, 0.8047378541243649375, 1.000000000000000000 ) ) 
 REPRESENTATION_ITEM ( '' )  );
#130 = PRODUCT_RELATED_PRODUCT_CATEGORY ( 'part', '', ( #1243 ) ) ;
#131 = CARTESIAN_POINT ( 'NONE',  ( 36.15000000000000568, 55.50000000000000000, 0.000000000000000000 ) ) ;
#132 = DIRECTION ( 'NONE',  ( 0.000000000000000000, 0.000000000000000000, 1.000000000000000000 ) ) ;
#133 = ORIENTED_EDGE ( 'NONE', *, *, #1169, .F. ) ;
#134 = CARTESIAN_POINT ( 'NONE',  ( 38.00000000000000711, 58.24999999999999289, 1.199999999999999956 ) ) ;
#135 = CIRCLE ( 'NONE', #731, 1.149999999999998135 ) ;
#136 = ORIENTED_EDGE ( 'NONE', *, *, #164, .F. ) ;
#137 = LINE ( 'NONE', #1312, #1140 ) ;
#138 = VECTOR ( 'NONE', #347, 1000.000000000000000 ) ;
#139 = PLANE ( 'NONE',  #1362 ) ;
#140 = ORIENTED_EDGE ( 'NONE', *, *, #1146, .F. ) ;
#141 = ADVANCED_FACE ( 'NONE', ( #1300 ), #447, .F. ) ;
#142 = CYLINDRICAL_SURFACE ( 'NONE', #364, 2.149999999999999023 ) ;
#143 = ORIENTED_EDGE ( 'NONE', *, *, #2, .T. ) ;
#144 = CARTESIAN_POINT ( 'NONE',  ( 38.00000000000000000, 1.750000000000000444, 1.199999999999999956 ) ) ;
#145 = DIRECTION ( 'NONE',  ( -0.000000000000000000, -0.000000000000000000, -1.000000000000000000 ) ) ;
#146 =( NAMED_UNIT ( * ) SI_UNIT ( $, .STERADIAN. ) SOLID_ANGLE_UNIT ( ) );
#147 = ADVANCED_FACE ( 'NONE', ( #237 ), #665, .F. ) ;
#148 = VERTEX_POINT ( 'NONE', #47 ) ;
#149 = CARTESIAN_POINT ( 'NONE',  ( 35.00000000000000711, 4.500000000000003553, 0.000000000000000000 ) ) ;
#150 = CARTESIAN_POINT ( 'NONE',  ( 40.00000000000000000, 60.00000000000000711, 5.000000000000000000 ) ) ;
#151 = LINE ( 'NONE', #566, #769 ) ;
#152 = DIRECTION ( 'NONE',  ( 0.000000000000000000, 0.000000000000000000, 1.000000000000000000 ) ) ;
#153 = ORIENTED_EDGE ( 'NONE', *, *, #1309, .F. ) ;
#154 = ADVANCED_FACE ( 'NONE', ( #471 ), #897, .F. ) ;
#155 = VECTOR ( 'NONE', #815, 1000.000000000000000 ) ;
#156 = EDGE_CURVE ( 'NONE', #935, #666, #412, .T. ) ;
#157 = CARTESIAN_POINT ( 'NONE',  ( 32.50000000000001421, 57.12499999999999289, 3.700000000000000178 ) ) ;
#158 = VECTOR ( 'NONE', #1383, 1000.000000000000000 ) ;
#159 = CARTESIAN_POINT ( 'NONE',  ( 0.000000000000000000, 0.000000000000000000, 0.000000000000000000 ) ) ;
#160 = DIRECTION ( 'NONE',  ( -0.000000000000000000, -0.000000000000000000, 1.000000000000000000 ) ) ;
#161 = LINE ( 'NONE', #707, #583 ) ;
#162 = EDGE_LOOP ( 'NONE', ( #87, #1355 ) ) ;
#163 = DIRECTION ( 'NONE',  ( 1.000000000000000000, 0.000000000000000000, 0.000000000000000000 ) ) ;
#164 = EDGE_CURVE ( 'NONE', #267, #899, #704, .T. ) ;
#165 = DIRECTION ( 'NONE',  ( -0.000000000000000000, -0.000000000000000000, 1.000000000000000000 ) ) ;
#166 = CARTESIAN_POINT ( 'NONE',  ( 6.150000000000007461, 4.500000000000003553, 0.000000000000000000 ) ) ;
#167 = VECTOR ( 'NONE', #977, 1000.000000000000000 ) ;
#168 = LINE ( 'NONE', #376, #1113 ) ;
#169 = ORIENTED_EDGE ( 'NONE', *, *, #276, .F. ) ;
#170 = DIRECTION ( 'NONE',  ( 0.000000000000000000, 1.000000000000000000, -0.000000000000000000 ) ) ;
#171 = DIRECTION ( 'NONE',  ( 0.000000000000000000, 0.000000000000000000, 1.000000000000000000 ) ) ;
#172 = AXIS2_PLACEMENT_3D ( 'NONE', #100, #1155, #953 ) ;
#173 = EDGE_CURVE ( 'NONE', #385, #1004, #404, .T. ) ;
#174 = DIRECTION ( 'NONE',  ( 0.000000000000000000, 0.000000000000000000, 1.000000000000000000 ) ) ;
#175 = CYLINDRICAL_SURFACE ( 'NONE', #1039, 2.149999999999999023 ) ;
#176 = FACE_OUTER_BOUND ( 'NONE', #1386, .T. ) ;
#177 = AXIS2_PLACEMENT_3D ( 'NONE', #1231, #592, #1014 ) ;
#178 = EDGE_LOOP ( 'NONE', ( #83, #7, #774, #781 ) ) ;
#179 = ORIENTED_EDGE ( 'NONE', *, *, #191, .T. ) ;
#180 = FACE_OUTER_BOUND ( 'NONE', #1131, .T. ) ;
#181 = DIRECTION ( 'NONE',  ( -0.000000000000000000, -0.000000000000000000, 1.000000000000000000 ) ) ;
#182 = DIRECTION ( 'NONE',  ( 0.000000000000000000, 0.000000000000000000, 1.000000000000000000 ) ) ;
#183 = ADVANCED_FACE ( 'NONE', ( #1257 ), #902, .F. ) ;
#184 = ORIENTED_EDGE ( 'NONE', *, *, #1303, .T. ) ;
#185 = AXIS2_PLACEMENT_3D ( 'NONE', #1197, #670, #439 ) ;
#186 = VERTEX_POINT ( 'NONE', #1144 ) ;
#187 = CARTESIAN_POINT ( 'NONE',  ( 39.58578643762690064, 0.4142135623730999749, 5.000000000000000000 ) ) ;
#188 = DIRECTION ( 'NONE',  ( -1.224646799147353454E-16, 1.000000000000000000, 0.000000000000000000 ) ) ;
#189 = FACE_OUTER_BOUND ( 'NONE', #970, .T. ) ;
#190 = EDGE_LOOP ( 'NONE', ( #978, #873, #1194, #668 ) ) ;
#191 = EDGE_CURVE ( 'NONE', #1158, #954, #99, .T. ) ;
#192 = ORIENTED_EDGE ( 'NONE', *, *, #1180, .F. ) ;
#193 = CARTESIAN_POINT ( 'NONE',  ( 40.00000000000000000, 60.00000000000000711, 4.000000000000000000 ) ) ;
#194 = AXIS2_PLACEMENT_3D ( 'NONE', #926, #1359, #88 ) ;
#195 = VERTEX_POINT ( 'NONE', #375 ) ;
#196 = DIRECTION ( 'NONE',  ( 1.000000000000000000, 0.000000000000000000, 0.000000000000000000 ) ) ;
#197 = ORIENTED_EDGE ( 'NONE', *, *, #1102, .T. ) ;
#198 = CARTESIAN_POINT ( 'NONE',  ( 0.000000000000000000, 60.00000000000000000, 0.000000000000000000 ) ) ;
#199 = ADVANCED_FACE ( 'NONE', ( #1016 ), #727, .F. ) ;
#200 = DIRECTION ( 'NONE',  ( 0.000000000000000000, 0.000000000000000000, 1.000000000000000000 ) ) ;
#201 = EDGE_CURVE ( 'NONE', #813, #509, #1150, .T. ) ;
#202 = ORIENTED_EDGE ( 'NONE', *, *, #603, .F. ) ;
#203 = DIRECTION ( 'NONE',  ( 1.000000000000000000, 0.000000000000000000, 0.000000000000000000 ) ) ;
#204 = ORIENTED_EDGE ( 'NONE', *, *, #104, .F. ) ;
#205 = AXIS2_PLACEMENT_3D ( 'NONE', #1233, #398, #1372 ) ;
#206 = ORIENTED_EDGE ( 'NONE', *, *, #321, .F. ) ;
#207 = FACE_OUTER_BOUND ( 'NONE', #1088, .T. ) ;
#208 = EDGE_CURVE ( 'NONE', #1159, #1304, #397, .T. ) ;
#209 = ORIENTED_EDGE ( 'NONE', *, *, #233, .F. ) ;
#210 = DIRECTION ( 'NONE',  ( 1.000000000000000000, 0.000000000000000000, 0.000000000000000000 ) ) ;
#211 = ORIENTED_EDGE ( 'NONE', *, *, #796, .F. ) ;
#212 = DIRECTION ( 'NONE',  ( -1.000000000000000000, 2.775557561562890858E-16, 0.000000000000000000 ) ) ;
#213 = LINE ( 'NONE', #622, #1311 ) ;
#214 = DIRECTION ( 'NONE',  ( -0.000000000000000000, -0.000000000000000000, 1.000000000000000000 ) ) ;
#215 = ADVANCED_FACE ( 'NONE', ( #616 ), #824, .F. ) ;
#216 = ORIENTED_EDGE ( 'NONE', *, *, #394, .F. ) ;
#217 = VERTEX_POINT ( 'NONE', #500 ) ;
#218 = AXIS2_PLACEMENT_3D ( 'NONE', #1141, #1364, #1270 ) ;
#219 = PLANE ( 'NONE',  #936 ) ;
#220 = CARTESIAN_POINT ( 'NONE',  ( 38.00000000000000000, 1.750000000000000444, 0.000000000000000000 ) ) ;
#221 = LINE ( 'NONE', #986, #963 ) ;
#222 = EDGE_LOOP ( 'NONE', ( #56, #1375 ) ) ;
#223 = ORIENTED_EDGE ( 'NONE', *, *, #883, .T. ) ;
#224 = VECTOR ( 'NONE', #1337, 1000.000000000000000 ) ;
#225 = DIRECTION ( 'NONE',  ( 1.000000000000000000, 0.000000000000000000, 0.000000000000000000 ) ) ;
#226 = EDGE_CURVE ( 'NONE', #110, #913, #81, .T. ) ;
#227 = DIRECTION ( 'NONE',  ( 1.000000000000000000, 0.000000000000000000, 0.000000000000000000 ) ) ;
#228 = DIRECTION ( 'NONE',  ( 0.000000000000000000, 0.000000000000000000, 1.000000000000000000 ) ) ;
#229 = AXIS2_PLACEMENT_3D ( 'NONE', #596, #1122, #920 ) ;
#230 = CARTESIAN_POINT ( 'NONE',  ( 5.000000000000007994, 4.500000000000003553, 2.600000000000000533 ) ) ;
#231 = ORIENTED_EDGE ( 'NONE', *, *, #533, .F. ) ;
#232 = DIRECTION ( 'NONE',  ( -0.000000000000000000, -0.000000000000000000, -1.000000000000000000 ) ) ;
#233 = EDGE_CURVE ( 'NONE', #73, #633, #382, .T. ) ;
#234 = CARTESIAN_POINT ( 'NONE',  ( 2.899999999999998135, 6.999999999999999112, 5.000000000000000000 ) ) ;
#235 = AXIS2_PLACEMENT_3D ( 'NONE', #829, #288, #1358 ) ;
#236 = CARTESIAN_POINT ( 'NONE',  ( 32.50000000000001421, 57.12499999999999289, 1.199999999999999956 ) ) ;
#237 = FACE_OUTER_BOUND ( 'NONE', #554, .T. ) ;
#238 = EDGE_LOOP ( 'NONE', ( #740, #718, #1018, #1244 ) ) ;
#239 = LINE ( 'NONE', #464, #1323 ) ;
#240 = ORIENTED_EDGE ( 'NONE', *, *, #191, .F. ) ;
#241 = VECTOR ( 'NONE', #901, 1000.000000000000000 ) ;
#242 = DIRECTION ( 'NONE',  ( -0.000000000000000000, -0.000000000000000000, 1.000000000000000000 ) ) ;
#243 = CARTESIAN_POINT ( 'NONE',  ( 0.4142135623730948679, 0.4142135623730950345, 5.000000000000001776 ) ) ;
#244 = VERTEX_POINT ( 'NONE', #486 ) ;
#245 = DIRECTION ( 'NONE',  ( 0.000000000000000000, 0.000000000000000000, 1.000000000000000000 ) ) ;
#246 = ORIENTED_EDGE ( 'NONE', *, *, #549, .T. ) ;
#247 = DIRECTION ( 'NONE',  ( -0.000000000000000000, -0.000000000000000000, -1.000000000000000000 ) ) ;
#248 = CIRCLE ( 'NONE', #1384, 1.149999999999999023 ) ;
#249 = EDGE_CURVE ( 'NONE', #1304, #584, #334, .T. ) ;
#250 = CARTESIAN_POINT ( 'NONE',  ( 7.173814858237197195E-17, 7.173814858237197195E-17, 4.585786437626905077 ) ) ;
#251 = VECTOR ( 'NONE', #889, 1000.000000000000000 ) ;
#252 = VERTEX_POINT ( 'NONE', #1249 ) ;
#253 = DIRECTION ( 'NONE',  ( 1.000000000000000000, 0.000000000000000000, 0.000000000000000000 ) ) ;
#254 = ORIENTED_EDGE ( 'NONE', *, *, #1092, .F. ) ;
#255 = PLANE ( 'NONE',  #44 ) ;
#256 = LINE ( 'NONE', #895, #1087 ) ;
#257 = CARTESIAN_POINT ( 'NONE',  ( 37.10000000000000853, 53.00000000000000000, 5.000000000000000000 ) ) ;
#258 = EDGE_CURVE ( 'NONE', #1196, #448, #105, .T. ) ;
#259 = PLANE ( 'NONE',  #49 ) ;
#260 = VECTOR ( 'NONE', #734, 1000.000000000000000 ) ;
#261 = VERTEX_POINT ( 'NONE', #601 ) ;
#262 = ORIENTED_EDGE ( 'NONE', *, *, #306, .F. ) ;
#263 = FACE_BOUND ( 'NONE', #392, .T. ) ;
#264 = FACE_OUTER_BOUND ( 'NONE', #162, .T. ) ;
#265 = DIRECTION ( 'NONE',  ( -0.000000000000000000, -0.000000000000000000, 1.000000000000000000 ) ) ;
#266 = CARTESIAN_POINT ( 'NONE',  ( 1.000000000000000000, 1.000000000000000222, 5.000000000000000000 ) ) ;
#267 = VERTEX_POINT ( 'NONE', #1225 ) ;
#268 = EDGE_CURVE ( 'NONE', #509, #298, #720, .T. ) ;
#269 = AXIS2_PLACEMENT_3D ( 'NONE', #688, #1111, #1119 ) ;
#270 = CARTESIAN_POINT ( 'NONE',  ( 38.00000000000000000, 1.750000000000000444, 1.199999999999999956 ) ) ;
#271 = AXIS2_PLACEMENT_3D ( 'NONE', #1188, #862, #225 ) ;
#272 = DIRECTION ( 'NONE',  ( 1.000000000000000000, 0.000000000000000000, 0.000000000000000000 ) ) ;
#273 = DIRECTION ( 'NONE',  ( 0.000000000000000000, 1.000000000000000000, -0.000000000000000000 ) ) ;
#274 = DIRECTION ( 'NONE',  ( -0.000000000000000000, -0.000000000000000000, 1.000000000000000000 ) ) ;
#275 = ORIENTED_EDGE ( 'NONE', *, *, #20, .F. ) ;
#276 = EDGE_CURVE ( 'NONE', #103, #408, #1240, .T. ) ;
#277 = CARTESIAN_POINT ( 'NONE',  ( 40.00000000000000000, 4.898587196589413815E-15, 5.000000000000000000 ) ) ;
#278 = FACE_OUTER_BOUND ( 'NONE', #1053, .T. ) ;
#279 = CARTESIAN_POINT ( 'NONE',  ( 35.00000000000000711, 55.50000000000000000, 2.600000000000000533 ) ) ;
#280 = DIRECTION ( 'NONE',  ( 1.000000000000000000, 0.000000000000000000, 0.000000000000000000 ) ) ;
#281 = AXIS2_PLACEMENT_3D ( 'NONE', #1351, #174, #302 ) ;
#282 = CARTESIAN_POINT ( 'NONE',  ( 33.85000000000000853, 55.50000000000000000, 0.000000000000000000 ) ) ;
#283 = EDGE_LOOP ( 'NONE', ( #329, #1382, #31, #868 ) ) ;
#284 = ORIENTED_EDGE ( 'NONE', *, *, #929, .T. ) ;
#285 = CARTESIAN_POINT ( 'NONE',  ( 1.999999999999998224, 1.750000000000005107, 1.199999999999999956 ) ) ;
#286 = DIRECTION ( 'NONE',  ( 2.312964634635740689E-15, -1.000000000000000000, -0.000000000000000000 ) ) ;
#287 = ADVANCED_FACE ( 'NONE', ( #1135 ), #608, .F. ) ;
#288 = DIRECTION ( 'NONE',  ( 1.000000000000000000, -1.508455196501571429E-16, 0.000000000000000000 ) ) ;
#289 = CARTESIAN_POINT ( 'NONE',  ( 0.000000000000000000, 0.000000000000000000, 4.000000000000000000 ) ) ;
#290 = VECTOR ( 'NONE', #165, 1000.000000000000000 ) ;
#291 = ORIENTED_EDGE ( 'NONE', *, *, #156, .T. ) ;
#292 = EDGE_LOOP ( 'NONE', ( #754, #1156, #536, #1138 ) ) ;
#293 = CARTESIAN_POINT ( 'NONE',  ( 2.900000000000003464, 53.00000000000000000, 1.199999999999999734 ) ) ;
#294 = AXIS2_PLACEMENT_3D ( 'NONE', #149, #1020, #163 ) ;
#295 = CARTESIAN_POINT ( 'NONE',  ( 38.00000000000000711, 58.24999999999999289, 0.000000000000000000 ) ) ;
#296 = DIRECTION ( 'NONE',  ( -0.000000000000000000, -0.000000000000000000, 1.000000000000000000 ) ) ;
#297 = EDGE_CURVE ( 'NONE', #618, #1073, #878, .T. ) ;
#298 = VERTEX_POINT ( 'NONE', #1162 ) ;
#300 = VERTEX_POINT ( 'NONE', #407 ) ;
#299 =( GEOMETRIC_REPRESENTATION_CONTEXT ( 3 ) GLOBAL_UNCERTAINTY_ASSIGNED_CONTEXT ( ( #1010 ) ) GLOBAL_UNIT_ASSIGNED_CONTEXT ( ( #561, #449, #146 ) ) REPRESENTATION_CONTEXT ( 'NONE', 'WORKASPACE' ) );
#301 = CARTESIAN_POINT ( 'NONE',  ( 2.900000000000003464, 53.00000000000000000, 5.000000000000000000 ) ) ;
#302 = DIRECTION ( 'NONE',  ( 1.000000000000000000, 0.000000000000000000, 0.000000000000000000 ) ) ;
#303 = CARTESIAN_POINT ( 'NONE',  ( 2.850000000000008527, 4.500000000000003553, 2.600000000000000533 ) ) ;
#304 = VECTOR ( 'NONE', #888, 1000.000000000000000 ) ;
#305 = ORIENTED_EDGE ( 'NONE', *, *, #585, .F. ) ;
#306 = EDGE_CURVE ( 'NONE', #1123, #298, #753, .T. ) ;
#307 = DIRECTION ( 'NONE',  ( 0.000000000000000000, -0.000000000000000000, 1.000000000000000000 ) ) ;
#308 = AXIS2_PLACEMENT_3D ( 'NONE', #637, #535, #1057 ) ;
#309 = EDGE_LOOP ( 'NONE', ( #496, #124, #202, #101 ) ) ;
#310 = CARTESIAN_POINT ( 'NONE',  ( 38.00000000000000000, 1.750000000000000444, 1.199999999999999956 ) ) ;
#311 = ORIENTED_EDGE ( 'NONE', *, *, #403, .F. ) ;
#312 = ORIENTED_EDGE ( 'NONE', *, *, #859, .T. ) ;
#313 = AXIS2_PLACEMENT_3D ( 'NONE', #1224, #789, #459 ) ;
#314 = DIRECTION ( 'NONE',  ( -0.000000000000000000, -0.000000000000000000, -1.000000000000000000 ) ) ;
#315 = EDGE_CURVE ( 'NONE', #633, #252, #213, .T. ) ;
#316 = CARTESIAN_POINT ( 'NONE',  ( 7.150000000000007461, 4.500000000000003553, 2.600000000000000533 ) ) ;
#317 = ORIENTED_EDGE ( 'NONE', *, *, #488, .F. ) ;
#318 = ORIENTED_EDGE ( 'NONE', *, *, #1248, .F. ) ;
#319 = CARTESIAN_POINT ( 'NONE',  ( 5.000000000000007994, 55.50000000000000000, 2.600000000000000533 ) ) ;
#320 = CIRCLE ( 'NONE', #72, 2.149999999999999023 ) ;
#321 = EDGE_CURVE ( 'NONE', #1066, #633, #423, .T. ) ;
#322 = FACE_OUTER_BOUND ( 'NONE', #440, .T. ) ;
#323 = CARTESIAN_POINT ( 'NONE',  ( 1.000000000000000000, 0.000000000000000000, 4.000000000000000000 ) ) ;
#324 = EDGE_LOOP ( 'NONE', ( #861, #1097, #1050, #832, #192, #305 ) ) ;
#325 = VERTEX_POINT ( 'NONE', #93 ) ;
#326 = LINE ( 'NONE', #855, #866 ) ;
#327 = FACE_BOUND ( 'NONE', #78, .T. ) ;
#328 = CYLINDRICAL_SURFACE ( 'NONE', #664, 1.000000000000000000 ) ;
#329 = ORIENTED_EDGE ( 'NONE', *, *, #1220, .F. ) ;
#330 = VERTEX_POINT ( 'NONE', #511 ) ;
#331 = DIRECTION ( 'NONE',  ( -0.000000000000000000, -0.000000000000000000, -1.000000000000000000 ) ) ;
#332 = CARTESIAN_POINT ( 'NONE',  ( 5.000000000000007994, 55.50000000000000000, 5.000000000000000000 ) ) ;
#333 = CYLINDRICAL_SURFACE ( 'NONE', #430, 1.149999999999998135 ) ;
#334 = LINE ( 'NONE', #60, #1242 ) ;
#335 = VERTEX_POINT ( 'NONE', #1042 ) ;
#336 = ADVANCED_FACE ( 'NONE', ( #86 ), #847, .T. ) ;
#337 = VECTOR ( 'NONE', #701, 1000.000000000000000 ) ;
#338 = CARTESIAN_POINT ( 'NONE',  ( 40.00000000000000000, 4.898587196589413815E-15, 4.000000000000000000 ) ) ;
#339 = CIRCLE ( 'NONE', #271, 2.149999999999999023 ) ;
#340 = DIRECTION ( 'NONE',  ( 0.000000000000000000, 0.000000000000000000, 1.000000000000000000 ) ) ;
#341 = LINE ( 'NONE', #451, #563 ) ;
#342 = DIRECTION ( 'NONE',  ( 0.000000000000000000, -0.000000000000000000, 1.000000000000000000 ) ) ;
#343 = VERTEX_POINT ( 'NONE', #316 ) ;
#344 = FILL_AREA_STYLE_COLOUR ( '', #6 ) ;
#345 = EDGE_CURVE ( 'NONE', #1325, #1004, #744, .T. ) ;
#346 = VERTEX_POINT ( 'NONE', #527 ) ;
#347 = DIRECTION ( 'NONE',  ( 0.000000000000000000, -1.000000000000000000, 0.000000000000000000 ) ) ;
#348 = CARTESIAN_POINT ( 'NONE',  ( 5.000000000000007994, 55.50000000000000000, 1.199999999999999956 ) ) ;
#349 = VERTEX_POINT ( 'NONE', #822 ) ;
#350 = PLANE ( 'NONE',  #229 ) ;
#351 = VECTOR ( 'NONE', #1183, 1000.000000000000000 ) ;
#352 = EDGE_CURVE ( 'NONE', #1159, #509, #939, .T. ) ;
#353 = ORIENTED_EDGE ( 'NONE', *, *, #258, .T. ) ;
#354 = VECTOR ( 'NONE', #1219, 1000.000000000000000 ) ;
#355 = CARTESIAN_POINT ( 'NONE',  ( 1.999999999999998224, 1.750000000000005107, 0.000000000000000000 ) ) ;
#356 = LINE ( 'NONE', #1211, #524 ) ;
#357 = ORIENTED_EDGE ( 'NONE', *, *, #403, .T. ) ;
#358 = LINE ( 'NONE', #473, #472 ) ;
#359 = EDGE_LOOP ( 'NONE', ( #206, #64, #223, #799 ) ) ;
#360 = FACE_OUTER_BOUND ( 'NONE', #8, .T. ) ;
#361 = DIRECTION ( 'NONE',  ( 2.312964634635740689E-15, -1.000000000000000000, -0.000000000000000000 ) ) ;
#362 = VECTOR ( 'NONE', #571, 1000.000000000000000 ) ;
#363 = CARTESIAN_POINT ( 'NONE',  ( 6.150000000000007461, 4.500000000000003553, 1.199999999999999956 ) ) ;
#364 = AXIS2_PLACEMENT_3D ( 'NONE', #454, #874, #253 ) ;
#365 = FACE_OUTER_BOUND ( 'NONE', #359, .T. ) ;
#366 = ORIENTED_EDGE ( 'NONE', *, *, #594, .F. ) ;
#367 = PLANE ( 'NONE',  #887 ) ;
#368 = LINE ( 'NONE', #1120, #1019 ) ;
#369 = DIRECTION ( 'NONE',  ( 1.000000000000000000, 0.000000000000000000, 0.000000000000000000 ) ) ;
#370 = EDGE_CURVE ( 'NONE', #148, #1279, #615, .T. ) ;
#371 = DIRECTION ( 'NONE',  ( -1.000000000000000000, -1.734723475976807094E-16, 0.000000000000000000 ) ) ;
#372 = VERTEX_POINT ( 'NONE', #719 ) ;
#373 = DIRECTION ( 'NONE',  ( 0.000000000000000000, 0.000000000000000000, 1.000000000000000000 ) ) ;
#374 = CARTESIAN_POINT ( 'NONE',  ( 5.000000000000007994, 4.500000000000003553, 2.600000000000000533 ) ) ;
#375 = CARTESIAN_POINT ( 'NONE',  ( 2.850000000000008971, 55.50000000000000000, 2.600000000000000533 ) ) ;
#376 = CARTESIAN_POINT ( 'NONE',  ( 0.000000000000000000, 60.00000000000000000, 5.000000000000000000 ) ) ;
#377 = PRODUCT_DEFINITION ( 'UNKNOWN', '', #574, #943 ) ;
#378 = ORIENTED_EDGE ( 'NONE', *, *, #1202, .F. ) ;
#379 = DIRECTION ( 'NONE',  ( -1.000000000000000000, -1.734723475976807094E-16, -0.000000000000000000 ) ) ;
#380 = VECTOR ( 'NONE', #1288, 1000.000000000000000 ) ;
#381 = CARTESIAN_POINT ( 'NONE',  ( 35.00000000000000711, 55.50000000000000000, 2.600000000000000533 ) ) ;
#382 = LINE ( 'NONE', #925, #396 ) ;
#383 = CARTESIAN_POINT ( 'NONE',  ( 5.000000000000007994, 4.500000000000003553, 5.000000000000000000 ) ) ;
#384 = DIRECTION ( 'NONE',  ( -1.000000000000000000, 1.131341397376178819E-16, -0.000000000000000000 ) ) ;
#385 = VERTEX_POINT ( 'NONE', #732 ) ;
#386 = VERTEX_POINT ( 'NONE', #415 ) ;
#387 = ADVANCED_FACE ( 'NONE', ( #322 ), #1255, .F. ) ;
#388 = DIRECTION ( 'NONE',  ( 0.000000000000000000, 0.000000000000000000, 1.000000000000000000 ) ) ;
#389 = CARTESIAN_POINT ( 'NONE',  ( 35.00000000000000711, 4.500000000000003553, 2.600000000000000533 ) ) ;
#390 = DIRECTION ( 'NONE',  ( -0.000000000000000000, -0.000000000000000000, -1.000000000000000000 ) ) ;
#391 = LINE ( 'NONE', #1136, #562 ) ;
#392 = EDGE_LOOP ( 'NONE', ( #111, #97, #768, #22 ) ) ;
#393 = ORIENTED_EDGE ( 'NONE', *, *, #603, .T. ) ;
#394 = EDGE_CURVE ( 'NONE', #584, #1123, #1048, .T. ) ;
#395 = CARTESIAN_POINT ( 'NONE',  ( 38.00000000000000711, 58.24999999999999289, 1.199999999999999956 ) ) ;
#396 = VECTOR ( 'NONE', #506, 1000.000000000000000 ) ;
#397 = LINE ( 'NONE', #588, #593 ) ;
#398 = DIRECTION ( 'NONE',  ( 0.000000000000000000, 0.000000000000000000, 1.000000000000000000 ) ) ;
#399 = EDGE_LOOP ( 'NONE', ( #427, #254, #14, #1040 ) ) ;
#400 = VERTEX_POINT ( 'NONE', #1370 ) ;
#401 = CARTESIAN_POINT ( 'NONE',  ( 32.85000000000000853, 55.50000000000000000, 5.000000000000000000 ) ) ;
#402 = AXIS2_PLACEMENT_3D ( 'NONE', #1005, #893, #579 ) ;
#403 = EDGE_CURVE ( 'NONE', #687, #335, #841, .T. ) ;
#404 = LINE ( 'NONE', #295, #875 ) ;
#405 = CARTESIAN_POINT ( 'NONE',  ( 7.150000000000007461, 55.50000000000000000, 2.600000000000000533 ) ) ;
#406 = ORIENTED_EDGE ( 'NONE', *, *, #249, .F. ) ;
#407 = CARTESIAN_POINT ( 'NONE',  ( 2.899999999999998135, 6.999999999999999112, 1.199999999999999734 ) ) ;
#408 = VERTEX_POINT ( 'NONE', #401 ) ;
#409 = CARTESIAN_POINT ( 'NONE',  ( 35.00000000000000711, 55.50000000000000000, 1.199999999999999956 ) ) ;
#410 = ORIENTED_EDGE ( 'NONE', *, *, #896, .T. ) ;
#411 = ADVANCED_FACE ( 'NONE', ( #828 ), #1055, .F. ) ;
#412 = CIRCLE ( 'NONE', #1192, 1.149999999999998135 ) ;
#413 = ORIENTED_EDGE ( 'NONE', *, *, #798, .T. ) ;
#414 = CARTESIAN_POINT ( 'NONE',  ( 40.00000000000000000, 4.898587196589413815E-15, 5.000000000000000000 ) ) ;
#415 = CARTESIAN_POINT ( 'NONE',  ( 32.50000000000001421, 57.12499999999999289, 3.700000000000000178 ) ) ;
#416 = EDGE_LOOP ( 'NONE', ( #96, #791 ) ) ;
#417 = DIRECTION ( 'NONE',  ( 1.000000000000000000, 1.224646799147353454E-16, 0.000000000000000000 ) ) ;
#418 = ORIENTED_EDGE ( 'NONE', *, *, #394, .T. ) ;
#419 = ORIENTED_EDGE ( 'NONE', *, *, #422, .F. ) ;
#420 = AXIS2_PLACEMENT_3D ( 'NONE', #1184, #228, #272 ) ;
#421 = LINE ( 'NONE', #845, #1344 ) ;
#422 = EDGE_CURVE ( 'NONE', #325, #428, #772, .T. ) ;
#423 = LINE ( 'NONE', #937, #642 ) ;
#424 = ADVANCED_BREP_SHAPE_REPRESENTATION ( 'front-v0', ( #782, #877 ), #36 ) ;
#425 = VERTEX_POINT ( 'NONE', #1385 ) ;
#426 = CARTESIAN_POINT ( 'NONE',  ( 37.10000000000000142, 6.999999999999999112, 3.500000000000000000 ) ) ;
#427 = ORIENTED_EDGE ( 'NONE', *, *, #1137, .T. ) ;
#428 = VERTEX_POINT ( 'NONE', #1289 ) ;
#429 = CARTESIAN_POINT ( 'NONE',  ( 7.500000000000016875, 57.12499999999999289, 3.700000000000000178 ) ) ;
#430 = AXIS2_PLACEMENT_3D ( 'NONE', #779, #1299, #462 ) ;
#431 = STYLED_ITEM ( 'NONE', ( #979 ), #782 ) ;
#432 = FACE_BOUND ( 'NONE', #547, .T. ) ;
#433 = EDGE_CURVE ( 'NONE', #1378, #300, #550, .T. ) ;
#434 = EDGE_LOOP ( 'NONE', ( #1235, #827, #50, #1132 ) ) ;
#435 = ORIENTED_EDGE ( 'NONE', *, *, #226, .T. ) ;
#436 = CARTESIAN_POINT ( 'NONE',  ( 0.000000000000000000, 60.00000000000000000, 4.585786437626905077 ) ) ;
#437 = LINE ( 'NONE', #876, #916 ) ;
#438 = EDGE_CURVE ( 'NONE', #330, #510, #857, .T. ) ;
#439 = DIRECTION ( 'NONE',  ( 1.000000000000000000, -1.264902534566421675E-16, 0.000000000000000000 ) ) ;
#440 = EDGE_LOOP ( 'NONE', ( #1205, #790, #143, #836 ) ) ;
#441 = ORIENTED_EDGE ( 'NONE', *, *, #1049, .T. ) ;
#442 = CARTESIAN_POINT ( 'NONE',  ( 1.000000000000000000, 59.00000000000000000, 5.000000000000000000 ) ) ;
#443 = VECTOR ( 'NONE', #962, 1000.000000000000000 ) ;
#444 = DIRECTION ( 'NONE',  ( -0.000000000000000000, -0.000000000000000000, 1.000000000000000000 ) ) ;
#445 = DIRECTION ( 'NONE',  ( 1.000000000000000000, 0.000000000000000000, 0.000000000000000000 ) ) ;
#446 = ADVANCED_FACE ( 'NONE', ( #1077 ), #1283, .F. ) ;
#447 = PLANE ( 'NONE',  #1124 ) ;
#448 = VERTEX_POINT ( 'NONE', #18 ) ;
#449 =( NAMED_UNIT ( * ) PLANE_ANGLE_UNIT ( ) SI_UNIT ( $, .RADIAN. ) );
#450 = AXIS2_PLACEMENT_3D ( 'NONE', #737, #232, #660 ) ;
#451 = CARTESIAN_POINT ( 'NONE',  ( 32.50000000000002132, 54.12499999999999289, 3.700000000000000178 ) ) ;
#452 = CARTESIAN_POINT ( 'NONE',  ( 0.000000000000000000, 0.000000000000000000, 4.000000000000000000 ) ) ;
#453 = EDGE_LOOP ( 'NONE', ( #498, #1213 ) ) ;
#454 = CARTESIAN_POINT ( 'NONE',  ( 35.00000000000000711, 4.500000000000003553, 2.600000000000000533 ) ) ;
#455 = EDGE_CURVE ( 'NONE', #244, #103, #320, .T. ) ;
#456 = DIRECTION ( 'NONE',  ( 1.131341397376178572E-16, 1.000000000000000000, 0.000000000000000000 ) ) ;
#457 = CARTESIAN_POINT ( 'NONE',  ( 35.00000000000000711, 4.500000000000003553, 2.600000000000000533 ) ) ;
#458 = ORIENTED_EDGE ( 'NONE', *, *, #798, .F. ) ;
#459 = DIRECTION ( 'NONE',  ( 1.000000000000000000, 0.000000000000000000, 0.000000000000000000 ) ) ;
#460 = VECTOR ( 'NONE', #1008, 1000.000000000000000 ) ;
#461 = EDGE_CURVE ( 'NONE', #261, #1266, #4, .T. ) ;
#462 = DIRECTION ( 'NONE',  ( 1.000000000000000000, 0.000000000000000000, 0.000000000000000000 ) ) ;
#463 = FACE_OUTER_BOUND ( 'NONE', #324, .T. ) ;
#464 = CARTESIAN_POINT ( 'NONE',  ( 3.850000000000008971, 55.50000000000000000, 0.000000000000000000 ) ) ;
#465 = VECTOR ( 'NONE', #274, 1000.000000000000000 ) ;
#466 = ORIENTED_EDGE ( 'NONE', *, *, #1049, .F. ) ;
#467 = ORIENTED_EDGE ( 'NONE', *, *, #959, .T. ) ;
#468 = PLANE ( 'NONE',  #269 ) ;
#469 = ADVANCED_FACE ( 'NONE', ( #974, #115, #12, #3, #758, #327, #432 ), #852, .F. ) ;
#470 = CARTESIAN_POINT ( 'NONE',  ( 38.00000000000000000, 1.750000000000000444, 1.199999999999999956 ) ) ;
#471 = FACE_OUTER_BOUND ( 'NONE', #755, .T. ) ;
#472 = VECTOR ( 'NONE', #898, 1000.000000000000000 ) ;
#473 = CARTESIAN_POINT ( 'NONE',  ( 33.85000000000000853, 4.500000000000003553, 0.000000000000000000 ) ) ;
#474 = ORIENTED_EDGE ( 'NONE', *, *, #1347, .F. ) ;
#475 = DIRECTION ( 'NONE',  ( -0.000000000000000000, -0.000000000000000000, -1.000000000000000000 ) ) ;
#476 = CARTESIAN_POINT ( 'NONE',  ( 2.899999999999998135, 6.999999999999999112, 3.500000000000000000 ) ) ;
#477 = AXIS2_PLACEMENT_3D ( 'NONE', #54, #918, #809 ) ;
#478 = EDGE_CURVE ( 'NONE', #244, #186, #1070, .T. ) ;
#479 = DIRECTION ( 'NONE',  ( -0.000000000000000000, 0.000000000000000000, -1.000000000000000000 ) ) ;
#480 = DIRECTION ( 'NONE',  ( 1.000000000000000000, 1.734723475976807094E-16, -0.000000000000000000 ) ) ;
#481 = VECTOR ( 'NONE', #830, 1000.000000000000000 ) ;
#482 = EDGE_LOOP ( 'NONE', ( #725, #246, #677, #632 ) ) ;
#483 = CARTESIAN_POINT ( 'NONE',  ( 35.00000000000000711, 55.50000000000000000, 5.000000000000000000 ) ) ;
#484 = DIRECTION ( 'NONE',  ( -0.000000000000000000, -0.000000000000000000, 1.000000000000000000 ) ) ;
#485 = VECTOR ( 'NONE', #1327, 1000.000000000000000 ) ;
#486 = CARTESIAN_POINT ( 'NONE',  ( 37.15000000000001279, 55.50000000000000000, 2.600000000000000533 ) ) ;
#487 = DIRECTION ( 'NONE',  ( 1.000000000000000000, 0.000000000000000000, 0.000000000000000000 ) ) ;
#488 = EDGE_CURVE ( 'NONE', #843, #372, #437, .T. ) ;
#489 = ORIENTED_EDGE ( 'NONE', *, *, #268, .T. ) ;
#490 = FACE_OUTER_BOUND ( 'NONE', #283, .T. ) ;
#491 = CYLINDRICAL_SURFACE ( 'NONE', #1314, 1.000000000000000000 ) ;
#492 = CARTESIAN_POINT ( 'NONE',  ( 35.00000000000000711, 55.50000000000000000, 1.199999999999999956 ) ) ;
#493 = PLANE ( 'NONE',  #629 ) ;
#494 = AXIS2_PLACEMENT_3D ( 'NONE', #650, #675, #445 ) ;
#495 = DIRECTION ( 'NONE',  ( -1.734723475976799452E-16, 1.000000000000000000, 0.000000000000000000 ) ) ;
#496 = ORIENTED_EDGE ( 'NONE', *, *, #438, .T. ) ;
#497 = EDGE_CURVE ( 'NONE', #1279, #349, #137, .T. ) ;
#498 = ORIENTED_EDGE ( 'NONE', *, *, #61, .T. ) ;
#499 = FACE_BOUND ( 'NONE', #1287, .T. ) ;
#500 = CARTESIAN_POINT ( 'NONE',  ( 3.850000000000008082, 4.500000000000003553, 1.199999999999999956 ) ) ;
#501 = DIRECTION ( 'NONE',  ( -0.000000000000000000, -0.000000000000000000, -1.000000000000000000 ) ) ;
#502 = EDGE_LOOP ( 'NONE', ( #1067, #378 ) ) ;
#503 = ORIENTED_EDGE ( 'NONE', *, *, #959, .F. ) ;
#504 = EDGE_CURVE ( 'NONE', #1389, #400, #341, .T. ) ;
#505 = DIRECTION ( 'NONE',  ( 0.000000000000000000, 1.000000000000000000, 0.000000000000000000 ) ) ;
#506 = DIRECTION ( 'NONE',  ( -1.508455196501571429E-16, -1.000000000000000000, -0.000000000000000000 ) ) ;
#507 = DIRECTION ( 'NONE',  ( -0.000000000000000000, -0.000000000000000000, 1.000000000000000000 ) ) ;
#508 = AXIS2_PLACEMENT_3D ( 'NONE', #457, #1313, #676 ) ;
#509 = VERTEX_POINT ( 'NONE', #766 ) ;
#510 = VERTEX_POINT ( 'NONE', #355 ) ;
#511 = CARTESIAN_POINT ( 'NONE',  ( 38.00000000000000000, 1.750000000000000444, 0.000000000000000000 ) ) ;
#512 = AXIS2_PLACEMENT_3D ( 'NONE', #45, #627, #1237 ) ;
#513 = AXIS2_PLACEMENT_3D ( 'NONE', #120, #112, #647 ) ;
#514 = ADVANCED_FACE ( 'NONE', ( #26 ), #333, .F. ) ;
#515 = EDGE_LOOP ( 'NONE', ( #1324, #1228, #576, #853 ) ) ;
#516 = CARTESIAN_POINT ( 'NONE',  ( 38.00000000000000711, 58.24999999999999289, 1.199999999999999956 ) ) ;
#517 = EDGE_LOOP ( 'NONE', ( #1045, #1200, #419, #1080 ) ) ;
#518 = CARTESIAN_POINT ( 'NONE',  ( 7.500000000000016875, 54.12500000000000000, 3.700000000000000178 ) ) ;
#519 = CARTESIAN_POINT ( 'NONE',  ( 40.00000000000000000, 60.00000000000000711, 4.000000000000000000 ) ) ;
#520 = EDGE_LOOP ( 'NONE', ( #1179, #700, #474, #77 ) ) ;
#521 = CARTESIAN_POINT ( 'NONE',  ( 1.999999999999998224, 1.750000000000005107, 0.000000000000000000 ) ) ;
#522 = EDGE_CURVE ( 'NONE', #386, #1389, #886, .T. ) ;
#523 = VERTEX_POINT ( 'NONE', #236 ) ;
#524 = VECTOR ( 'NONE', #160, 1000.000000000000000 ) ;
#525 = ORIENTED_EDGE ( 'NONE', *, *, #533, .T. ) ;
#526 = LINE ( 'NONE', #839, #158 ) ;
#527 = CARTESIAN_POINT ( 'NONE',  ( 7.150000000000007461, 55.50000000000000000, 2.600000000000000533 ) ) ;
#528 = ORIENTED_EDGE ( 'NONE', *, *, #156, .F. ) ;
#529 = AXIS2_PLACEMENT_3D ( 'NONE', #279, #390, #1127 ) ;
#530 = ORIENTED_EDGE ( 'NONE', *, *, #1076, .T. ) ;
#531 = CIRCLE ( 'NONE', #420, 2.149999999999999023 ) ;
#532 = DIRECTION ( 'NONE',  ( -0.000000000000000000, 0.000000000000000000, -1.000000000000000000 ) ) ;
#533 = EDGE_CURVE ( 'NONE', #880, #385, #19, .T. ) ;
#534 = DIRECTION ( 'NONE',  ( 0.000000000000000000, 0.000000000000000000, 1.000000000000000000 ) ) ;
#535 = DIRECTION ( 'NONE',  ( -0.000000000000000000, -0.000000000000000000, 1.000000000000000000 ) ) ;
#536 = ORIENTED_EDGE ( 'NONE', *, *, #1220, .T. ) ;
#537 = ORIENTED_EDGE ( 'NONE', *, *, #1161, .F. ) ;
#538 = DIRECTION ( 'NONE',  ( 1.000000000000000000, 0.000000000000000000, 0.000000000000000000 ) ) ;
#539 = DIRECTION ( 'NONE',  ( 0.000000000000000000, 1.000000000000000000, 0.000000000000000000 ) ) ;
#540 = VECTOR ( 'NONE', #967, 1000.000000000000000 ) ;
#541 = ADVANCED_FACE ( 'NONE', ( #1091 ), #1176, .F. ) ;
#542 = PRESENTATION_LAYER_ASSIGNMENT (  '', '', ( #431 ) ) ;
#543 = CARTESIAN_POINT ( 'NONE',  ( 37.15000000000001279, 55.50000000000000000, 2.600000000000000533 ) ) ;
#544 = CARTESIAN_POINT ( 'NONE',  ( 35.00000000000000711, 4.500000000000003553, 2.600000000000000533 ) ) ;
#545 = APPLICATION_CONTEXT ( 'automotive_design' ) ;
#546 = ORIENTED_EDGE ( 'NONE', *, *, #923, .F. ) ;
#547 = EDGE_LOOP ( 'NONE', ( #964, #630 ) ) ;
#548 = CARTESIAN_POINT ( 'NONE',  ( 32.50000000000002132, 54.12499999999999289, 1.199999999999999956 ) ) ;
#549 = EDGE_CURVE ( 'NONE', #195, #1266, #1191, .T. ) ;
#550 = LINE ( 'NONE', #234, #952 ) ;
#551 = EDGE_CURVE ( 'NONE', #659, #813, #657, .T. ) ;
#552 = CARTESIAN_POINT ( 'NONE',  ( 2.000000000000008882, 58.25000000000000000, 1.199999999999999956 ) ) ;
#553 = ORIENTED_EDGE ( 'NONE', *, *, #226, .F. ) ;
#554 = EDGE_LOOP ( 'NONE', ( #211, #43, #971, #153 ) ) ;
#555 = CARTESIAN_POINT ( 'NONE',  ( 0.000000000000000000, 0.000000000000000000, 0.000000000000000000 ) ) ;
#556 = DIRECTION ( 'NONE',  ( -0.000000000000000000, -0.000000000000000000, 1.000000000000000000 ) ) ;
#557 =( BOUNDED_CURVE ( )  B_SPLINE_CURVE ( 3, ( #1193, #243, #250, #452 ),
 .UNSPECIFIED., .F., .F. ) 
 B_SPLINE_CURVE_WITH_KNOTS ( ( 4, 4 ),
 ( 1.570796326794896780, 3.141592653589793116 ),
 .UNSPECIFIED. ) 
 CURVE ( )  GEOMETRIC_REPRESENTATION_ITEM ( )  RATIONAL_B_SPLINE_CURVE ( ( 1.000000000000000000, 0.8047378541243650485, 0.8047378541243650485, 1.000000000000000000 ) ) 
 REPRESENTATION_ITEM ( '' )  );
#558 = ADVANCED_FACE ( 'NONE', ( #663 ), #760, .F. ) ;
#559 = DIRECTION ( 'NONE',  ( 1.000000000000000000, 0.000000000000000000, 0.000000000000000000 ) ) ;
#560 = ORIENTED_EDGE ( 'NONE', *, *, #702, .F. ) ;
#561 =( LENGTH_UNIT ( ) NAMED_UNIT ( * ) SI_UNIT ( .MILLI., .METRE. ) );
#562 = VECTOR ( 'NONE', #501, 1000.000000000000000 ) ;
#563 = VECTOR ( 'NONE', #865, 1000.000000000000000 ) ;
#564 = ORIENTED_EDGE ( 'NONE', *, *, #53, .T. ) ;
#565 = CARTESIAN_POINT ( 'NONE',  ( 3.850000000000008971, 55.50000000000000000, 1.199999999999999956 ) ) ;
#566 = CARTESIAN_POINT ( 'NONE',  ( 32.50000000000002132, 54.12499999999999289, 3.700000000000000178 ) ) ;
#567 = ORIENTED_EDGE ( 'NONE', *, *, #461, .T. ) ;
#568 = EDGE_CURVE ( 'NONE', #935, #448, #32, .T. ) ;
#569 = CARTESIAN_POINT ( 'NONE',  ( 40.00000000000000000, 4.898587196589413815E-15, 4.000000000000000000 ) ) ;
#570 = VERTEX_POINT ( 'NONE', #565 ) ;
#571 = DIRECTION ( 'NONE',  ( -1.000000000000000000, 1.264902534566421675E-16, 0.000000000000000000 ) ) ;
#572 = LINE ( 'NONE', #994, #304 ) ;
#573 = CARTESIAN_POINT ( 'NONE',  ( 40.00199999999999534, 13.49999999999999467, 5.000000000000000000 ) ) ;
#574 = PRODUCT_DEFINITION_FORMATION_WITH_SPECIFIED_SOURCE ( 'ANY', '', #1243, .NOT_KNOWN. ) ;
#575 = VECTOR ( 'NONE', #79, 1000.000000000000000 ) ;
#576 = ORIENTED_EDGE ( 'NONE', *, *, #998, .T. ) ;
#577 = ORIENTED_EDGE ( 'NONE', *, *, #1146, .T. ) ;
#578 = CIRCLE ( 'NONE', #1108, 1.149999999999999023 ) ;
#579 = DIRECTION ( 'NONE',  ( 0.000000000000000000, 0.000000000000000000, -1.000000000000000000 ) ) ;
#580 = CARTESIAN_POINT ( 'NONE',  ( 7.150000000000007461, 4.500000000000003553, 2.600000000000000533 ) ) ;
#581 = DIRECTION ( 'NONE',  ( 1.000000000000000000, 0.000000000000000000, -0.000000000000000000 ) ) ;
#582 = DIRECTION ( 'NONE',  ( -0.000000000000000000, -1.000000000000000000, -0.000000000000000000 ) ) ;
#583 = VECTOR ( 'NONE', #69, 1000.000000000000000 ) ;
#584 = VERTEX_POINT ( 'NONE', #980 ) ;
#585 = EDGE_CURVE ( 'NONE', #252, #933, #221, .T. ) ;
#586 = FACE_OUTER_BOUND ( 'NONE', #636, .T. ) ;
#587 = DIRECTION ( 'NONE',  ( 1.000000000000000000, -1.228122814850836818E-16, 0.000000000000000000 ) ) ;
#588 = CARTESIAN_POINT ( 'NONE',  ( 0.000000000000000000, 0.000000000000000000, 4.000000000000000000 ) ) ;
#589 = LINE ( 'NONE', #1009, #1368 ) ;
#590 = EDGE_LOOP ( 'NONE', ( #528, #947 ) ) ;
#591 = PLANE ( 'NONE',  #1182 ) ;
#592 = DIRECTION ( 'NONE',  ( -0.000000000000000000, 0.000000000000000000, 1.000000000000000000 ) ) ;
#593 = VECTOR ( 'NONE', #931, 1000.000000000000000 ) ;
#594 = EDGE_CURVE ( 'NONE', #899, #267, #1277, .T. ) ;
#595 = DIRECTION ( 'NONE',  ( 1.000000000000000000, 0.000000000000000000, 0.000000000000000000 ) ) ;
#596 = CARTESIAN_POINT ( 'NONE',  ( 32.50000000000002132, 54.12499999999999289, 3.700000000000000178 ) ) ;
#597 = EDGE_LOOP ( 'NONE', ( #136, #366 ) ) ;
#598 = AXIS2_PLACEMENT_3D ( 'NONE', #301, #1262, #307 ) ;
#599 = LINE ( 'NONE', #807, #155 ) ;
#600 = LINE ( 'NONE', #150, #485 ) ;
#601 = CARTESIAN_POINT ( 'NONE',  ( 7.150000000000007461, 55.50000000000000000, 5.000000000000000000 ) ) ;
#602 = FACE_OUTER_BOUND ( 'NONE', #854, .T. ) ;
#603 = EDGE_CURVE ( 'NONE', #1222, #672, #1098, .T. ) ;
#604 = CYLINDRICAL_SURFACE ( 'NONE', #1251, 1.000000000000000888 ) ;
#605 = ORIENTED_EDGE ( 'NONE', *, *, #173, .T. ) ;
#606 = ORIENTED_EDGE ( 'NONE', *, *, #823, .T. ) ;
#607 = DIRECTION ( 'NONE',  ( 1.000000000000000000, 0.000000000000000000, 0.000000000000000000 ) ) ;
#608 = PLANE ( 'NONE',  #1381 ) ;
#609 = DIRECTION ( 'NONE',  ( 1.000000000000000000, 0.000000000000000000, 0.000000000000000000 ) ) ;
#610 = AXIS2_PLACEMENT_3D ( 'NONE', #976, #1305, #13 ) ;
#611 = VECTOR ( 'NONE', #582, 1000.000000000000000 ) ;
#612 = VERTEX_POINT ( 'NONE', #858 ) ;
#613 = EDGE_CURVE ( 'NONE', #735, #570, #248, .T. ) ;
#614 = ORIENTED_EDGE ( 'NONE', *, *, #831, .T. ) ;
#615 = LINE ( 'NONE', #293, #820 ) ;
#616 = FACE_OUTER_BOUND ( 'NONE', #1271, .T. ) ;
#617 = DIRECTION ( 'NONE',  ( -0.000000000000000000, 0.000000000000000000, -1.000000000000000000 ) ) ;
#618 = VERTEX_POINT ( 'NONE', #116 ) ;
#619 = VECTOR ( 'NONE', #1023, 1000.000000000000000 ) ;
#620 = VERTEX_POINT ( 'NONE', #38 ) ;
#621 = EDGE_CURVE ( 'NONE', #1073, #618, #1269, .T. ) ;
#622 = CARTESIAN_POINT ( 'NONE',  ( 40.00199999999999534, 13.49999999999999467, 5.000000000000000000 ) ) ;
#623 = ORIENTED_EDGE ( 'NONE', *, *, #764, .T. ) ;
#624 = DIRECTION ( 'NONE',  ( -0.000000000000000000, 0.000000000000000000, -1.000000000000000000 ) ) ;
#625 = UNCERTAINTY_MEASURE_WITH_UNIT (LENGTH_MEASURE( 1.000000000000000082E-05 ), #1387, 'distance_accuracy_value', 'NONE');
#626 = ORIENTED_EDGE ( 'NONE', *, *, #297, .F. ) ;
#627 = DIRECTION ( 'NONE',  ( -1.000000000000000000, 1.842184222276255350E-16, 0.000000000000000000 ) ) ;
#628 = CARTESIAN_POINT ( 'NONE',  ( 40.00000000000000000, 60.00000000000000711, 4.585786437626905077 ) ) ;
#629 = AXIS2_PLACEMENT_3D ( 'NONE', #1151, #182, #95 ) ;
#630 = ORIENTED_EDGE ( 'NONE', *, *, #1284, .F. ) ;
#631 = DIRECTION ( 'NONE',  ( 1.000000000000000000, 0.000000000000000000, 0.000000000000000000 ) ) ;
#632 = ORIENTED_EDGE ( 'NONE', *, *, #1328, .F. ) ;
#633 = VERTEX_POINT ( 'NONE', #1291 ) ;
#634 = FACE_BOUND ( 'NONE', #1374, .T. ) ;
#635 = CARTESIAN_POINT ( 'NONE',  ( 39.00000000000000000, 1.000000000000004885, 5.000000000000000000 ) ) ;
#636 = EDGE_LOOP ( 'NONE', ( #1263, #537, #140, #844 ) ) ;
#637 = CARTESIAN_POINT ( 'NONE',  ( 35.00000000000000711, 55.50000000000000000, 0.000000000000000000 ) ) ;
#638 = EDGE_CURVE ( 'NONE', #195, #346, #531, .T. ) ;
#639 = LINE ( 'NONE', #1059, #443 ) ;
#640 = CARTESIAN_POINT ( 'NONE',  ( 7.500000000000016875, 54.12500000000000000, 3.700000000000000178 ) ) ;
#641 = DIRECTION ( 'NONE',  ( -0.000000000000000000, -0.000000000000000000, -1.000000000000000000 ) ) ;
#642 = VECTOR ( 'NONE', #534, 1000.000000000000000 ) ;
#643 = CYLINDRICAL_SURFACE ( 'NONE', #1332, 1.149999999999998135 ) ;
#644 = ORIENTED_EDGE ( 'NONE', *, *, #837, .T. ) ;
#645 = EDGE_LOOP ( 'NONE', ( #458, #317, #119, #1026 ) ) ;
#646 = ADVANCED_FACE ( 'NONE', ( #786 ), #1334, .F. ) ;
#647 = DIRECTION ( 'NONE',  ( 1.000000000000000000, 1.734723475976807094E-16, 0.000000000000000000 ) ) ;
#648 = DIRECTION ( 'NONE',  ( 1.000000000000000000, 0.000000000000000000, 0.000000000000000000 ) ) ;
#649 = AXIS2_PLACEMENT_3D ( 'NONE', #1230, #388, #885 ) ;
#650 = CARTESIAN_POINT ( 'NONE',  ( 35.00000000000000711, 4.500000000000003553, 1.199999999999999956 ) ) ;
#651 = ORIENTED_EDGE ( 'NONE', *, *, #164, .T. ) ;
#652 = EDGE_LOOP ( 'NONE', ( #240, #275 ) ) ;
#653 = CARTESIAN_POINT ( 'NONE',  ( 5.000000000000007994, 4.500000000000003553, 1.199999999999999956 ) ) ;
#654 = ADVANCED_FACE ( 'NONE', ( #278 ), #1112, .F. ) ;
#655 = AXIS2_PLACEMENT_3D ( 'NONE', #1107, #152, #667 ) ;
#656 = CARTESIAN_POINT ( 'NONE',  ( 5.000000000000007994, 55.50000000000000000, 0.000000000000000000 ) ) ;
#657 = LINE ( 'NONE', #871, #138 ) ;
#658 = ORIENTED_EDGE ( 'NONE', *, *, #1058, .F. ) ;
#659 = VERTEX_POINT ( 'NONE', #1210 ) ;
#660 = DIRECTION ( 'NONE',  ( 1.000000000000000000, 0.000000000000000000, 0.000000000000000000 ) ) ;
#661 = VECTOR ( 'NONE', #910, 1000.000000000000000 ) ;
#662 = EDGE_CURVE ( 'NONE', #933, #73, #256, .T. ) ;
#663 = FACE_OUTER_BOUND ( 'NONE', #309, .T. ) ;
#664 = AXIS2_PLACEMENT_3D ( 'NONE', #323, #751, #1177 ) ;
#665 = CYLINDRICAL_SURFACE ( 'NONE', #1306, 1.149999999999999023 ) ;
#666 = VERTEX_POINT ( 'NONE', #1105 ) ;
#667 = DIRECTION ( 'NONE',  ( 1.000000000000000000, 0.000000000000000000, 0.000000000000000000 ) ) ;
#668 = ORIENTED_EDGE ( 'NONE', *, *, #497, .F. ) ;
#669 = ADVANCED_FACE ( 'NONE', ( #808 ), #491, .T. ) ;
#670 = DIRECTION ( 'NONE',  ( -1.264902534566421675E-16, -1.000000000000000000, 0.000000000000000000 ) ) ;
#671 = CARTESIAN_POINT ( 'NONE',  ( 5.000000000000007994, 4.500000000000003553, 2.600000000000000533 ) ) ;
#672 = VERTEX_POINT ( 'NONE', #697 ) ;
#673 = CARTESIAN_POINT ( 'NONE',  ( 5.000000000000007994, 4.500000000000003553, 2.600000000000000533 ) ) ;
#674 = VECTOR ( 'NONE', #247, 1000.000000000000000 ) ;
#675 = DIRECTION ( 'NONE',  ( -0.000000000000000000, 0.000000000000000000, -1.000000000000000000 ) ) ;
#676 = DIRECTION ( 'NONE',  ( 1.000000000000000000, 0.000000000000000000, 0.000000000000000000 ) ) ;
#677 = ORIENTED_EDGE ( 'NONE', *, *, #1276, .T. ) ;
#678 = EDGE_CURVE ( 'NONE', #523, #983, #909, .T. ) ;
#679 = FACE_OUTER_BOUND ( 'NONE', #238, .T. ) ;
#680 = ORIENTED_EDGE ( 'NONE', *, *, #1229, .T. ) ;
#681 = PLANE ( 'NONE',  #512 ) ;
#682 = DIRECTION ( 'NONE',  ( -1.000000000000000000, -1.224646799147353454E-16, 0.000000000000000000 ) ) ;
#683 = DIRECTION ( 'NONE',  ( -0.000000000000000000, 0.000000000000000000, -1.000000000000000000 ) ) ;
#684 = AXIS2_PLACEMENT_3D ( 'NONE', #76, #624, #196 ) ;
#685 = DIRECTION ( 'NONE',  ( -0.000000000000000000, -0.000000000000000000, 1.000000000000000000 ) ) ;
#686 = ADVANCED_FACE ( 'NONE', ( #1134, #499 ), #801, .T. ) ;
#687 = VERTEX_POINT ( 'NONE', #689 ) ;
#688 = CARTESIAN_POINT ( 'NONE',  ( 0.000000000000000000, 0.000000000000000000, 0.000000000000000000 ) ) ;
#689 = CARTESIAN_POINT ( 'NONE',  ( 40.00000000000000000, 4.898587196589413815E-15, 0.000000000000000000 ) ) ;
#690 = DIRECTION ( 'NONE',  ( 1.000000000000000000, 0.000000000000000000, 0.000000000000000000 ) ) ;
#691 = FILL_AREA_STYLE ('',( #344 ) ) ;
#692 = AXIS2_PLACEMENT_3D ( 'NONE', #483, #999, #900 ) ;
#693 = ORIENTED_EDGE ( 'NONE', *, *, #894, .T. ) ;
#694 = ADVANCED_FACE ( 'NONE', ( #180 ), #1350, .F. ) ;
#695 = VECTOR ( 'NONE', #539, 1000.000000000000000 ) ;
#696 = CARTESIAN_POINT ( 'NONE',  ( 32.85000000000000853, 4.500000000000003553, 5.000000000000000000 ) ) ;
#697 = CARTESIAN_POINT ( 'NONE',  ( 1.999999999999998224, 1.750000000000005107, 1.199999999999999956 ) ) ;
#698 = DIRECTION ( 'NONE',  ( -0.000000000000000000, -0.000000000000000000, 1.000000000000000000 ) ) ;
#699 = DIRECTION ( 'NONE',  ( -0.000000000000000000, -0.000000000000000000, -1.000000000000000000 ) ) ;
#700 = ORIENTED_EDGE ( 'NONE', *, *, #370, .T. ) ;
#701 = DIRECTION ( 'NONE',  ( -0.000000000000000000, -0.000000000000000000, -1.000000000000000000 ) ) ;
#702 = EDGE_CURVE ( 'NONE', #1123, #335, #600, .T. ) ;
#703 = DIRECTION ( 'NONE',  ( 1.224646799147353454E-16, -1.000000000000000000, 0.000000000000000000 ) ) ;
#704 = CIRCLE ( 'NONE', #1079, 1.149999999999998135 ) ;
#705 = CARTESIAN_POINT ( 'NONE',  ( 5.000000000000007994, 4.500000000000003553, 0.000000000000000000 ) ) ;
#706 = CARTESIAN_POINT ( 'NONE',  ( 32.50000000000001421, 57.12499999999999289, 3.700000000000000178 ) ) ;
#707 = CARTESIAN_POINT ( 'NONE',  ( 32.85000000000000853, 4.500000000000003553, 2.600000000000000533 ) ) ;
#708 = EDGE_LOOP ( 'NONE', ( #884, #1094, #834, #567 ) ) ;
#709 = AXIS2_PLACEMENT_3D ( 'NONE', #946, #960, #1275 ) ;
#710 = ORIENTED_EDGE ( 'NONE', *, *, #975, .T. ) ;
#711 = CARTESIAN_POINT ( 'NONE',  ( 38.00000000000000711, 58.24999999999999289, 0.000000000000000000 ) ) ;
#712 = FACE_BOUND ( 'NONE', #453, .T. ) ;
#713 = AXIS2_PLACEMENT_3D ( 'NONE', #374, #171, #59 ) ;
#714 = ADVANCED_FACE ( 'NONE', ( #264, #712 ), #66, .T. ) ;
#715 = CARTESIAN_POINT ( 'NONE',  ( 32.85000000000000853, 55.50000000000000000, 2.600000000000000533 ) ) ;
#716 = FACE_BOUND ( 'NONE', #652, .T. ) ;
#717 = ORIENTED_EDGE ( 'NONE', *, *, #702, .T. ) ;
#718 = ORIENTED_EDGE ( 'NONE', *, *, #113, .F. ) ;
#719 = CARTESIAN_POINT ( 'NONE',  ( 7.500000000000016875, 57.12499999999999289, 1.199999999999999956 ) ) ;
#720 = LINE ( 'NONE', #67, #993 ) ;
#721 = LINE ( 'NONE', #303, #1265 ) ;
#722 = CIRCLE ( 'NONE', #1030, 2.149999999999999023 ) ;
#723 = EDGE_CURVE ( 'NONE', #217, #741, #368, .T. ) ;
#724 = ORIENTED_EDGE ( 'NONE', *, *, #896, .F. ) ;
#725 = ORIENTED_EDGE ( 'NONE', *, *, #638, .F. ) ;
#726 = CARTESIAN_POINT ( 'NONE',  ( 39.58578643762690064, 59.58578643762690774, 5.000000000000000000 ) ) ;
#727 = CYLINDRICAL_SURFACE ( 'NONE', #1261, 1.149999999999999911 ) ;
#728 = FACE_OUTER_BOUND ( 'NONE', #515, .T. ) ;
#729 = ORIENTED_EDGE ( 'NONE', *, *, #497, .T. ) ;
#730 = EDGE_CURVE ( 'NONE', #343, #890, #1029, .T. ) ;
#731 = AXIS2_PLACEMENT_3D ( 'NONE', #409, #617, #609 ) ;
#732 = CARTESIAN_POINT ( 'NONE',  ( 2.000000000000008882, 58.25000000000000000, 0.000000000000000000 ) ) ;
#733 = ORIENTED_EDGE ( 'NONE', *, *, #1347, .T. ) ;
#734 = DIRECTION ( 'NONE',  ( -0.000000000000000000, -0.000000000000000000, -1.000000000000000000 ) ) ;
#735 = VERTEX_POINT ( 'NONE', #1357 ) ;
#736 = VERTEX_POINT ( 'NONE', #159 ) ;
#737 = CARTESIAN_POINT ( 'NONE',  ( 35.00000000000000711, 55.50000000000000000, 2.600000000000000533 ) ) ;
#738 = CARTESIAN_POINT ( 'NONE',  ( 40.00000000000000000, 4.898587196589413815E-15, 0.000000000000000000 ) ) ;
#739 = CIRCLE ( 'NONE', #450, 1.149999999999998135 ) ;
#740 = ORIENTED_EDGE ( 'NONE', *, *, #678, .T. ) ;
#741 = VERTEX_POINT ( 'NONE', #1000 ) ;
#742 = AXIS2_PLACEMENT_3D ( 'NONE', #656, #444, #227 ) ;
#743 = DIRECTION ( 'NONE',  ( -1.000000000000000000, 1.131341397376178819E-16, -0.000000000000000000 ) ) ;
#744 = LINE ( 'NONE', #395, #37 ) ;
#745 = ADVANCED_FACE ( 'NONE', ( #46 ), #793, .F. ) ;
#746 = DIRECTION ( 'NONE',  ( -0.000000000000000000, -0.000000000000000000, -1.000000000000000000 ) ) ;
#747 = ORIENTED_EDGE ( 'NONE', *, *, #1259, .T. ) ;
#748 = ORIENTED_EDGE ( 'NONE', *, *, #778, .F. ) ;
#749 = CARTESIAN_POINT ( 'NONE',  ( 40.00199999999999534, 6.999999999999994671, 3.500000000000000000 ) ) ;
#750 = DIRECTION ( 'NONE',  ( 0.000000000000000000, -0.000000000000000000, 1.000000000000000000 ) ) ;
#751 = DIRECTION ( 'NONE',  ( 0.000000000000000000, 1.000000000000000000, 0.000000000000000000 ) ) ;
#752 = EDGE_CURVE ( 'NONE', #1378, #1178, #52, .T. ) ;
#753 =( BOUNDED_CURVE ( )  B_SPLINE_CURVE ( 3, ( #519, #628, #726, #108 ),
 .UNSPECIFIED., .F., .F. ) 
 B_SPLINE_CURVE_WITH_KNOTS ( ( 4, 4 ),
 ( 0.000000000000000000, 1.570796326794896558 ),
 .UNSPECIFIED. ) 
 CURVE ( )  GEOMETRIC_REPRESENTATION_ITEM ( )  RATIONAL_B_SPLINE_CURVE ( ( 1.000000000000000000, 0.8047378541243649375, 0.8047378541243649375, 1.000000000000000000 ) ) 
 REPRESENTATION_ITEM ( '' )  );
#754 = ORIENTED_EDGE ( 'NONE', *, *, #1069, .F. ) ;
#755 = EDGE_LOOP ( 'NONE', ( #318, #284, #1273, #209, #733, #729 ) ) ;
#756 = CIRCLE ( 'NONE', #508, 1.149999999999998135 ) ;
#757 = DIRECTION ( 'NONE',  ( 1.000000000000000000, 0.000000000000000000, -0.000000000000000000 ) ) ;
#758 = FACE_BOUND ( 'NONE', #190, .T. ) ;
#759 = VECTOR ( 'NONE', #384, 1000.000000000000000 ) ;
#760 = PLANE ( 'NONE',  #185 ) ;
#761 = CYLINDRICAL_SURFACE ( 'NONE', #1245, 2.149999999999999023 ) ;
#762 = ORIENTED_EDGE ( 'NONE', *, *, #723, .F. ) ;
#763 = DIRECTION ( 'NONE',  ( 1.842184222276255596E-16, 1.000000000000000000, 0.000000000000000000 ) ) ;
#764 = EDGE_CURVE ( 'NONE', #860, #343, #956, .T. ) ;
#765 = DIRECTION ( 'NONE',  ( 1.000000000000000000, 0.000000000000000000, 0.000000000000000000 ) ) ;
#766 = CARTESIAN_POINT ( 'NONE',  ( 39.00000000000000000, 1.000000000000004885, 5.000000000000000000 ) ) ;
#767 = CARTESIAN_POINT ( 'NONE',  ( 5.000000000000007994, 55.50000000000000000, 2.600000000000000533 ) ) ;
#768 = ORIENTED_EDGE ( 'NONE', *, *, #438, .F. ) ;
#769 = VECTOR ( 'NONE', #145, 1000.000000000000000 ) ;
#770 = EDGE_CURVE ( 'NONE', #298, #659, #1302, .T. ) ;
#771 = DIRECTION ( 'NONE',  ( -1.508455196501571429E-16, -1.000000000000000000, 0.000000000000000000 ) ) ;
#772 = CIRCLE ( 'NONE', #172, 1.149999999999999023 ) ;
#773 = DIRECTION ( 'NONE',  ( -0.000000000000000000, -0.000000000000000000, 1.000000000000000000 ) ) ;
#774 = ORIENTED_EDGE ( 'NONE', *, *, #352, .F. ) ;
#775 = LINE ( 'NONE', #984, #251 ) ;
#776 = VECTOR ( 'NONE', #286, 1000.000000000000000 ) ;
#777 = ORIENTED_EDGE ( 'NONE', *, *, #814, .T. ) ;
#778 = EDGE_CURVE ( 'NONE', #985, #736, #1330, .T. ) ;
#779 = CARTESIAN_POINT ( 'NONE',  ( 35.00000000000000711, 4.500000000000003553, 0.000000000000000000 ) ) ;
#780 = DIRECTION ( 'NONE',  ( 1.927470528863119049E-16, 1.000000000000000000, -0.000000000000000000 ) ) ;
#781 = ORIENTED_EDGE ( 'NONE', *, *, #823, .F. ) ;
#782 = MANIFOLD_SOLID_BREP ( 'Boss-Extrude2', #1221 ) ;
#783 = VECTOR ( 'NONE', #242, 1000.000000000000000 ) ;
#784 = AXIS2_PLACEMENT_3D ( 'NONE', #673, #48, #1316 ) ;
#785 = DIRECTION ( 'NONE',  ( -1.000000000000000000, 0.000000000000000000, 0.000000000000000000 ) ) ;
#786 = FACE_OUTER_BOUND ( 'NONE', #434, .T. ) ;
#787 = ADVANCED_FACE ( 'NONE', ( #365 ), #259, .F. ) ;
#788 = DIRECTION ( 'NONE',  ( -0.000000000000000000, -0.000000000000000000, 1.000000000000000000 ) ) ;
#789 = DIRECTION ( 'NONE',  ( 0.000000000000000000, 0.000000000000000000, 1.000000000000000000 ) ) ;
#790 = ORIENTED_EDGE ( 'NONE', *, *, #1248, .T. ) ;
#791 = ORIENTED_EDGE ( 'NONE', *, *, #1276, .F. ) ;
#792 = DIRECTION ( 'NONE',  ( -1.000000000000000000, 0.000000000000000000, 0.000000000000000000 ) ) ;
#793 = PLANE ( 'NONE',  #1065 ) ;
#794 = CARTESIAN_POINT ( 'NONE',  ( 2.899999999999998135, 6.999999999999999112, 5.000000000000000000 ) ) ;
#795 = CIRCLE ( 'NONE', #194, 1.149999999999999023 ) ;
#796 = EDGE_CURVE ( 'NONE', #570, #428, #239, .T. ) ;
#797 = CARTESIAN_POINT ( 'NONE',  ( 1.734723475976816462E-16, 59.00000000000000000, 5.000000000000000000 ) ) ;
#798 = EDGE_CURVE ( 'NONE', #372, #523, #775, .T. ) ;
#799 = ORIENTED_EDGE ( 'NONE', *, *, #315, .F. ) ;
#800 = DIRECTION ( 'NONE',  ( 0.000000000000000000, 0.000000000000000000, 1.000000000000000000 ) ) ;
#801 = PLANE ( 'NONE',  #713 ) ;
#802 = DIRECTION ( 'NONE',  ( -0.000000000000000000, 1.000000000000000000, -0.000000000000000000 ) ) ;
#803 = CARTESIAN_POINT ( 'NONE',  ( 5.000000000000007994, 4.500000000000003553, 2.600000000000000533 ) ) ;
#804 = EDGE_LOOP ( 'NONE', ( #413, #1369, #1148, #1363 ) ) ;
#805 = AXIS2_PLACEMENT_3D ( 'NONE', #383, #919, #631 ) ;
#806 = EDGE_CURVE ( 'NONE', #346, #195, #722, .T. ) ;
#807 = CARTESIAN_POINT ( 'NONE',  ( 37.10000000000000142, 6.999999999999995559, 3.500000000000000000 ) ) ;
#808 = FACE_OUTER_BOUND ( 'NONE', #1361, .T. ) ;
#809 = DIRECTION ( 'NONE',  ( 1.000000000000000000, 0.000000000000000000, 0.000000000000000000 ) ) ;
#810 = FACE_BOUND ( 'NONE', #1208, .T. ) ;
#811 = CARTESIAN_POINT ( 'NONE',  ( 2.899999999999999023, 13.49999999999999822, 5.000000000000000000 ) ) ;
#812 = ORIENTED_EDGE ( 'NONE', *, *, #61, .F. ) ;
#813 = VERTEX_POINT ( 'NONE', #266 ) ;
#814 = EDGE_CURVE ( 'NONE', #186, #408, #117, .T. ) ;
#815 = DIRECTION ( 'NONE',  ( 1.508455196501571429E-16, 1.000000000000000000, 0.000000000000000000 ) ) ;
#816 = DIRECTION ( 'NONE',  ( 0.000000000000000000, 0.000000000000000000, 1.000000000000000000 ) ) ;
#817 = CARTESIAN_POINT ( 'NONE',  ( 35.00000000000000711, 4.500000000000003553, 2.600000000000000533 ) ) ;
#818 = DIRECTION ( 'NONE',  ( 1.000000000000000000, 0.000000000000000000, 0.000000000000000000 ) ) ;
#819 = ORIENTED_EDGE ( 'NONE', *, *, #1189, .F. ) ;
#820 = VECTOR ( 'NONE', #1036, 1000.000000000000000 ) ;
#821 = ORIENTED_EDGE ( 'NONE', *, *, #770, .T. ) ;
#822 = CARTESIAN_POINT ( 'NONE',  ( 37.10000000000000142, 6.999999999999999112, 1.199999999999999734 ) ) ;
#823 = EDGE_CURVE ( 'NONE', #1123, #1159, #1089, .T. ) ;
#824 = CYLINDRICAL_SURFACE ( 'NONE', #1062, 2.149999999999999023 ) ;
#825 = LINE ( 'NONE', #405, #973 ) ;
#826 = EDGE_LOOP ( 'NONE', ( #28, #614, #1170, #393 ) ) ;
#827 = ORIENTED_EDGE ( 'NONE', *, *, #1110, .T. ) ;
#828 = FACE_OUTER_BOUND ( 'NONE', #520, .T. ) ;
#829 = CARTESIAN_POINT ( 'NONE',  ( 37.10000000000000142, 6.999999999999999112, 5.000000000000000000 ) ) ;
#830 = DIRECTION ( 'NONE',  ( -1.228122814850837064E-16, -1.000000000000000000, -0.000000000000000000 ) ) ;
#831 = EDGE_CURVE ( 'NONE', #880, #1325, #1003, .T. ) ;
#832 = ORIENTED_EDGE ( 'NONE', *, *, #1100, .T. ) ;
#833 = CARTESIAN_POINT ( 'NONE',  ( 35.00000000000000711, 4.500000000000003553, 2.600000000000000533 ) ) ;
#834 = ORIENTED_EDGE ( 'NONE', *, *, #1328, .T. ) ;
#835 = FACE_BOUND ( 'NONE', #416, .T. ) ;
#836 = ORIENTED_EDGE ( 'NONE', *, *, #433, .F. ) ;
#837 = EDGE_CURVE ( 'NONE', #741, #913, #1074, .T. ) ;
#838 = ORIENTED_EDGE ( 'NONE', *, *, #730, .T. ) ;
#839 = CARTESIAN_POINT ( 'NONE',  ( 36.15000000000000568, 4.500000000000003553, 0.000000000000000000 ) ) ;
#840 = EDGE_CURVE ( 'NONE', #899, #612, #358, .T. ) ;
#841 = LINE ( 'NONE', #738, #1360 ) ;
#842 = EDGE_LOOP ( 'NONE', ( #1043, #693, #1354, #1027 ) ) ;
#843 = VERTEX_POINT ( 'NONE', #1095 ) ;
#844 = ORIENTED_EDGE ( 'NONE', *, *, #1092, .T. ) ;
#845 = CARTESIAN_POINT ( 'NONE',  ( 2.899999999999998135, 6.999999999999999112, 1.199999999999999734 ) ) ;
#846 = ADVANCED_FACE ( 'NONE', ( #881 ), #142, .F. ) ;
#847 = CYLINDRICAL_SURFACE ( 'NONE', #709, 1.000000000000000000 ) ;
#848 = EDGE_LOOP ( 'NONE', ( #651, #1388, #812, #658 ) ) ;
#849 = ORIENTED_EDGE ( 'NONE', *, *, #345, .F. ) ;
#850 = CARTESIAN_POINT ( 'NONE',  ( 2.899999999999999023, 13.49999999999999822, 3.500000000000000000 ) ) ;
#851 = ADVANCED_FACE ( 'NONE', ( #679 ), #350, .F. ) ;
#852 = PLANE ( 'NONE',  #1322 ) ;
#853 = ORIENTED_EDGE ( 'NONE', *, *, #478, .F. ) ;
#854 = EDGE_LOOP ( 'NONE', ( #940, #710 ) ) ;
#855 = CARTESIAN_POINT ( 'NONE',  ( 2.900000000000003464, 53.00000000000000000, 5.000000000000000000 ) ) ;
#856 = VECTOR ( 'NONE', #746, 1000.000000000000000 ) ;
#857 = LINE ( 'NONE', #220, #351 ) ;
#858 = CARTESIAN_POINT ( 'NONE',  ( 33.85000000000000853, 4.500000000000003553, 2.600000000000000533 ) ) ;
#859 = EDGE_CURVE ( 'NONE', #913, #741, #965, .T. ) ;
#860 = VERTEX_POINT ( 'NONE', #1017 ) ;
#861 = ORIENTED_EDGE ( 'NONE', *, *, #883, .F. ) ;
#862 = DIRECTION ( 'NONE',  ( 0.000000000000000000, 0.000000000000000000, 1.000000000000000000 ) ) ;
#863 = DIRECTION ( 'NONE',  ( 0.000000000000000000, 0.000000000000000000, 1.000000000000000000 ) ) ;
#864 = VECTOR ( 'NONE', #1046, 1000.000000000000000 ) ;
#865 = DIRECTION ( 'NONE',  ( -1.000000000000000000, 2.775557561562890858E-16, 0.000000000000000000 ) ) ;
#866 = VECTOR ( 'NONE', #314, 1000.000000000000000 ) ;
#867 = CARTESIAN_POINT ( 'NONE',  ( 0.000000000000000000, 0.000000000000000000, 3.700000000000000178 ) ) ;
#868 = ORIENTED_EDGE ( 'NONE', *, *, #778, .T. ) ;
#869 = EDGE_CURVE ( 'NONE', #1066, #1178, #1353, .T. ) ;
#870 = ORIENTED_EDGE ( 'NONE', *, *, #730, .F. ) ;
#871 = CARTESIAN_POINT ( 'NONE',  ( 1.000000000000000000, 0.000000000000000000, 5.000000000000000000 ) ) ;
#872 = CARTESIAN_POINT ( 'NONE',  ( 32.85000000000000853, 55.50000000000000000, 2.600000000000000533 ) ) ;
#873 = ORIENTED_EDGE ( 'NONE', *, *, #1100, .F. ) ;
#874 = DIRECTION ( 'NONE',  ( -0.000000000000000000, -0.000000000000000000, 1.000000000000000000 ) ) ;
#875 = VECTOR ( 'NONE', #1121, 1000.000000000000000 ) ;
#876 = CARTESIAN_POINT ( 'NONE',  ( 7.500000000000016875, 54.12500000000000000, 1.199999999999999956 ) ) ;
#877 = AXIS2_PLACEMENT_3D ( 'NONE', #555, #126, #538 ) ;
#878 = CIRCLE ( 'NONE', #1173, 2.149999999999999023 ) ;
#879 = DIRECTION ( 'NONE',  ( 1.000000000000000000, 0.000000000000000000, 0.000000000000000000 ) ) ;
#880 = VERTEX_POINT ( 'NONE', #1234 ) ;
#881 = FACE_OUTER_BOUND ( 'NONE', #842, .T. ) ;
#882 = AXIS2_PLACEMENT_3D ( 'NONE', #381, #484, #924 ) ;
#883 = EDGE_CURVE ( 'NONE', #1178, #252, #1116, .T. ) ;
#884 = ORIENTED_EDGE ( 'NONE', *, *, #549, .F. ) ;
#885 = DIRECTION ( 'NONE',  ( 1.000000000000000000, 0.000000000000000000, 0.000000000000000000 ) ) ;
#886 = LINE ( 'NONE', #1319, #1207 ) ;
#887 = AXIS2_PLACEMENT_3D ( 'NONE', #157, #170, #1125 ) ;
#888 = DIRECTION ( 'NONE',  ( -0.000000000000000000, -0.000000000000000000, 1.000000000000000000 ) ) ;
#889 = DIRECTION ( 'NONE',  ( 1.000000000000000000, -0.000000000000000000, -0.000000000000000000 ) ) ;
#890 = VERTEX_POINT ( 'NONE', #62 ) ;
#891 = VERTEX_POINT ( 'NONE', #911 ) ;
#892 = VECTOR ( 'NONE', #30, 1000.000000000000000 ) ;
#893 = DIRECTION ( 'NONE',  ( 1.000000000000000000, 0.000000000000000000, 0.000000000000000000 ) ) ;
#894 = EDGE_CURVE ( 'NONE', #1073, #954, #161, .T. ) ;
#895 = CARTESIAN_POINT ( 'NONE',  ( 2.900000000000003464, 53.00000000000000000, 5.000000000000000000 ) ) ;
#896 = EDGE_CURVE ( 'NONE', #666, #1196, #1345, .T. ) ;
#897 = PLANE ( 'NONE',  #235 ) ;
#898 = DIRECTION ( 'NONE',  ( -0.000000000000000000, -0.000000000000000000, 1.000000000000000000 ) ) ;
#899 = VERTEX_POINT ( 'NONE', #1130 ) ;
#900 = DIRECTION ( 'NONE',  ( 1.000000000000000000, 0.000000000000000000, 0.000000000000000000 ) ) ;
#901 = DIRECTION ( 'NONE',  ( 1.334402673828313339E-16, 1.000000000000000000, 0.000000000000000000 ) ) ;
#902 = CYLINDRICAL_SURFACE ( 'NONE', #477, 2.149999999999999023 ) ;
#903 = VECTOR ( 'NONE', #417, 1000.000000000000000 ) ;
#904 = ADVANCED_FACE ( 'NONE', ( #176 ), #604, .T. ) ;
#905 = CARTESIAN_POINT ( 'NONE',  ( 6.150000000000007461, 4.500000000000003553, 2.600000000000000533 ) ) ;
#906 = APPLICATION_CONTEXT ( 'automotive_design' ) ;
#907 = ORIENTED_EDGE ( 'NONE', *, *, #1006, .F. ) ;
#908 = LINE ( 'NONE', #1340, #1047 ) ;
#909 = LINE ( 'NONE', #1126, #776 ) ;
#910 = DIRECTION ( 'NONE',  ( 1.000000000000000000, 1.224646799147353454E-16, -0.000000000000000000 ) ) ;
#911 = CARTESIAN_POINT ( 'NONE',  ( 2.850000000000008527, 4.500000000000003553, 5.000000000000000000 ) ) ;
#912 = EDGE_CURVE ( 'NONE', #425, #386, #589, .T. ) ;
#913 = VERTEX_POINT ( 'NONE', #905 ) ;
#914 = VECTOR ( 'NONE', #1054, 1000.000000000000000 ) ;
#915 = FACE_OUTER_BOUND ( 'NONE', #804, .T. ) ;
#916 = VECTOR ( 'NONE', #1085, 1000.000000000000000 ) ;
#917 = DIRECTION ( 'NONE',  ( -0.000000000000000000, -0.000000000000000000, 1.000000000000000000 ) ) ;
#918 = DIRECTION ( 'NONE',  ( -0.000000000000000000, -0.000000000000000000, 1.000000000000000000 ) ) ;
#919 = DIRECTION ( 'NONE',  ( 0.000000000000000000, 0.000000000000000000, 1.000000000000000000 ) ) ;
#920 = DIRECTION ( 'NONE',  ( -2.312964634635740689E-15, 1.000000000000000000, 0.000000000000000000 ) ) ;
#921 = ORIENTED_EDGE ( 'NONE', *, *, #998, .F. ) ;
#922 = ORIENTED_EDGE ( 'NONE', *, *, #1025, .T. ) ;
#923 = EDGE_CURVE ( 'NONE', #584, #985, #168, .T. ) ;
#924 = DIRECTION ( 'NONE',  ( 1.000000000000000000, 0.000000000000000000, 0.000000000000000000 ) ) ;
#925 = CARTESIAN_POINT ( 'NONE',  ( 37.10000000000000142, 6.999999999999999112, 5.000000000000000000 ) ) ;
#926 = CARTESIAN_POINT ( 'NONE',  ( 5.000000000000007994, 55.50000000000000000, 2.600000000000000533 ) ) ;
#927 = EDGE_LOOP ( 'NONE', ( #1286, #1293 ) ) ;
#928 = ORIENTED_EDGE ( 'NONE', *, *, #770, .F. ) ;
#929 = EDGE_CURVE ( 'NONE', #1371, #1066, #599, .T. ) ;
#930 = DIRECTION ( 'NONE',  ( -1.000000000000000000, -1.224646799147353454E-16, 0.000000000000000000 ) ) ;
#931 = DIRECTION ( 'NONE',  ( -1.000000000000000000, -1.224646799147353454E-16, -0.000000000000000000 ) ) ;
#932 = CARTESIAN_POINT ( 'NONE',  ( 38.00000000000000000, 1.750000000000000444, 0.000000000000000000 ) ) ;
#933 = VERTEX_POINT ( 'NONE', #1333 ) ;
#934 = CIRCLE ( 'NONE', #692, 2.149999999999999023 ) ;
#935 = VERTEX_POINT ( 'NONE', #1153 ) ;
#936 = AXIS2_PLACEMENT_3D ( 'NONE', #319, #1172, #757 ) ;
#937 = CARTESIAN_POINT ( 'NONE',  ( 37.10000000000000142, 13.49999999999999467, 5.000000000000000000 ) ) ;
#938 = ADVANCED_FACE ( 'NONE', ( #915 ), #367, .F. ) ;
#939 =( BOUNDED_CURVE ( )  B_SPLINE_CURVE ( 3, ( #1167, #1247, #187, #635 ),
 .UNSPECIFIED., .F., .F. ) 
 B_SPLINE_CURVE_WITH_KNOTS ( ( 4, 4 ),
 ( 0.000000000000000000, 1.570796326794896558 ),
 .UNSPECIFIED. ) 
 CURVE ( )  GEOMETRIC_REPRESENTATION_ITEM ( )  RATIONAL_B_SPLINE_CURVE ( ( 1.000000000000000000, 0.8047378541243649375, 0.8047378541243649375, 1.000000000000000000 ) ) 
 REPRESENTATION_ITEM ( '' )  );
#940 = ORIENTED_EDGE ( 'NONE', *, *, #455, .T. ) ;
#941 = CARTESIAN_POINT ( 'NONE',  ( 37.10000000000000142, 6.999999999999999112, 5.000000000000000000 ) ) ;
#942 = ADVANCED_FACE ( 'NONE', ( #586 ), #591, .F. ) ;
#943 = PRODUCT_DEFINITION_CONTEXT ( 'detailed design', #545, 'design' ) ;
#944 = ORIENTED_EDGE ( 'NONE', *, *, #831, .F. ) ;
#945 = CARTESIAN_POINT ( 'NONE',  ( 0.4142135623730951455, 59.58578643762690774, 5.000000000000000000 ) ) ;
#946 = CARTESIAN_POINT ( 'NONE',  ( 39.00000000000000000, 0.000000000000000000, 4.000000000000000000 ) ) ;
#947 = ORIENTED_EDGE ( 'NONE', *, *, #1229, .F. ) ;
#948 = ORIENTED_EDGE ( 'NONE', *, *, #233, .T. ) ;
#949 = ADVANCED_FACE ( 'NONE', ( #1104 ), #1209, .F. ) ;
#950 = ORIENTED_EDGE ( 'NONE', *, *, #894, .F. ) ;
#951 = CARTESIAN_POINT ( 'NONE',  ( 37.10000000000000142, 13.49999999999999467, 3.500000000000000000 ) ) ;
#952 = VECTOR ( 'NONE', #1297, 1000.000000000000000 ) ;
#953 = DIRECTION ( 'NONE',  ( 1.000000000000000000, 0.000000000000000000, 0.000000000000000000 ) ) ;
#954 = VERTEX_POINT ( 'NONE', #696 ) ;
#955 = CARTESIAN_POINT ( 'NONE',  ( 37.10000000000000853, 53.00000000000000000, 5.000000000000000000 ) ) ;
#956 = CIRCLE ( 'NONE', #313, 2.149999999999999023 ) ;
#957 = ORIENTED_EDGE ( 'NONE', *, *, #568, .F. ) ;
#958 = FACE_OUTER_BOUND ( 'NONE', #1041, .T. ) ;
#959 = EDGE_CURVE ( 'NONE', #343, #860, #1296, .T. ) ;
#960 = DIRECTION ( 'NONE',  ( 0.000000000000000000, -1.000000000000000000, 0.000000000000000000 ) ) ;
#961 = CARTESIAN_POINT ( 'NONE',  ( 2.899999999999998135, 6.999999999999999112, 3.500000000000000000 ) ) ;
#962 = DIRECTION ( 'NONE',  ( -1.000000000000000000, 0.000000000000000000, 0.000000000000000000 ) ) ;
#963 = VECTOR ( 'NONE', #456, 1000.000000000000000 ) ;
#964 = ORIENTED_EDGE ( 'NONE', *, *, #1102, .F. ) ;
#965 = CIRCLE ( 'NONE', #1142, 1.149999999999999911 ) ;
#966 = FACE_OUTER_BOUND ( 'NONE', #222, .T. ) ;
#967 = DIRECTION ( 'NONE',  ( -0.000000000000000000, -0.000000000000000000, 1.000000000000000000 ) ) ;
#968 = ADVANCED_FACE ( 'NONE', ( #1216 ), #255, .F. ) ;
#969 = DIRECTION ( 'NONE',  ( 0.000000000000000000, 0.000000000000000000, 1.000000000000000000 ) ) ;
#970 = EDGE_LOOP ( 'NONE', ( #1072, #406, #1214, #1011 ) ) ;
#971 = ORIENTED_EDGE ( 'NONE', *, *, #85, .T. ) ;
#972 = LINE ( 'NONE', #640, #695 ) ;
#973 = VECTOR ( 'NONE', #296, 1000.000000000000000 ) ;
#974 = FACE_BOUND ( 'NONE', #645, .T. ) ;
#975 = EDGE_CURVE ( 'NONE', #103, #244, #89, .T. ) ;
#976 = CARTESIAN_POINT ( 'NONE',  ( 32.50000000000002132, 54.12499999999999289, 3.700000000000000178 ) ) ;
#977 = DIRECTION ( 'NONE',  ( -1.228122814850837064E-16, -1.000000000000000000, -0.000000000000000000 ) ) ;
#978 = ORIENTED_EDGE ( 'NONE', *, *, #370, .F. ) ;
#979 = PRESENTATION_STYLE_ASSIGNMENT (( #128 ) ) ;
#980 = CARTESIAN_POINT ( 'NONE',  ( 0.000000000000000000, 60.00000000000000000, 4.000000000000000000 ) ) ;
#981 = VECTOR ( 'NONE', #331, 1000.000000000000000 ) ;
#982 = CARTESIAN_POINT ( 'NONE',  ( 35.00000000000000711, 4.500000000000003553, 5.000000000000000000 ) ) ;
#983 = VERTEX_POINT ( 'NONE', #92 ) ;
#984 = CARTESIAN_POINT ( 'NONE',  ( 32.50000000000001421, 57.12499999999999289, 1.199999999999999956 ) ) ;
#985 = VERTEX_POINT ( 'NONE', #198 ) ;
#986 = CARTESIAN_POINT ( 'NONE',  ( 2.899999999999998135, 6.999999999999999112, 5.000000000000000000 ) ) ;
#987 = FACE_OUTER_BOUND ( 'NONE', #1139, .T. ) ;
#988 = ORIENTED_EDGE ( 'NONE', *, *, #662, .T. ) ;
#989 = CARTESIAN_POINT ( 'NONE',  ( 5.000000000000007994, 55.50000000000000000, 2.600000000000000533 ) ) ;
#990 = ADVANCED_FACE ( 'NONE', ( #490 ), #58, .F. ) ;
#991 = ORIENTED_EDGE ( 'NONE', *, *, #1284, .T. ) ;
#992 = CARTESIAN_POINT ( 'NONE',  ( 5.000000000000007994, 55.50000000000000000, 1.199999999999999956 ) ) ;
#993 = VECTOR ( 'NONE', #273, 1000.000000000000000 ) ;
#994 = CARTESIAN_POINT ( 'NONE',  ( 37.15000000000001279, 4.500000000000003553, 2.600000000000000533 ) ) ;
#995 = DIRECTION ( 'NONE',  ( 1.000000000000000000, -1.131341397376178819E-16, 0.000000000000000000 ) ) ;
#996 = CIRCLE ( 'NONE', #1175, 2.149999999999999023 ) ;
#997 = ORIENTED_EDGE ( 'NONE', *, *, #504, .T. ) ;
#998 = EDGE_CURVE ( 'NONE', #408, #186, #934, .T. ) ;
#999 = DIRECTION ( 'NONE',  ( 0.000000000000000000, 0.000000000000000000, 1.000000000000000000 ) ) ;
#1000 = CARTESIAN_POINT ( 'NONE',  ( 3.850000000000008082, 4.500000000000003553, 2.600000000000000533 ) ) ;
#1001 = AXIS2_PLACEMENT_3D ( 'NONE', #65, #1326, #1013 ) ;
#1002 = CARTESIAN_POINT ( 'NONE',  ( 5.000000000000007994, 55.50000000000000000, 0.000000000000000000 ) ) ;
#1003 = LINE ( 'NONE', #134, #892 ) ;
#1004 = VERTEX_POINT ( 'NONE', #711 ) ;
#1005 = CARTESIAN_POINT ( 'NONE',  ( 0.000000000000000000, 0.000000000000000000, 5.000000000000000000 ) ) ;
#1006 = EDGE_CURVE ( 'NONE', #1222, #330, #1223, .T. ) ;
#1007 = DIRECTION ( 'NONE',  ( 1.000000000000000000, 0.000000000000000000, 0.000000000000000000 ) ) ;
#1008 = DIRECTION ( 'NONE',  ( -0.000000000000000000, -0.000000000000000000, 1.000000000000000000 ) ) ;
#1009 = CARTESIAN_POINT ( 'NONE',  ( 32.50000000000001421, 57.12499999999999289, 3.700000000000000178 ) ) ;
#1010 = UNCERTAINTY_MEASURE_WITH_UNIT (LENGTH_MEASURE( 1.000000000000000082E-05 ), #561, 'distance_accuracy_value', 'NONE');
#1011 = ORIENTED_EDGE ( 'NONE', *, *, #551, .F. ) ;
#1012 = AXIS2_PLACEMENT_3D ( 'NONE', #794, #1106, #21 ) ;
#1013 = DIRECTION ( 'NONE',  ( 1.000000000000000000, 0.000000000000000000, 0.000000000000000000 ) ) ;
#1014 = DIRECTION ( 'NONE',  ( 1.000000000000000000, 0.000000000000000000, 0.000000000000000000 ) ) ;
#1015 = ADVANCED_FACE ( 'NONE', ( #1349 ), #681, .F. ) ;
#1016 = FACE_OUTER_BOUND ( 'NONE', #1052, .T. ) ;
#1017 = CARTESIAN_POINT ( 'NONE',  ( 2.850000000000008527, 4.500000000000003553, 2.600000000000000533 ) ) ;
#1018 = ORIENTED_EDGE ( 'NONE', *, *, #522, .F. ) ;
#1019 = VECTOR ( 'NONE', #1239, 1000.000000000000000 ) ;
#1020 = DIRECTION ( 'NONE',  ( -0.000000000000000000, -0.000000000000000000, 1.000000000000000000 ) ) ;
#1021 = CARTESIAN_POINT ( 'NONE',  ( -1.224646799147353454E-16, 1.000000000000000000, 4.000000000000000000 ) ) ;
#1022 = DIRECTION ( 'NONE',  ( -0.000000000000000000, 0.000000000000000000, -1.000000000000000000 ) ) ;
#1023 = DIRECTION ( 'NONE',  ( -0.000000000000000000, -0.000000000000000000, -1.000000000000000000 ) ) ;
#1024 = CARTESIAN_POINT ( 'NONE',  ( -1.023486850826316028E-14, 59.00000000000000000, 4.000000000000000000 ) ) ;
#1025 = EDGE_CURVE ( 'NONE', #672, #510, #1318, .T. ) ;
#1026 = ORIENTED_EDGE ( 'NONE', *, *, #678, .F. ) ;
#1027 = ORIENTED_EDGE ( 'NONE', *, *, #114, .F. ) ;
#1028 = AXIS2_PLACEMENT_3D ( 'NONE', #332, #340, #765 ) ;
#1029 = LINE ( 'NONE', #580, #290 ) ;
#1030 = AXIS2_PLACEMENT_3D ( 'NONE', #989, #245, #1206 ) ;
#1031 = CARTESIAN_POINT ( 'NONE',  ( 35.00000000000000711, 4.500000000000003553, 1.199999999999999956 ) ) ;
#1032 = CARTESIAN_POINT ( 'NONE',  ( 35.00000000000000711, 4.500000000000003553, 2.600000000000000533 ) ) ;
#1033 = ORIENTED_EDGE ( 'NONE', *, *, #1069, .T. ) ;
#1034 = ADVANCED_FACE ( 'NONE', ( #263, #360 ), #468, .F. ) ;
#1035 = ORIENTED_EDGE ( 'NONE', *, *, #1058, .T. ) ;
#1036 = DIRECTION ( 'NONE',  ( 1.000000000000000000, 0.000000000000000000, -0.000000000000000000 ) ) ;
#1037 = DIRECTION ( 'NONE',  ( -0.000000000000000000, -0.000000000000000000, 1.000000000000000000 ) ) ;
#1038 = CARTESIAN_POINT ( 'NONE',  ( 5.000000000000007994, 55.50000000000000000, 5.000000000000000000 ) ) ;
#1039 = AXIS2_PLACEMENT_3D ( 'NONE', #1044, #507, #818 ) ;
#1040 = ORIENTED_EDGE ( 'NONE', *, *, #113, .T. ) ;
#1041 = EDGE_LOOP ( 'NONE', ( #546, #418, #717, #441 ) ) ;
#1042 = CARTESIAN_POINT ( 'NONE',  ( 40.00000000000000000, 60.00000000000000711, 0.000000000000000000 ) ) ;
#1043 = ORIENTED_EDGE ( 'NONE', *, *, #621, .F. ) ;
#1044 = CARTESIAN_POINT ( 'NONE',  ( 35.00000000000000711, 55.50000000000000000, 2.600000000000000533 ) ) ;
#1045 = ORIENTED_EDGE ( 'NONE', *, *, #613, .T. ) ;
#1046 = DIRECTION ( 'NONE',  ( -0.000000000000000000, -0.000000000000000000, -1.000000000000000000 ) ) ;
#1047 = VECTOR ( 'NONE', #379, 1000.000000000000000 ) ;
#1048 = LINE ( 'NONE', #193, #575 ) ;
#1049 = EDGE_CURVE ( 'NONE', #335, #985, #908, .T. ) ;
#1050 = ORIENTED_EDGE ( 'NONE', *, *, #433, .T. ) ;
#1051 = CARTESIAN_POINT ( 'NONE',  ( 33.85000000000000853, 55.50000000000000000, 2.600000000000000533 ) ) ;
#1052 = EDGE_LOOP ( 'NONE', ( #762, #991, #435, #71 ) ) ;
#1053 = EDGE_LOOP ( 'NONE', ( #197, #1236, #1310, #553 ) ) ;
#1054 = DIRECTION ( 'NONE',  ( -0.000000000000000000, -0.000000000000000000, -1.000000000000000000 ) ) ;
#1055 = PLANE ( 'NONE',  #598 ) ;
#1056 = EDGE_LOOP ( 'NONE', ( #184, #907, #204, #1339 ) ) ;
#1057 = DIRECTION ( 'NONE',  ( 1.000000000000000000, 0.000000000000000000, 0.000000000000000000 ) ) ;
#1058 = EDGE_CURVE ( 'NONE', #267, #620, #526, .T. ) ;
#1059 = CARTESIAN_POINT ( 'NONE',  ( 2.899999999999998135, 6.999999999999999112, 1.199999999999999734 ) ) ;
#1060 = SHAPE_DEFINITION_REPRESENTATION ( #1143, #424 ) ;
#1061 = LINE ( 'NONE', #429, #380 ) ;
#1062 = AXIS2_PLACEMENT_3D ( 'NONE', #817, #1037, #1366 ) ;
#1063 = DIRECTION ( 'NONE',  ( 1.000000000000000000, 0.000000000000000000, 0.000000000000000000 ) ) ;
#1064 = FACE_OUTER_BOUND ( 'NONE', #1117, .T. ) ;
#1065 = AXIS2_PLACEMENT_3D ( 'NONE', #470, #587, #1217 ) ;
#1066 = VERTEX_POINT ( 'NONE', #951 ) ;
#1067 = ORIENTED_EDGE ( 'NONE', *, *, #1076, .F. ) ;
#1068 = LINE ( 'NONE', #548, #1298 ) ;
#1069 = EDGE_CURVE ( 'NONE', #1159, #687, #1181, .T. ) ;
#1070 = LINE ( 'NONE', #543, #540 ) ;
#1071 = DIRECTION ( 'NONE',  ( -0.000000000000000000, 0.000000000000000000, -1.000000000000000000 ) ) ;
#1072 = ORIENTED_EDGE ( 'NONE', *, *, #1154, .T. ) ;
#1073 = VERTEX_POINT ( 'NONE', #1082 ) ;
#1074 = CIRCLE ( 'NONE', #784, 1.149999999999999911 ) ;
#1075 = PLANE ( 'NONE',  #513 ) ;
#1076 = EDGE_CURVE ( 'NONE', #890, #891, #339, .T. ) ;
#1077 = FACE_OUTER_BOUND ( 'NONE', #517, .T. ) ;
#1078 = DIRECTION ( 'NONE',  ( 1.000000000000000000, 0.000000000000000000, 0.000000000000000000 ) ) ;
#1079 = AXIS2_PLACEMENT_3D ( 'NONE', #1031, #479, #1335 ) ;
#1080 = ORIENTED_EDGE ( 'NONE', *, *, #85, .F. ) ;
#1081 = ORIENTED_EDGE ( 'NONE', *, *, #1373, .F. ) ;
#1082 = CARTESIAN_POINT ( 'NONE',  ( 32.85000000000000853, 4.500000000000003553, 2.600000000000000533 ) ) ;
#1083 = AXIS2_PLACEMENT_3D ( 'NONE', #1032, #1157, #203 ) ;
#1084 = ADVANCED_FACE ( 'NONE', ( #966, #1 ), #219, .T. ) ;
#1085 = DIRECTION ( 'NONE',  ( 0.000000000000000000, 1.000000000000000000, 0.000000000000000000 ) ) ;
#1086 = DIRECTION ( 'NONE',  ( -0.000000000000000000, -0.000000000000000000, 1.000000000000000000 ) ) ;
#1087 = VECTOR ( 'NONE', #1007, 1000.000000000000000 ) ;
#1088 = EDGE_LOOP ( 'NONE', ( #35, #1163, #489, #821 ) ) ;
#1089 = LINE ( 'NONE', #569, #611 ) ;
#1090 = ORIENTED_EDGE ( 'NONE', *, *, #814, .F. ) ;
#1091 = FACE_OUTER_BOUND ( 'NONE', #399, .T. ) ;
#1092 = EDGE_CURVE ( 'NONE', #400, #843, #1295, .T. ) ;
#1093 = FACE_OUTER_BOUND ( 'NONE', #482, .T. ) ;
#1094 = ORIENTED_EDGE ( 'NONE', *, *, #806, .F. ) ;
#1095 = CARTESIAN_POINT ( 'NONE',  ( 7.500000000000016875, 54.12500000000000000, 1.199999999999999956 ) ) ;
#1096 = VECTOR ( 'NONE', #556, 1000.000000000000000 ) ;
#1097 = ORIENTED_EDGE ( 'NONE', *, *, #752, .F. ) ;
#1098 = LINE ( 'NONE', #144, #362 ) ;
#1099 = LINE ( 'NONE', #1307, #167 ) ;
#1100 = EDGE_CURVE ( 'NONE', #300, #148, #421, .T. ) ;
#1101 = CARTESIAN_POINT ( 'NONE',  ( 0.000000000000000000, 0.000000000000000000, 0.000000000000000000 ) ) ;
#1102 = EDGE_CURVE ( 'NONE', #110, #217, #90, .T. ) ;
#1103 = EDGE_LOOP ( 'NONE', ( #467, #623 ) ) ;
#1104 = FACE_OUTER_BOUND ( 'NONE', #848, .T. ) ;
#1105 = CARTESIAN_POINT ( 'NONE',  ( 33.85000000000000853, 55.50000000000000000, 1.199999999999999956 ) ) ;
#1106 = DIRECTION ( 'NONE',  ( -1.000000000000000000, 1.131341397376178572E-16, 0.000000000000000000 ) ) ;
#1107 = CARTESIAN_POINT ( 'NONE',  ( 35.00000000000000711, 55.50000000000000000, 5.000000000000000000 ) ) ;
#1108 = AXIS2_PLACEMENT_3D ( 'NONE', #348, #683, #559 ) ;
#1109 = ORIENTED_EDGE ( 'NONE', *, *, #594, .T. ) ;
#1110 = EDGE_CURVE ( 'NONE', #1371, #1378, #17, .T. ) ;
#1111 = DIRECTION ( 'NONE',  ( 0.000000000000000000, 0.000000000000000000, 1.000000000000000000 ) ) ;
#1112 = CYLINDRICAL_SURFACE ( 'NONE', #1199, 1.149999999999999911 ) ;
#1113 = VECTOR ( 'NONE', #475, 1000.000000000000000 ) ;
#1114 = DIRECTION ( 'NONE',  ( 1.000000000000000000, 0.000000000000000000, 0.000000000000000000 ) ) ;
#1115 = AXIS2_PLACEMENT_3D ( 'NONE', #653, #532, #10 ) ;
#1116 = LINE ( 'NONE', #811, #224 ) ;
#1117 = EDGE_LOOP ( 'NONE', ( #291, #410, #819, #957 ) ) ;
#1118 = ADVANCED_FACE ( 'NONE', ( #958 ), #1075, .F. ) ;
#1119 = DIRECTION ( 'NONE',  ( 1.000000000000000000, 0.000000000000000000, -0.000000000000000000 ) ) ;
#1120 = CARTESIAN_POINT ( 'NONE',  ( 3.850000000000008082, 4.500000000000003553, 0.000000000000000000 ) ) ;
#1121 = DIRECTION ( 'NONE',  ( 1.000000000000000000, -1.927470528863119049E-16, -0.000000000000000000 ) ) ;
#1122 = DIRECTION ( 'NONE',  ( 1.000000000000000000, 2.312964634635740689E-15, -0.000000000000000000 ) ) ;
#1123 = VERTEX_POINT ( 'NONE', #1166 ) ;
#1124 = AXIS2_PLACEMENT_3D ( 'NONE', #867, #342, #581 ) ;
#1125 = DIRECTION ( 'NONE',  ( 0.000000000000000000, 0.000000000000000000, 1.000000000000000000 ) ) ;
#1126 = CARTESIAN_POINT ( 'NONE',  ( 32.50000000000002132, 54.12499999999999289, 1.199999999999999956 ) ) ;
#1127 = DIRECTION ( 'NONE',  ( 1.000000000000000000, 0.000000000000000000, 0.000000000000000000 ) ) ;
#1128 = CARTESIAN_POINT ( 'NONE',  ( 2.850000000000008971, 55.50000000000000000, 5.000000000000000000 ) ) ;
#1129 = VECTOR ( 'NONE', #698, 1000.000000000000000 ) ;
#1130 = CARTESIAN_POINT ( 'NONE',  ( 33.85000000000000853, 4.500000000000003553, 1.199999999999999956 ) ) ;
#1131 = EDGE_LOOP ( 'NONE', ( #169, #1185, #1308, #777 ) ) ;
#1132 = ORIENTED_EDGE ( 'NONE', *, *, #869, .F. ) ;
#1133 = VECTOR ( 'NONE', #371, 1000.000000000000000 ) ;
#1134 = FACE_OUTER_BOUND ( 'NONE', #1103, .T. ) ;
#1135 = FACE_OUTER_BOUND ( 'NONE', #292, .T. ) ;
#1136 = CARTESIAN_POINT ( 'NONE',  ( 0.000000000000000000, 0.000000000000000000, 5.000000000000000000 ) ) ;
#1137 = EDGE_CURVE ( 'NONE', #983, #843, #1068, .T. ) ;
#1138 = ORIENTED_EDGE ( 'NONE', *, *, #1373, .T. ) ;
#1139 = EDGE_LOOP ( 'NONE', ( #605, #849, #944, #525 ) ) ;
#1140 = VECTOR ( 'NONE', #771, 1000.000000000000000 ) ;
#1141 = CARTESIAN_POINT ( 'NONE',  ( 2.899999999999998135, 6.999999999999999112, 5.000000000000000000 ) ) ;
#1142 = AXIS2_PLACEMENT_3D ( 'NONE', #803, #699, #487 ) ;
#1143 = PRODUCT_DEFINITION_SHAPE ( 'NONE', 'NONE',  #377 ) ;
#1144 = CARTESIAN_POINT ( 'NONE',  ( 37.15000000000001279, 55.50000000000000000, 5.000000000000000000 ) ) ;
#1145 = DIRECTION ( 'NONE',  ( -0.000000000000000000, -0.000000000000000000, 1.000000000000000000 ) ) ;
#1146 = EDGE_CURVE ( 'NONE', #400, #425, #972, .T. ) ;
#1147 = EDGE_LOOP ( 'NONE', ( #747, #231, #133, #922 ) ) ;
#1148 = ORIENTED_EDGE ( 'NONE', *, *, #912, .F. ) ;
#1149 = DIRECTION ( 'NONE',  ( -1.000000000000000000, 1.131341397376178819E-16, -0.000000000000000000 ) ) ;
#1150 = LINE ( 'NONE', #1232, #661 ) ;
#1151 = CARTESIAN_POINT ( 'NONE',  ( 0.000000000000000000, 0.000000000000000000, 5.000000000000000000 ) ) ;
#1152 = EDGE_LOOP ( 'NONE', ( #577, #1380, #1317, #997 ) ) ;
#1153 = CARTESIAN_POINT ( 'NONE',  ( 36.15000000000000568, 55.50000000000000000, 1.199999999999999956 ) ) ;
#1154 = EDGE_CURVE ( 'NONE', #659, #584, #129, .T. ) ;
#1155 = DIRECTION ( 'NONE',  ( -0.000000000000000000, -0.000000000000000000, -1.000000000000000000 ) ) ;
#1156 = ORIENTED_EDGE ( 'NONE', *, *, #208, .T. ) ;
#1157 = DIRECTION ( 'NONE',  ( -0.000000000000000000, -0.000000000000000000, -1.000000000000000000 ) ) ;
#1158 = VERTEX_POINT ( 'NONE', #1376 ) ;
#1159 = VERTEX_POINT ( 'NONE', #338 ) ;
#1160 = VECTOR ( 'NONE', #743, 1000.000000000000000 ) ;
#1161 = EDGE_CURVE ( 'NONE', #425, #372, #1061, .T. ) ;
#1162 = CARTESIAN_POINT ( 'NONE',  ( 39.00000000000000000, 59.00000000000000711, 5.000000000000000000 ) ) ;
#1163 = ORIENTED_EDGE ( 'NONE', *, *, #201, .T. ) ;
#1164 = CARTESIAN_POINT ( 'NONE',  ( 35.00000000000000711, 55.50000000000000000, 0.000000000000000000 ) ) ;
#1165 = ORIENTED_EDGE ( 'NONE', *, *, #585, .T. ) ;
#1166 = CARTESIAN_POINT ( 'NONE',  ( 40.00000000000000000, 60.00000000000000711, 4.000000000000000000 ) ) ;
#1167 = CARTESIAN_POINT ( 'NONE',  ( 40.00000000000000000, 4.898587196589413815E-15, 4.000000000000000000 ) ) ;
#1168 = FACE_OUTER_BOUND ( 'NONE', #1246, .T. ) ;
#1169 = EDGE_CURVE ( 'NONE', #672, #880, #1268, .T. ) ;
#1170 = ORIENTED_EDGE ( 'NONE', *, *, #104, .T. ) ;
#1171 = ORIENTED_EDGE ( 'NONE', *, *, #1336, .T. ) ;
#1172 = DIRECTION ( 'NONE',  ( 0.000000000000000000, 0.000000000000000000, 1.000000000000000000 ) ) ;
#1173 = AXIS2_PLACEMENT_3D ( 'NONE', #833, #200, #1063 ) ;
#1174 = DIRECTION ( 'NONE',  ( 1.000000000000000000, 0.000000000000000000, -0.000000000000000000 ) ) ;
#1175 = AXIS2_PLACEMENT_3D ( 'NONE', #982, #132, #690 ) ;
#1176 = PLANE ( 'NONE',  #610 ) ;
#1177 = DIRECTION ( 'NONE',  ( 0.000000000000000000, 0.000000000000000000, 1.000000000000000000 ) ) ;
#1178 = VERTEX_POINT ( 'NONE', #850 ) ;
#1179 = ORIENTED_EDGE ( 'NONE', *, *, #1180, .T. ) ;
#1180 = EDGE_CURVE ( 'NONE', #933, #148, #326, .T. ) ;
#1181 = LINE ( 'NONE', #414, #981 ) ;
#1182 = AXIS2_PLACEMENT_3D ( 'NONE', #51, #792, #373 ) ;
#1183 = DIRECTION ( 'NONE',  ( -1.000000000000000000, 1.264902534566421675E-16, 0.000000000000000000 ) ) ;
#1184 = CARTESIAN_POINT ( 'NONE',  ( 5.000000000000007994, 55.50000000000000000, 2.600000000000000533 ) ) ;
#1185 = ORIENTED_EDGE ( 'NONE', *, *, #455, .F. ) ;
#1186 = EDGE_LOOP ( 'NONE', ( #560, #606, #1033, #357 ) ) ;
#1187 = PRODUCT_CONTEXT ( 'NONE', #906, 'mechanical' ) ;
#1188 = CARTESIAN_POINT ( 'NONE',  ( 5.000000000000007994, 4.500000000000003553, 5.000000000000000000 ) ) ;
#1189 = EDGE_CURVE ( 'NONE', #448, #1196, #739, .T. ) ;
#1190 = CARTESIAN_POINT ( 'NONE',  ( 35.00000000000000711, 55.50000000000000000, 2.600000000000000533 ) ) ;
#1191 = LINE ( 'NONE', #1203, #783 ) ;
#1192 = AXIS2_PLACEMENT_3D ( 'NONE', #492, #1022, #595 ) ;
#1193 = CARTESIAN_POINT ( 'NONE',  ( 1.000000000000000000, 1.000000000000000222, 5.000000000000000000 ) ) ;
#1194 = ORIENTED_EDGE ( 'NONE', *, *, #2, .F. ) ;
#1195 = ADVANCED_FACE ( 'NONE', ( #207, #634, #98, #716, #835, #810 ), #493, .T. ) ;
#1196 = VERTEX_POINT ( 'NONE', #1051 ) ;
#1197 = CARTESIAN_POINT ( 'NONE',  ( 38.00000000000000000, 1.750000000000000444, 1.199999999999999956 ) ) ;
#1198 = DIRECTION ( 'NONE',  ( 1.000000000000000000, 0.000000000000000000, 0.000000000000000000 ) ) ;
#1199 = AXIS2_PLACEMENT_3D ( 'NONE', #74, #917, #607 ) ;
#1200 = ORIENTED_EDGE ( 'NONE', *, *, #796, .T. ) ;
#1201 = ORIENTED_EDGE ( 'NONE', *, *, #764, .F. ) ;
#1202 = EDGE_CURVE ( 'NONE', #891, #890, #24, .T. ) ;
#1203 = CARTESIAN_POINT ( 'NONE',  ( 2.850000000000008971, 55.50000000000000000, 2.600000000000000533 ) ) ;
#1204 = DIRECTION ( 'NONE',  ( -1.000000000000000000, 1.927470528863119049E-16, 0.000000000000000000 ) ) ;
#1205 = ORIENTED_EDGE ( 'NONE', *, *, #1110, .F. ) ;
#1206 = DIRECTION ( 'NONE',  ( 1.000000000000000000, 0.000000000000000000, 0.000000000000000000 ) ) ;
#1207 = VECTOR ( 'NONE', #361, 1000.000000000000000 ) ;
#1208 = EDGE_LOOP ( 'NONE', ( #948, #91, #1165, #988 ) ) ;
#1209 = CYLINDRICAL_SURFACE ( 'NONE', #294, 1.149999999999998135 ) ;
#1210 = CARTESIAN_POINT ( 'NONE',  ( 1.000000000000000000, 59.00000000000000000, 5.000000000000000000 ) ) ;
#1211 = CARTESIAN_POINT ( 'NONE',  ( 6.150000000000007461, 55.50000000000000000, 0.000000000000000000 ) ) ;
#1212 = ADVANCED_FACE ( 'NONE', ( #602, #1343 ), #1264, .T. ) ;
#1213 = ORIENTED_EDGE ( 'NONE', *, *, #1238, .T. ) ;
#1214 = ORIENTED_EDGE ( 'NONE', *, *, #53, .F. ) ;
#1215 = VECTOR ( 'NONE', #1241, 1000.000000000000000 ) ;
#1216 = FACE_OUTER_BOUND ( 'NONE', #1186, .T. ) ;
#1217 = DIRECTION ( 'NONE',  ( 1.228122814850836818E-16, 1.000000000000000000, 0.000000000000000000 ) ) ;
#1218 = CYLINDRICAL_SURFACE ( 'NONE', #1377, 2.149999999999999023 ) ;
#1219 = DIRECTION ( 'NONE',  ( -0.000000000000000000, -1.000000000000000000, -0.000000000000000000 ) ) ;
#1220 = EDGE_CURVE ( 'NONE', #1304, #736, #391, .T. ) ;
#1221 = CLOSED_SHELL ( 'NONE', ( #11, #1294, #70, #846, #949, #446, #1365, #654, #122, #387, #199, #1356, #147, #514, #287, #968, #1118, #990, #1195, #1034, #154, #411, #714, #215, #1084, #183, #1212, #694, #686, #34, #469, #1015, #558, #745, #42, #942, #541, #851, #938, #141, #904, #1338, #336, #669, #646, #787 ) ) ;
#1222 = VERTEX_POINT ( 'NONE', #310 ) ;
#1223 = LINE ( 'NONE', #270, #337 ) ;
#1224 = CARTESIAN_POINT ( 'NONE',  ( 5.000000000000007994, 4.500000000000003553, 2.600000000000000533 ) ) ;
#1225 = CARTESIAN_POINT ( 'NONE',  ( 36.15000000000000568, 4.500000000000003553, 1.199999999999999956 ) ) ;
#1226 = VECTOR ( 'NONE', #763, 1000.000000000000000 ) ;
#1227 = CARTESIAN_POINT ( 'NONE',  ( 40.00199999999999534, 13.49999999999999467, 3.500000000000000000 ) ) ;
#1228 = ORIENTED_EDGE ( 'NONE', *, *, #276, .T. ) ;
#1229 = EDGE_CURVE ( 'NONE', #666, #935, #135, .T. ) ;
#1230 = CARTESIAN_POINT ( 'NONE',  ( 5.000000000000007994, 4.500000000000003553, 2.600000000000000533 ) ) ;
#1231 = CARTESIAN_POINT ( 'NONE',  ( 40.00199999999999534, 6.999999999999994671, 3.500000000000000000 ) ) ;
#1232 = CARTESIAN_POINT ( 'NONE',  ( 40.00000000000000000, 1.000000000000005107, 5.000000000000000000 ) ) ;
#1233 = CARTESIAN_POINT ( 'NONE',  ( 35.00000000000000711, 55.50000000000000000, 2.600000000000000533 ) ) ;
#1234 = CARTESIAN_POINT ( 'NONE',  ( 2.000000000000008882, 58.25000000000000000, 1.199999999999999956 ) ) ;
#1235 = ORIENTED_EDGE ( 'NONE', *, *, #929, .F. ) ;
#1236 = ORIENTED_EDGE ( 'NONE', *, *, #723, .T. ) ;
#1237 = DIRECTION ( 'NONE',  ( -1.842184222276255350E-16, -1.000000000000000000, 0.000000000000000000 ) ) ;
#1238 = EDGE_CURVE ( 'NONE', #612, #620, #80, .T. ) ;
#1239 = DIRECTION ( 'NONE',  ( -0.000000000000000000, -0.000000000000000000, 1.000000000000000000 ) ) ;
#1240 = LINE ( 'NONE', #715, #1129 ) ;
#1241 = DIRECTION ( 'NONE',  ( 1.842184222276255596E-16, 1.000000000000000000, 0.000000000000000000 ) ) ;
#1242 = VECTOR ( 'NONE', #802, 1000.000000000000000 ) ;
#1243 = PRODUCT ( 'front-v0', 'front-v0', '', ( #1187 ) ) ;
#1244 = ORIENTED_EDGE ( 'NONE', *, *, #1252, .T. ) ;
#1245 = AXIS2_PLACEMENT_3D ( 'NONE', #230, #265, #879 ) ;
#1246 = EDGE_LOOP ( 'NONE', ( #724, #680, #94, #41 ) ) ;
#1247 = CARTESIAN_POINT ( 'NONE',  ( 40.00000000000000000, 4.987329993433320396E-15, 4.585786437626905077 ) ) ;
#1248 = EDGE_CURVE ( 'NONE', #1371, #349, #1367, .T. ) ;
#1249 = CARTESIAN_POINT ( 'NONE',  ( 2.899999999999999023, 13.49999999999999822, 5.000000000000000000 ) ) ;
#1250 = LINE ( 'NONE', #706, #619 ) ;
#1251 = AXIS2_PLACEMENT_3D ( 'NONE', #1024, #480, #495 ) ;
#1252 = EDGE_CURVE ( 'NONE', #386, #523, #1250, .T. ) ;
#1253 = ORIENTED_EDGE ( 'NONE', *, *, #613, .F. ) ;
#1254 = ORIENTED_EDGE ( 'NONE', *, *, #1202, .T. ) ;
#1255 = PLANE ( 'NONE',  #218 ) ;
#1256 = MECHANICAL_DESIGN_GEOMETRIC_PRESENTATION_REPRESENTATION (  '', ( #431 ), #299 ) ;
#1257 = FACE_OUTER_BOUND ( 'NONE', #708, .T. ) ;
#1258 = DIRECTION ( 'NONE',  ( 0.000000000000000000, 0.000000000000000000, 1.000000000000000000 ) ) ;
#1259 = EDGE_CURVE ( 'NONE', #510, #385, #1352, .T. ) ;
#1260 = ORIENTED_EDGE ( 'NONE', *, *, #1238, .F. ) ;
#1261 = AXIS2_PLACEMENT_3D ( 'NONE', #705, #181, #1342 ) ;
#1262 = DIRECTION ( 'NONE',  ( 0.000000000000000000, 1.000000000000000000, 0.000000000000000000 ) ) ;
#1263 = ORIENTED_EDGE ( 'NONE', *, *, #488, .T. ) ;
#1264 = PLANE ( 'NONE',  #205 ) ;
#1265 = VECTOR ( 'NONE', #1145, 1000.000000000000000 ) ;
#1266 = VERTEX_POINT ( 'NONE', #1128 ) ;
#1267 = EDGE_LOOP ( 'NONE', ( #1201, #1171, #1254, #870 ) ) ;
#1268 = LINE ( 'NONE', #1282, #1226 ) ;
#1269 = CIRCLE ( 'NONE', #63, 2.149999999999999023 ) ;
#1270 = DIRECTION ( 'NONE',  ( 0.000000000000000000, -0.000000000000000000, -1.000000000000000000 ) ) ;
#1271 = EDGE_LOOP ( 'NONE', ( #950, #626, #125, #179 ) ) ;
#1272 =( NAMED_UNIT ( * ) PLANE_ANGLE_UNIT ( ) SI_UNIT ( $, .RADIAN. ) );
#1273 = ORIENTED_EDGE ( 'NONE', *, *, #321, .T. ) ;
#1274 = DIRECTION ( 'NONE',  ( 1.131341397376178572E-16, 1.000000000000000000, 0.000000000000000000 ) ) ;
#1275 = DIRECTION ( 'NONE',  ( 0.000000000000000000, 0.000000000000000000, -1.000000000000000000 ) ) ;
#1276 = EDGE_CURVE ( 'NONE', #1266, #261, #127, .T. ) ;
#1277 = CIRCLE ( 'NONE', #494, 1.149999999999998135 ) ;
#1278 = LINE ( 'NONE', #5, #903 ) ;
#1279 = VERTEX_POINT ( 'NONE', #82 ) ;
#1280 = ORIENTED_EDGE ( 'NONE', *, *, #201, .F. ) ;
#1281 = APPLICATION_PROTOCOL_DEFINITION ( 'draft international standard', 'automotive_design', 1998, #545 ) ;
#1282 = CARTESIAN_POINT ( 'NONE',  ( 1.999999999999998224, 1.750000000000005107, 1.199999999999999956 ) ) ;
#1283 = CYLINDRICAL_SURFACE ( 'NONE', #742, 1.149999999999999023 ) ;
#1284 = EDGE_CURVE ( 'NONE', #217, #110, #16, .T. ) ;
#1285 = LINE ( 'NONE', #955, #856 ) ;
#1286 = ORIENTED_EDGE ( 'NONE', *, *, #422, .T. ) ;
#1287 = EDGE_LOOP ( 'NONE', ( #312, #644 ) ) ;
#1288 = DIRECTION ( 'NONE',  ( -0.000000000000000000, -0.000000000000000000, -1.000000000000000000 ) ) ;
#1289 = CARTESIAN_POINT ( 'NONE',  ( 3.850000000000008971, 55.50000000000000000, 2.600000000000000533 ) ) ;
#1290 = AXIS2_PLACEMENT_3D ( 'NONE', #671, #773, #1198 ) ;
#1291 = CARTESIAN_POINT ( 'NONE',  ( 37.10000000000000142, 13.49999999999999822, 5.000000000000000000 ) ) ;
#1292 = FACE_OUTER_BOUND ( 'NONE', #1267, .T. ) ;
#1293 = ORIENTED_EDGE ( 'NONE', *, *, #1309, .T. ) ;
#1294 = ADVANCED_FACE ( 'NONE', ( #728 ), #175, .F. ) ;
#1295 = LINE ( 'NONE', #518, #914 ) ;
#1296 = CIRCLE ( 'NONE', #649, 2.149999999999999023 ) ;
#1297 = DIRECTION ( 'NONE',  ( -0.000000000000000000, -0.000000000000000000, -1.000000000000000000 ) ) ;
#1298 = VECTOR ( 'NONE', #212, 1000.000000000000000 ) ;
#1299 = DIRECTION ( 'NONE',  ( -0.000000000000000000, -0.000000000000000000, 1.000000000000000000 ) ) ;
#1300 = FACE_OUTER_BOUND ( 'NONE', #1152, .T. ) ;
#1301 = EDGE_LOOP ( 'NONE', ( #1348, #1109, #1035, #1260 ) ) ;
#1302 = LINE ( 'NONE', #797, #1133 ) ;
#1303 = EDGE_CURVE ( 'NONE', #1004, #330, #68, .T. ) ;
#1304 = VERTEX_POINT ( 'NONE', #289 ) ;
#1305 = DIRECTION ( 'NONE',  ( -2.775557561562890858E-16, -1.000000000000000000, 0.000000000000000000 ) ) ;
#1306 = AXIS2_PLACEMENT_3D ( 'NONE', #1002, #1086, #369 ) ;
#1307 = CARTESIAN_POINT ( 'NONE',  ( 38.00000000000000000, 1.750000000000000444, 1.199999999999999956 ) ) ;
#1308 = ORIENTED_EDGE ( 'NONE', *, *, #478, .T. ) ;
#1309 = EDGE_CURVE ( 'NONE', #428, #325, #795, .T. ) ;
#1310 = ORIENTED_EDGE ( 'NONE', *, *, #859, .F. ) ;
#1311 = VECTOR ( 'NONE', #1149, 1000.000000000000000 ) ;
#1312 = CARTESIAN_POINT ( 'NONE',  ( 37.10000000000000142, 6.999999999999999112, 1.199999999999999734 ) ) ;
#1313 = DIRECTION ( 'NONE',  ( -0.000000000000000000, -0.000000000000000000, -1.000000000000000000 ) ) ;
#1314 = AXIS2_PLACEMENT_3D ( 'NONE', #1021, #682, #703 ) ;
#1315 = ORIENTED_EDGE ( 'NONE', *, *, #29, .F. ) ;
#1316 = DIRECTION ( 'NONE',  ( 1.000000000000000000, 0.000000000000000000, 0.000000000000000000 ) ) ;
#1317 = ORIENTED_EDGE ( 'NONE', *, *, #522, .T. ) ;
#1318 = LINE ( 'NONE', #285, #864 ) ;
#1319 = CARTESIAN_POINT ( 'NONE',  ( 32.50000000000002132, 54.12499999999999289, 3.700000000000000178 ) ) ;
#1320 = PLANE ( 'NONE',  #1012 ) ;
#1321 = SURFACE_STYLE_FILL_AREA ( #691 ) ;
#1322 = AXIS2_PLACEMENT_3D ( 'NONE', #121, #750, #1174 ) ;
#1323 = VECTOR ( 'NONE', #685, 1000.000000000000000 ) ;
#1324 = ORIENTED_EDGE ( 'NONE', *, *, #975, .F. ) ;
#1325 = VERTEX_POINT ( 'NONE', #516 ) ;
#1326 = DIRECTION ( 'NONE',  ( 0.000000000000000000, 0.000000000000000000, 1.000000000000000000 ) ) ;
#1327 = DIRECTION ( 'NONE',  ( -0.000000000000000000, -0.000000000000000000, -1.000000000000000000 ) ) ;
#1328 = EDGE_CURVE ( 'NONE', #346, #261, #825, .T. ) ;
#1329 = FACE_OUTER_BOUND ( 'NONE', #25, .T. ) ;
#1330 = LINE ( 'NONE', #1101, #354 ) ;
#1331 = ORIENTED_EDGE ( 'NONE', *, *, #352, .T. ) ;
#1332 = AXIS2_PLACEMENT_3D ( 'NONE', #1164, #214, #210 ) ;
#1333 = CARTESIAN_POINT ( 'NONE',  ( 2.900000000000003464, 53.00000000000000000, 5.000000000000000000 ) ) ;
#1334 = PLANE ( 'NONE',  #177 ) ;
#1335 = DIRECTION ( 'NONE',  ( 1.000000000000000000, 0.000000000000000000, 0.000000000000000000 ) ) ;
#1336 = EDGE_CURVE ( 'NONE', #860, #891, #721, .T. ) ;
#1337 = DIRECTION ( 'NONE',  ( -0.000000000000000000, -0.000000000000000000, 1.000000000000000000 ) ) ;
#1338 = ADVANCED_FACE ( 'NONE', ( #189 ), #328, .T. ) ;
#1339 = ORIENTED_EDGE ( 'NONE', *, *, #345, .T. ) ;
#1340 = CARTESIAN_POINT ( 'NONE',  ( 0.000000000000000000, 60.00000000000000000, 0.000000000000000000 ) ) ;
#1341 = DIRECTION ( 'NONE',  ( 1.000000000000000000, 0.000000000000000000, -0.000000000000000000 ) ) ;
#1342 = DIRECTION ( 'NONE',  ( 1.000000000000000000, 0.000000000000000000, 0.000000000000000000 ) ) ;
#1343 = FACE_BOUND ( 'NONE', #33, .T. ) ;
#1344 = VECTOR ( 'NONE', #1274, 1000.000000000000000 ) ;
#1345 = LINE ( 'NONE', #282, #465 ) ;
#1346 = ORIENTED_EDGE ( 'NONE', *, *, #1336, .F. ) ;
#1347 = EDGE_CURVE ( 'NONE', #73, #1279, #1285, .T. ) ;
#1348 = ORIENTED_EDGE ( 'NONE', *, *, #840, .F. ) ;
#1349 = FACE_OUTER_BOUND ( 'NONE', #1147, .T. ) ;
#1350 = CYLINDRICAL_SURFACE ( 'NONE', #882, 2.149999999999999023 ) ;
#1351 = CARTESIAN_POINT ( 'NONE',  ( 35.00000000000000711, 4.500000000000003553, 5.000000000000000000 ) ) ;
#1352 = LINE ( 'NONE', #521, #1215 ) ;
#1353 = LINE ( 'NONE', #1227, #759 ) ;
#1354 = ORIENTED_EDGE ( 'NONE', *, *, #20, .T. ) ;
#1355 = ORIENTED_EDGE ( 'NONE', *, *, #621, .T. ) ;
#1356 = ADVANCED_FACE ( 'NONE', ( #1168 ), #643, .F. ) ;
#1357 = CARTESIAN_POINT ( 'NONE',  ( 6.150000000000007461, 55.50000000000000000, 1.199999999999999956 ) ) ;
#1358 = DIRECTION ( 'NONE',  ( 1.508455196501571429E-16, 1.000000000000000000, 0.000000000000000000 ) ) ;
#1359 = DIRECTION ( 'NONE',  ( -0.000000000000000000, -0.000000000000000000, -1.000000000000000000 ) ) ;
#1360 = VECTOR ( 'NONE', #505, 1000.000000000000000 ) ;
#1361 = EDGE_LOOP ( 'NONE', ( #564, #15, #1331, #1280 ) ) ;
#1362 = AXIS2_PLACEMENT_3D ( 'NONE', #39, #780, #1204 ) ;
#1363 = ORIENTED_EDGE ( 'NONE', *, *, #1161, .T. ) ;
#1364 = DIRECTION ( 'NONE',  ( 0.000000000000000000, -1.000000000000000000, 0.000000000000000000 ) ) ;
#1365 = ADVANCED_FACE ( 'NONE', ( #1064 ), #109, .F. ) ;
#1366 = DIRECTION ( 'NONE',  ( 1.000000000000000000, 0.000000000000000000, 0.000000000000000000 ) ) ;
#1367 = LINE ( 'NONE', #941, #260 ) ;
#1368 = VECTOR ( 'NONE', #55, 1000.000000000000000 ) ;
#1369 = ORIENTED_EDGE ( 'NONE', *, *, #1252, .F. ) ;
#1370 = CARTESIAN_POINT ( 'NONE',  ( 7.500000000000016875, 54.12500000000000000, 3.700000000000000178 ) ) ;
#1371 = VERTEX_POINT ( 'NONE', #426 ) ;
#1372 = DIRECTION ( 'NONE',  ( 1.000000000000000000, 0.000000000000000000, -0.000000000000000000 ) ) ;
#1373 = EDGE_CURVE ( 'NONE', #736, #687, #1278, .T. ) ;
#1374 = EDGE_LOOP ( 'NONE', ( #1090, #921 ) ) ;
#1375 = ORIENTED_EDGE ( 'NONE', *, *, #638, .T. ) ;
#1376 = CARTESIAN_POINT ( 'NONE',  ( 37.15000000000001279, 4.500000000000003553, 5.000000000000000000 ) ) ;
#1377 = AXIS2_PLACEMENT_3D ( 'NONE', #767, #788, #1114 ) ;
#1378 = VERTEX_POINT ( 'NONE', #961 ) ;
#1379 =( NAMED_UNIT ( * ) SI_UNIT ( $, .STERADIAN. ) SOLID_ANGLE_UNIT ( ) );
#1380 = ORIENTED_EDGE ( 'NONE', *, *, #912, .T. ) ;
#1381 = AXIS2_PLACEMENT_3D ( 'NONE', #75, #188, #930 ) ;
#1382 = ORIENTED_EDGE ( 'NONE', *, *, #249, .T. ) ;
#1383 = DIRECTION ( 'NONE',  ( -0.000000000000000000, -0.000000000000000000, 1.000000000000000000 ) ) ;
#1384 = AXIS2_PLACEMENT_3D ( 'NONE', #992, #1071, #123 ) ;
#1385 = CARTESIAN_POINT ( 'NONE',  ( 7.500000000000016875, 57.12499999999999289, 3.700000000000000178 ) ) ;
#1386 = EDGE_LOOP ( 'NONE', ( #262, #216, #118, #928 ) ) ;
#1387 =( LENGTH_UNIT ( ) NAMED_UNIT ( * ) SI_UNIT ( .MILLI., .METRE. ) );
#1388 = ORIENTED_EDGE ( 'NONE', *, *, #840, .T. ) ;
#1389 = VERTEX_POINT ( 'NONE', #102 ) ;
ENDSEC;
END-ISO-10303-21;
